-7.509292e-02,2.268140e-02,2.810882e-01,6.616455e-02,-3.841756e-03,1.424315e-01,-2.657593e-02,-9.956450e-03,5.379007e-02,1.426482e-01,-9.371248e-02,2.497164e-02,-2.935599e-02,2.729665e-02,9.880875e-02,-2.475035e-02,-8.935583e-02,5.230885e-02,1.424911e-01,6.683194e-03,2.046705e-02,6.417878e-02,8.634019e-02,4.687784e-02,-5.044365e-02,7.304442e-02,4.383026e-02,1.560064e-01,1.115862e-02,1.648295e-03,-8.361879e-02,-1.724846e-01,-3.847789e-01,5.796263e-02,-7.142134e-02,7.599006e-02,2.594547e-01,-3.388346e-02,-6.572027e-02,-6.135721e-02,6.670014e-02,3.539476e-02,-1.223205e-01,1.023747e-01,3.117941e-02,8.997595e-02,3.267851e-02,-1.602796e-02,-5.179089e-02,4.504567e-02,
-5.468739e-02,-1.223780e-03,-2.067223e-04,-9.255752e-02,4.246695e-02,4.642305e-02,1.120397e-01,6.100934e-02,2.197987e-02,8.418018e-03,-3.967977e-02,-3.827408e-02,-5.805297e-02,1.917068e-02,4.586162e-02,1.120337e-01,-4.074154e-02,4.877323e-02,-5.378449e-02,-1.418433e-02,-2.054443e-01,6.196230e-02,9.705093e-02,1.142881e-02,-1.534060e-02,-8.574083e-02,1.085919e-01,-9.137688e-02,-1.215841e-02,2.378492e-01,-4.978992e-02,-9.929007e-02,1.923755e-02,-6.883171e-02,-6.840108e-02,-2.766630e-02,1.942489e-02,-5.041370e-02,-8.531791e-02,6.145835e-02,9.289415e-02,-7.973586e-02,-2.540019e-02,5.025756e-02,8.608952e-03,-2.267979e-01,2.898172e-02,-1.000860e-01,-7.715566e-02,-9.741876e-02,
-1.043257e-01,-1.871712e-01,6.312888e-03,2.033262e-02,-1.280303e-01,4.676437e-03,5.785838e-02,-2.466431e-02,-1.303271e-01,5.965282e-02,1.139340e-01,2.009839e-02,-9.744799e-02,4.036672e-02,2.847129e-02,1.811844e-01,5.799063e-02,3.524828e-02,-2.103876e-01,-3.782692e-01,-7.517666e-02,4.289178e-02,-9.306332e-03,5.212468e-02,1.690073e-01,1.622360e-03,-2.063700e-02,3.672263e-02,4.301625e-02,2.235004e-02,9.864390e-02,-7.983458e-02,-4.694394e-02,-3.364495e-03,1.484866e-02,3.014245e-02,-1.094262e-01,6.500944e-02,-3.763110e-02,3.394877e-02,7.576582e-02,8.498912e-03,3.733202e-02,1.328191e-02,2.325014e-02,2.314186e-02,9.072960e-02,1.086098e-01,-1.924754e-02,-9.809451e-02,
-4.836293e-02,2.530085e-02,-4.230985e-02,-4.815378e-02,-4.615679e-02,-1.549290e-03,-7.609964e-02,-2.940063e-02,-6.055437e-02,-1.406419e-02,9.627469e-02,-8.935932e-02,-2.455371e-02,-2.456278e-02,-5.966277e-02,1.156070e-01,1.624779e-02,-3.149755e-02,3.380262e-02,-1.534090e-01,6.623646e-02,-3.157957e-02,-1.181705e-01,-3.803048e-02,9.810314e-02,1.462708e-01,-5.567305e-02,-5.340400e-03,4.396565e-02,-1.312007e-01,-6.178932e-02,-2.694792e-01,1.416249e-01,9.642454e-02,3.168241e-02,8.173741e-02,-6.250437e-02,-3.341103e-02,-8.610164e-02,1.876721e-02,-7.244904e-02,9.347141e-04,-8.892864e-02,1.038246e-01,-1.654304e-01,-6.414299e-02,-5.338566e-03,-1.822907e-01,-3.929141e-02,-5.212531e-02,
-7.786229e-02,5.109298e-02,-7.055041e-02,3.651751e-02,-9.512155e-02,-1.177564e-01,-2.054240e-02,-2.823230e-02,-3.432578e-02,-1.800600e-01,1.690538e-01,-1.192354e-01,-9.872134e-03,-1.159776e-02,-7.674327e-02,-4.828392e-02,-2.113926e-01,-8.451164e-03,2.697233e-02,3.477223e-02,4.369259e-02,-1.280836e-02,-1.000432e-02,-1.608716e-02,-4.410339e-02,-3.781868e-02,-2.346209e-03,-5.276350e-02,2.208632e-02,-3.348478e-02,5.763123e-02,-1.185367e-01,5.248150e-02,-8.748121e-02,-2.094481e-02,4.748517e-02,-1.582792e-02,2.551629e-02,2.750376e-02,2.200417e-03,-5.550464e-02,-1.496121e-01,-8.702218e-02,1.996771e-02,-4.586620e-02,7.931194e-02,-8.275139e-02,-1.068083e-01,1.252968e-01,6.851846e-02,
-3.533560e-02,2.629465e-02,-3.253440e-02,-1.460738e-02,8.824956e-03,-1.014757e-02,-1.034753e-01,4.120707e-02,7.631705e-03,-5.289151e-02,-2.097112e-02,-2.342018e-02,2.752582e-01,1.107922e-02,-1.063592e-01,-1.005251e-01,3.891080e-02,3.442651e-02,2.421678e-02,-3.078854e-02,-1.583165e-02,5.926679e-02,1.130759e-02,-2.503375e-02,-4.882149e-02,-2.208789e-02,3.484620e-02,8.761646e-03,2.146698e-02,-9.703516e-02,4.872349e-02,-1.740540e-01,3.095343e-02,1.127426e-01,1.106400e-01,5.241309e-02,-4.512380e-02,-3.109922e-03,-6.571924e-02,1.762580e-03,2.533911e-02,-1.301358e-01,2.669580e-02,-1.382801e-01,1.099694e-01,8.324525e-02,7.820355e-02,9.636310e-02,-1.172413e-01,1.631184e-01,
-4.113863e-02,3.070824e-02,-3.297978e-02,-7.265821e-02,3.551037e-02,1.068210e-02,-3.351128e-02,5.202103e-02,1.747665e-01,2.533866e-02,-3.156675e-02,3.319103e-02,-5.315059e-02,-1.740527e-02,-1.386416e-01,-1.529900e-01,-8.501347e-03,-8.856082e-02,-1.856683e-02,-7.088781e-02,-8.838272e-02,6.799339e-02,1.657910e-02,1.736456e-02,-6.757863e-02,5.528126e-02,-3.574877e-02,-1.093554e-01,9.371144e-03,-3.135329e-02,-4.803656e-02,2.267753e-01,-1.012020e-01,1.615521e-01,4.869290e-02,-1.518895e-02,-9.262084e-02,3.540408e-02,-5.253864e-02,-7.136753e-02,-1.548448e-02,4.165980e-02,2.180052e-01,-2.383386e-02,1.806756e-02,-8.718827e-02,8.845547e-02,-2.913990e-02,-5.707276e-02,1.127643e-01,
-2.918729e-02,2.057049e-02,7.066451e-03,-5.274674e-02,2.178214e-02,2.787484e-02,-5.289503e-02,-2.752156e-02,7.175703e-02,3.281555e-02,-3.411542e-02,7.356241e-02,-5.157554e-02,7.394297e-03,-6.549137e-02,-3.457804e-02,1.873083e-02,-1.818283e-02,4.228634e-02,-1.607332e-02,-6.468538e-02,4.841585e-02,-2.808658e-02,-2.798348e-03,-2.629671e-02,1.128058e-01,-7.105233e-02,7.496728e-02,-4.475423e-02,2.166938e-02,-1.270258e-01,2.230586e-01,-3.164230e-02,3.480332e-02,6.144912e-02,-1.752426e-02,7.157830e-02,4.437401e-02,-7.187954e-02,-1.087096e-01,4.786579e-02,-4.254653e-03,8.276245e-02,-2.909211e-02,-9.570041e-02,-8.772047e-02,3.707324e-02,-4.554871e-02,-7.822487e-02,1.915855e-01,
-1.356040e-01,-2.468087e-01,-3.307461e-02,8.968255e-02,9.568787e-02,7.642419e-02,9.534711e-02,4.459630e-02,-7.012654e-02,-1.134949e-01,7.784477e-02,-1.334128e-01,4.392437e-02,-2.954010e-03,-3.112279e-03,-1.020512e-01,-1.839158e-02,1.377857e-01,-1.861735e-02,1.324877e-01,4.720269e-02,-8.209728e-03,4.339663e-02,2.267460e-01,-2.790415e-04,-5.388745e-03,4.577324e-03,-2.684277e-03,2.339735e-02,-6.748958e-03,-4.321122e-02,-7.756722e-02,4.650695e-02,2.380552e-01,5.874788e-02,2.305273e-03,8.145001e-02,1.964016e-02,6.346807e-02,-5.736815e-02,1.717604e-02,4.016762e-02,7.465872e-02,1.283784e-01,-1.464001e-02,7.291526e-02,-1.209161e-02,-1.836909e-01,-6.362207e-02,1.430720e-01,
-7.945770e-02,-1.057451e-02,-4.566779e-02,-9.166059e-03,1.410600e-02,5.092659e-02,5.938414e-02,1.207255e-01,-1.214190e-02,-1.152540e-01,-1.067591e-01,-1.125990e-01,5.419657e-02,7.751022e-03,3.504969e-02,2.380039e-01,2.539166e-02,1.088306e-01,-2.494897e-02,-7.004533e-02,2.287944e-01,-9.195509e-04,2.039457e-01,4.558726e-02,-1.450506e-01,-1.776393e-01,1.003677e-01,-2.739041e-02,-1.557113e-02,1.049586e-02,-1.352367e-01,5.137628e-02,-1.029879e-01,8.279150e-02,-1.101136e-01,-1.652315e-02,5.915081e-02,5.269024e-02,-1.373543e-01,5.866240e-02,-2.402064e-03,-1.404106e-02,6.630671e-02,5.270560e-02,8.587545e-03,-9.309085e-02,4.770669e-03,-1.281014e-03,4.304294e-02,1.040077e-01,
-8.346538e-02,-2.904844e-02,4.633907e-02,-2.793089e-02,-2.926900e-01,1.885853e-02,1.834415e-02,3.130407e-02,1.895895e-02,6.723683e-02,3.023510e-02,3.449204e-02,-3.857473e-02,9.119904e-02,7.299787e-02,1.654227e-01,-2.762128e-03,-1.251125e-01,-4.814221e-02,-5.621512e-01,3.298936e-02,-5.248170e-03,4.032171e-02,-6.409307e-02,-7.736176e-02,2.710163e-02,-1.755103e-03,1.411493e-02,-4.470554e-02,5.624323e-02,-3.214585e-02,-8.797143e-03,5.960540e-02,7.801150e-02,-4.678080e-03,-9.136394e-02,6.866879e-02,4.597880e-02,5.189576e-02,-1.377672e-01,-4.007085e-02,-1.673022e-02,-4.516836e-02,-5.856161e-02,-4.870087e-03,5.612186e-02,-1.444989e-03,8.021020e-02,1.144383e-03,1.297983e-01,
-3.498064e-02,1.055688e-02,-3.833896e-03,-1.621139e-01,3.847343e-03,2.978122e-03,9.411355e-02,2.800214e-02,9.074729e-02,1.242306e-02,-1.979878e-03,-3.959819e-02,-3.912474e-02,1.708211e-02,1.392779e-01,-7.212499e-03,-3.071811e-02,-7.142779e-03,6.526806e-02,-1.021569e-01,-3.700491e-02,-2.816680e-02,-1.181596e-01,6.270393e-02,1.478974e-01,1.999511e-01,4.365581e-02,5.790204e-02,-1.175384e-02,-2.466660e-03,5.631828e-02,-1.886047e-02,8.034876e-02,-9.396402e-02,-7.423273e-02,2.725140e-03,-3.060518e-02,-2.406177e-03,1.303602e-01,9.112402e-02,-4.394189e-02,-5.423871e-02,7.991585e-02,1.071803e-02,1.035537e-01,-7.791761e-02,1.274955e-01,-1.519664e-01,-2.856075e-02,-1.265857e-01,
-6.154777e-02,3.158386e-02,2.179289e-02,4.448092e-03,3.189489e-02,-2.864881e-01,-2.109518e-03,-4.917074e-02,1.509175e-01,-1.010589e-02,-8.829443e-02,1.092535e-01,-1.174053e-01,1.751731e-02,5.415765e-02,-8.792312e-02,7.582001e-02,2.477198e-02,9.349724e-02,-5.969287e-03,-8.466212e-02,5.130893e-02,-3.111940e-02,2.846957e-02,2.567011e-01,-6.490051e-02,1.125534e-01,1.357726e-02,5.998752e-02,7.201232e-02,-1.133098e-02,-8.811485e-02,2.171944e-02,5.250811e-02,-5.303526e-02,6.076604e-02,-7.535228e-02,1.617059e-01,-1.526519e-01,-8.947423e-02,-6.377290e-02,6.107640e-02,4.915455e-02,1.698262e-01,6.096835e-02,-4.823554e-02,-2.449166e-01,-6.781703e-02,5.093733e-03,-1.074487e-01,
-5.468286e-02,2.665687e-02,-4.240473e-02,1.096583e-02,4.039881e-02,-8.855567e-02,-1.048149e-01,-4.188798e-02,1.522214e-02,1.720369e-02,-6.596920e-02,1.967315e-01,6.315912e-02,1.800458e-03,-5.881228e-02,-1.359444e-02,-1.885147e-01,1.158176e-02,1.740098e-02,-1.000485e-02,-2.148457e-01,9.438330e-02,-6.465823e-03,9.762514e-03,-3.168574e-03,-1.676156e-01,2.849290e-02,6.920840e-02,-2.859415e-02,3.427465e-02,1.155231e-01,-1.035920e-02,-1.568643e-02,1.038094e-01,8.151499e-02,5.687861e-02,1.239021e-01,4.853548e-02,-2.236527e-02,-2.959048e-02,1.290169e-02,-1.728225e-01,-9.230756e-02,-1.720822e-02,-4.074050e-03,1.047487e-01,-1.028508e-01,-1.741291e-02,-6.931712e-02,3.942164e-02,
-1.213859e-01,3.423495e-02,-9.109575e-02,8.579680e-02,8.818185e-02,6.949172e-02,-8.828341e-02,-1.024862e-01,5.106576e-02,-5.887715e-02,4.229699e-02,5.685918e-02,-1.954615e-02,-6.046655e-02,-1.569623e-01,-7.606262e-02,1.958351e-02,-6.305012e-02,1.919959e-03,-6.144984e-02,-6.441392e-02,3.924764e-02,1.020620e-01,4.335667e-02,-3.091782e-02,6.456156e-03,5.158999e-03,2.752088e-02,3.259653e-02,-1.704224e-02,1.243128e-01,1.365146e-01,-1.157765e-01,1.321429e-01,-1.170111e-01,1.106762e-02,2.245361e-02,-1.094627e-01,-1.392548e-02,-2.286251e-02,-1.501809e-01,-6.925095e-02,1.326254e-01,-8.378706e-02,-1.390831e-01,7.019552e-02,-2.771422e-02,-1.504844e-02,-1.771666e-01,-1.081598e-01,
-6.970376e-02,-2.552202e-02,-4.386375e-02,-4.944824e-02,7.901885e-02,5.087209e-02,-4.166971e-02,-9.248851e-02,-2.539328e-02,-1.305129e-01,6.936340e-02,5.614002e-03,-6.544463e-03,-3.606310e-02,-1.911374e-01,-3.408486e-02,8.294176e-02,4.538226e-02,7.549468e-02,-5.744243e-02,-3.308179e-02,2.783103e-02,2.249756e-02,2.686375e-02,-6.616209e-02,6.560401e-02,-9.281250e-02,-6.793784e-02,2.703131e-02,3.983574e-05,2.699845e-02,2.417707e-02,-1.208582e-02,3.674036e-02,-1.475506e-01,3.545350e-02,-4.126122e-02,1.073790e-02,1.320475e-01,6.800428e-02,6.850330e-02,-1.179017e-01,8.858455e-02,-2.089717e-01,-2.509177e-01,-1.630572e-01,3.161408e-02,9.073884e-03,4.644978e-02,1.741947e-02,
-4.950199e-02,-3.431810e-02,-2.941898e-02,-1.644068e-02,-3.121465e-01,-6.040320e-02,-7.253926e-02,2.356414e-02,1.331287e-01,-8.482361e-02,-1.873973e-02,5.006397e-02,-5.542569e-02,1.932950e-02,2.792621e-02,-1.890991e-01,-6.370197e-02,5.295043e-02,2.214312e-02,1.142175e-01,-8.597639e-02,2.784315e-02,2.830838e-03,-4.964205e-02,3.816378e-02,6.572446e-02,5.448757e-02,5.837229e-02,-1.058095e-01,9.839017e-02,1.387240e-01,-6.020915e-02,1.163097e-01,3.056614e-01,-5.946301e-02,2.841130e-03,-4.329780e-02,4.166626e-02,-1.608026e-02,-1.230810e-01,-1.054327e-02,-1.859009e-02,-7.718554e-02,-4.160406e-02,6.752066e-02,3.426872e-02,1.544631e-01,1.560142e-01,6.677486e-02,-1.417780e-03,
-4.355243e-02,3.228953e-02,-4.016320e-02,-5.922708e-02,-4.435906e-02,1.309723e-02,1.168172e-02,6.008431e-02,7.866098e-02,-6.553983e-02,-6.794220e-02,-1.195546e-02,-3.433759e-02,-7.133279e-03,1.483820e-01,9.061353e-03,-3.809795e-02,-1.290225e-02,-8.279708e-03,-1.024929e-01,-2.275803e-02,-2.257840e-02,-2.861714e-02,2.597896e-02,6.576086e-02,-2.622985e-02,1.017222e-01,2.753056e-02,-3.977790e-02,-4.746233e-02,2.419486e-02,2.762617e-02,-2.212008e-02,2.366203e-01,-2.449891e-02,-7.543695e-02,1.172460e-01,-1.471534e-01,2.039782e-01,7.187729e-03,-6.874281e-02,-1.863433e-02,-2.464835e-02,-1.549689e-01,2.051518e-02,1.085431e-01,-1.001853e-01,-9.303408e-02,-4.060746e-02,-6.839008e-02,
-1.016675e-01,7.608544e-02,-7.765389e-02,-2.504933e-03,1.348703e-02,6.451006e-02,6.752399e-02,1.537712e-02,1.530148e-01,5.302180e-02,-2.564005e-02,-1.525435e-02,-7.141527e-03,-1.018107e-02,8.527502e-02,5.311571e-02,-5.685858e-02,-1.402827e-01,-4.612133e-02,-1.091360e-01,1.228215e-01,-5.001531e-02,6.694259e-02,6.382147e-02,5.391050e-02,-3.501951e-02,1.574987e-01,1.822426e-02,-1.919924e-04,-2.169359e-02,-3.006758e-02,1.848151e-02,-6.384672e-02,-2.117568e-02,2.423531e-02,-4.562643e-02,4.775005e-03,-6.853520e-02,1.602806e-01,1.229317e-02,-2.437331e-01,4.584080e-03,4.275564e-02,-6.651830e-02,-4.177333e-02,-8.441689e-02,-4.990930e-02,-6.168660e-02,6.522112e-03,1.771951e-01,
-7.577390e-02,5.638940e-02,2.090868e-04,-9.758086e-02,4.649998e-02,7.064188e-02,1.133764e-01,4.515490e-02,7.346854e-03,8.205186e-02,-3.132223e-03,-5.488472e-02,1.868416e-02,7.255030e-02,-2.349103e-02,1.175345e-01,-3.099460e-02,-1.354476e-02,9.980779e-02,-2.291948e-02,8.096281e-02,1.918160e-02,-7.310331e-02,5.544497e-02,8.507005e-02,-8.345472e-02,4.553997e-02,-5.129198e-03,-8.421570e-02,-6.412682e-02,-4.298720e-03,-3.751327e-02,4.404518e-02,-9.215316e-02,1.719971e-02,-5.659574e-03,-9.740136e-02,-1.408160e-01,3.191562e-02,-4.133204e-02,6.618408e-03,3.404743e-02,1.133165e-01,6.885761e-02,1.947954e-03,7.390389e-02,-6.429912e-02,2.144077e-02,9.255892e-02,1.772925e-01,
-1.847958e-01,1.332471e-01,1.823310e-01,2.344909e-01,3.575966e-02,1.848775e-01,-1.112611e-02,-1.059739e-01,-1.240798e-01,6.306694e-02,1.987185e-02,-2.578037e-02,-6.954643e-02,7.883630e-02,-6.597564e-02,4.855502e-02,3.464735e-02,1.364819e-01,1.934878e-01,-1.521372e-02,-1.006143e-01,1.038313e-02,-1.780308e-02,7.167895e-04,-3.654565e-02,-5.042702e-02,8.889207e-02,-2.437464e-02,-5.568411e-03,-3.823849e-03,6.374769e-02,1.081494e-01,2.031134e-01,7.567679e-02,-1.408642e-02,-1.349682e-01,2.442961e-02,6.764656e-02,-8.348300e-02,-1.561587e-02,-5.653116e-02,1.046732e-01,-1.258136e-01,1.758877e-02,7.058535e-02,-3.121266e-02,-1.067998e-02,-6.197556e-02,4.483863e-02,4.181064e-02,
-9.725804e-02,3.718740e-02,-5.490662e-02,6.059449e-02,4.951803e-02,4.821575e-02,-6.570041e-02,-5.593935e-02,-5.014345e-02,-1.022739e-01,-6.597554e-02,-1.285663e-02,-5.518151e-02,-4.655136e-02,-8.809111e-02,-1.042862e-02,4.136362e-03,8.503061e-02,1.232317e-02,-7.461157e-02,-1.815244e-01,-2.094034e-02,1.520791e-02,2.866145e-03,-6.582139e-02,-8.304923e-02,-2.376312e-01,-3.231762e-02,2.139028e-02,1.506574e-01,-1.433828e-02,4.665933e-02,7.468431e-03,5.025096e-02,2.438635e-02,1.358903e-01,1.630933e-01,1.060508e-01,-3.137365e-02,8.556839e-02,-9.019119e-02,1.577366e-01,1.441600e-02,4.176137e-03,4.466031e-02,-5.420892e-03,-3.759752e-02,3.171528e-02,2.323929e-01,6.726320e-02,
-1.018966e-01,-2.544804e-01,-9.586202e-03,7.473266e-02,4.084949e-02,-8.529342e-02,-6.436822e-02,-5.931438e-02,-6.135247e-02,-3.407432e-02,2.500069e-02,9.410951e-02,-2.202860e-02,-1.366255e-02,-2.074953e-02,-2.101325e-02,-7.135127e-02,3.618448e-02,3.009317e-02,-1.690770e-01,3.882868e-02,-1.487464e-03,3.509125e-02,1.510393e-01,-5.390871e-02,-7.402573e-02,-8.901635e-02,1.215344e-01,6.981838e-02,-5.318467e-02,9.036960e-02,1.259760e-01,-6.124250e-02,-4.505063e-02,6.838001e-02,6.284407e-02,-4.131569e-02,6.035819e-03,6.584982e-02,5.768809e-02,6.693818e-02,4.187807e-02,1.673259e-01,5.467053e-02,-9.529765e-02,9.997917e-02,-1.453298e-01,-3.563844e-02,-1.177270e-02,-6.298030e-02,
-3.685574e-02,-2.883857e-02,-2.112045e-02,-2.870944e-02,-3.539740e-02,-2.160048e-02,-1.576806e-01,-6.783916e-02,7.960055e-03,-9.779268e-02,1.011701e-02,1.666723e-01,1.390525e-02,-1.055410e-02,-1.329930e-01,-1.806674e-02,2.602506e-02,1.158458e-01,7.761175e-02,-2.455714e-02,2.616217e-02,7.168329e-02,-7.190195e-03,-2.479541e-02,2.113247e-02,1.898919e-01,1.394628e-01,6.320073e-03,-1.959719e-02,-6.967085e-02,1.201627e-01,-3.849923e-02,7.336923e-02,-2.150894e-02,-2.177535e-01,-1.098150e-01,-3.438542e-02,1.716807e-02,-3.961431e-02,7.279565e-02,4.714085e-02,-1.011393e-01,-4.631855e-02,-6.186310e-02,-6.131247e-02,-2.245727e-02,8.155511e-02,3.396593e-02,-1.121182e-01,-6.847196e-02,
-1.461494e-01,9.918616e-02,-1.281106e-01,1.243049e-01,5.638904e-02,-2.401058e-01,5.404217e-02,-7.037876e-02,-9.380843e-02,2.274340e-02,-8.272870e-02,3.926658e-02,-1.711744e-02,-1.584289e-02,5.150915e-02,7.958473e-03,4.592255e-02,-5.817055e-02,3.963525e-02,2.665216e-03,9.489147e-02,5.841308e-05,-1.411533e-01,6.473213e-02,-6.665815e-02,-1.761017e-01,-6.375347e-02,-1.316063e-01,1.527629e-01,-1.908871e-03,3.785837e-02,-1.272376e-01,-1.161600e-01,1.298303e-01,-8.090691e-02,-3.512191e-01,1.896069e-02,2.019345e-02,2.299831e-02,4.026333e-03,1.236096e-01,6.403767e-02,-9.245134e-03,-3.892243e-02,2.470091e-02,5.010922e-02,4.835118e-01,-4.122871e-02,7.208640e-02,-7.693829e-02,
-6.536782e-02,4.506771e-02,-5.798275e-02,-2.516763e-03,4.727985e-02,-2.049020e-02,2.700599e-02,3.304993e-03,-2.447961e-02,1.118616e-02,1.836578e-02,-4.350879e-02,1.387980e-02,-1.454845e-02,-2.416751e-02,3.835986e-02,-1.887574e-01,7.266469e-04,-2.615871e-02,-2.292054e-02,-2.780125e-02,-1.124717e-02,-7.901269e-02,3.673811e-02,1.723129e-01,-1.550914e-01,-2.300210e-02,3.879448e-02,-8.830644e-03,-1.043634e-02,7.911416e-02,-5.536557e-02,-3.121665e-02,-3.660611e-02,3.629576e-02,-9.710275e-02,1.006032e-02,2.411121e-02,6.142936e-02,-1.033383e-02,4.011009e-02,-1.254942e-02,-9.983428e-02,-7.470270e-02,-4.402441e-02,-1.686568e-02,1.641303e-02,-3.154444e-02,-4.907976e-02,1.007676e-01,
-9.882875e-02,6.835787e-02,-7.853255e-02,6.593337e-02,6.065026e-02,6.902665e-02,4.092510e-02,3.801447e-03,4.532733e-02,3.335331e-03,1.080199e-01,-5.972991e-02,-3.285297e-02,-2.757681e-02,-2.534930e-02,8.664323e-02,-6.466160e-02,6.825831e-03,-2.537953e-02,-1.490968e-02,2.647515e-02,-1.628096e-02,1.338721e-01,-6.302909e-03,1.281122e-01,-7.295019e-02,7.879274e-03,1.381604e-02,-5.124304e-03,1.835877e-02,1.253995e-01,-3.062042e-02,-8.048517e-02,-6.732806e-03,4.546017e-02,-6.123575e-02,-3.851211e-02,1.082575e-02,-9.301926e-03,-1.217780e-02,-1.598989e-01,-6.529560e-03,7.245133e-02,8.301447e-03,9.972913e-02,-1.431436e-02,-9.023537e-03,-1.739100e-02,-1.501188e-01,1.601591e-02,
-3.892800e-02,1.242014e-02,-2.096771e-02,-2.885211e-02,3.583672e-02,3.168351e-02,3.090858e-02,1.015149e-01,4.667109e-02,-3.040279e-02,-3.204482e-02,4.593320e-03,4.006028e-02,1.728808e-02,1.481406e-02,7.821144e-03,2.057222e-02,1.024047e-01,1.652395e-02,-2.514908e-02,3.322610e-02,3.073510e-02,-1.626330e-02,-4.072437e-03,-2.624680e-02,-5.364360e-03,3.423183e-02,-1.449246e-01,-3.083435e-02,-7.604069e-03,5.544046e-03,-1.114747e-01,3.152688e-02,-3.001206e-02,9.421067e-02,-6.166969e-03,6.605697e-02,-2.823871e-01,7.797722e-02,-2.931172e-01,-5.131644e-02,-1.095362e-01,3.597327e-02,7.715371e-03,2.314818e-02,-7.138365e-02,-4.261732e-02,8.493170e-02,-3.007989e-02,-1.316017e-01,
-4.537214e-02,-1.221211e-01,9.308021e-02,-1.674454e-02,5.762356e-02,5.262093e-02,2.984092e-02,1.390846e-02,1.365046e-01,-9.400495e-02,-4.282786e-02,-2.626175e-02,2.824124e-03,7.347239e-02,2.401418e-02,-1.360983e-01,-9.812722e-03,1.294179e-01,6.498657e-02,-4.757912e-02,4.057053e-02,3.569640e-02,1.205141e-01,-2.270589e-01,-6.795828e-02,6.146270e-02,3.497576e-02,-2.086961e-02,-9.926114e-02,-9.317172e-02,-9.122958e-02,-9.558893e-02,1.604046e-01,-5.984158e-02,-4.964276e-02,-8.551999e-03,-1.975366e-02,1.312524e-01,1.817427e-01,-1.294815e-01,-6.499701e-02,-5.695900e-02,-3.048806e-02,-1.373133e-01,5.896604e-02,2.089520e-02,1.249868e-01,3.426233e-03,1.382636e-01,2.661983e-03,
-3.759853e-02,-5.228915e-02,2.960839e-03,-1.597554e-02,3.673045e-02,2.795829e-02,-4.361477e-02,6.440709e-03,4.996108e-02,-1.921795e-01,-1.145445e-01,-1.054770e-02,-3.476503e-02,-1.756910e-02,-1.941775e-02,-9.712322e-02,4.292437e-02,6.471418e-02,4.652021e-02,-5.561533e-02,-4.000691e-02,1.770720e-02,5.841291e-02,8.283316e-02,-4.409695e-02,4.601157e-02,-2.810955e-02,1.305047e-01,-3.489965e-02,-7.814918e-02,-3.123626e-02,-2.666715e-02,6.568467e-02,-9.759956e-02,-1.614401e-01,2.735438e-02,-8.206938e-02,7.553161e-02,1.621179e-01,5.034381e-03,-2.034486e-02,2.009397e-01,-2.150261e-01,-3.930388e-02,6.356749e-02,-2.582857e-02,9.901674e-02,-4.984374e-02,-3.585931e-02,6.868672e-02,
-6.975360e-02,-1.677799e-01,3.338122e-02,4.487713e-02,-1.876972e-01,-4.318244e-02,-1.257039e-01,-1.610973e-02,-2.562185e-02,1.966369e-02,-1.289489e-01,1.629044e-01,-1.328126e-02,2.176228e-02,-2.407885e-03,-5.968648e-02,4.451220e-02,9.343063e-02,6.206599e-02,-3.196898e-01,-3.722201e-02,-2.197471e-02,-2.009241e-02,1.110883e-01,-8.645369e-02,-5.902429e-02,7.582972e-03,-5.761512e-02,8.882538e-03,-6.249816e-02,-6.525226e-02,9.135402e-02,7.039793e-02,-2.730910e-02,-2.741646e-02,1.441166e-01,4.652086e-02,-8.244299e-02,-3.063511e-02,8.224426e-02,9.473590e-02,1.279061e-02,1.396807e-02,1.020842e-01,8.006993e-02,-1.052799e-01,-2.037969e-02,6.784771e-02,3.640250e-02,-7.262350e-03,
-7.330534e-02,3.864406e-02,-6.146678e-02,2.814834e-02,2.670262e-03,-8.204031e-03,-7.808083e-02,-7.915069e-02,-2.773010e-02,2.971077e-02,-9.175862e-02,1.816992e-01,5.710850e-02,-9.976512e-03,-5.757622e-02,4.423738e-02,1.449241e-03,1.978979e-02,4.730667e-02,-1.798024e-02,9.064880e-02,6.618020e-02,-1.615443e-01,-3.097313e-03,2.826016e-02,-6.237033e-03,3.813305e-02,7.349380e-02,-2.579849e-02,-7.745043e-02,-1.158180e-01,-1.441836e-02,9.508243e-02,-5.426952e-03,1.073583e-02,4.322903e-02,-2.181060e-02,-5.062101e-02,-1.485853e-01,1.856226e-01,-3.811810e-02,-5.275082e-02,-6.207238e-02,3.255922e-02,-1.057436e-02,1.219625e-01,3.542107e-02,1.209273e-02,2.205414e-02,-5.158869e-02,
-6.035236e-02,-2.762349e-02,3.570333e-02,5.748042e-03,5.321042e-02,5.647941e-02,-2.127317e-02,3.421890e-02,9.463989e-02,4.412950e-02,2.316183e-01,1.619674e-02,-3.722570e-02,-1.905293e-02,1.587543e-01,-1.184252e-02,-3.240083e-02,2.130968e-01,-6.997191e-03,-5.244855e-03,-8.928768e-02,3.058499e-02,6.291844e-02,1.189668e-02,3.986305e-02,4.172380e-02,4.764705e-02,-2.236709e-02,6.129652e-04,-1.916892e-02,7.460424e-02,2.390467e-02,-1.146415e-01,-1.095652e-01,-9.580113e-03,-8.150207e-02,1.921876e-01,-8.320347e-02,-8.914395e-02,1.160859e-01,2.480290e-02,-3.407621e-03,-9.243335e-02,2.353700e-02,-2.333807e-01,-4.445961e-02,9.142474e-02,6.058353e-03,-3.988839e-02,-9.284135e-03,
-5.056359e-02,3.482539e-02,3.183431e-02,-1.761318e-01,5.645529e-02,3.579094e-02,1.172702e-01,2.589080e-02,6.042618e-02,1.034384e-01,-1.083840e-03,7.128305e-02,-1.477820e-02,7.098269e-02,-9.265348e-02,8.705695e-02,2.508575e-02,-3.471528e-02,-1.285924e-01,3.078810e-02,-1.738046e-01,2.274927e-01,-2.246204e-02,-1.011375e-02,2.063585e-03,-6.702166e-02,8.995999e-02,-9.946778e-02,-4.767781e-02,-2.602602e-02,3.242128e-02,-8.754793e-02,2.295290e-02,-3.006812e-02,6.007016e-02,2.187003e-02,-9.954780e-02,8.580700e-02,6.985103e-02,1.232675e-01,-8.022885e-02,7.953019e-03,7.675562e-02,6.465530e-02,-4.167852e-02,2.816874e-01,-5.855319e-03,-7.229650e-02,1.212621e-01,-1.724743e-01,
-5.040625e-02,3.356755e-02,3.042938e-01,-6.613817e-02,-3.130287e-03,-2.206025e-01,1.372094e-02,-8.527816e-02,7.579750e-02,1.158261e-01,-1.459495e-03,6.312635e-02,5.132032e-02,1.784560e-01,-6.887572e-02,-2.004567e-02,1.025034e-01,6.014872e-02,-1.559891e-01,4.351907e-02,1.509242e-02,2.682176e-01,-2.167624e-02,-5.878359e-02,7.696749e-02,-3.836090e-03,-9.624937e-02,-1.311741e-01,5.003261e-02,-1.316881e-01,-9.677771e-03,6.652867e-02,-4.804472e-03,-1.784998e-02,-8.186110e-02,7.312834e-02,2.813891e-02,5.938236e-03,1.331299e-01,-6.385151e-02,-5.987838e-02,-5.057223e-02,-1.002418e-01,1.182499e-02,6.961499e-02,-7.525197e-02,8.748684e-02,-6.975903e-02,1.258731e-02,4.918318e-02,
-3.024869e-02,2.091830e-02,4.729185e-02,-1.112046e-01,1.580358e-02,-9.552913e-02,-4.580180e-02,-1.185940e-01,3.847813e-02,-8.516418e-02,3.530924e-02,-4.558424e-02,1.175266e-01,2.683264e-02,-4.574327e-02,5.707416e-02,-2.261574e-01,-6.959254e-02,3.331435e-02,-3.423903e-02,-6.941317e-02,-1.937884e-01,-5.948076e-02,-1.217751e-02,-1.006581e-01,1.888029e-01,-1.648263e-02,-7.147201e-02,7.567737e-02,-8.419394e-02,6.634386e-02,-3.684403e-02,-1.450905e-01,3.230075e-02,2.287529e-02,-8.993927e-02,1.027496e-02,5.483646e-02,-1.032851e-01,-1.392428e-01,-1.189351e-01,-1.487074e-01,8.173986e-02,2.022112e-01,1.142465e-01,-1.189868e-01,4.980637e-02,1.844817e-01,1.219496e-01,1.251992e-01,
-6.738302e-02,3.918488e-02,4.061283e-02,1.923709e-02,-3.336057e-01,-2.779089e-02,-6.371245e-02,-4.299469e-03,3.216667e-02,-2.669261e-01,9.636277e-02,-1.063820e-01,1.302864e-01,5.948401e-02,-1.459489e-02,1.783399e-02,4.837950e-03,-3.140895e-02,1.675170e-01,-7.967935e-03,-1.448277e-02,3.675511e-02,-8.554193e-02,-1.239866e-01,-4.820388e-02,-1.231182e-02,-5.346721e-02,-1.585439e-02,-8.701687e-02,-6.797969e-02,4.241957e-02,5.962509e-02,-1.170156e-01,-1.888932e-01,1.361188e-01,-1.867796e-01,-1.070645e-01,-5.661327e-02,-1.534542e-01,3.241791e-02,7.415832e-02,-2.286478e-02,1.101157e-01,5.735256e-02,1.370338e-01,1.246144e-01,-4.553336e-02,-3.490955e-01,-1.144461e-01,4.536212e-02,
-4.898632e-02,2.219702e-02,-2.258008e-02,4.578189e-03,-3.643259e-02,2.809795e-02,-6.346774e-02,2.653101e-01,-2.483753e-02,-7.717244e-02,-6.646106e-02,-1.114570e-01,1.607216e-01,6.142771e-03,-5.263328e-02,3.922373e-02,1.077704e-01,7.093284e-03,4.443387e-02,-8.171370e-03,8.181156e-02,4.275482e-02,-3.458494e-02,-2.104401e-02,-2.987697e-02,-5.648750e-02,-3.160372e-02,6.963933e-02,-1.831639e-02,3.391635e-01,-1.508889e-02,-8.181665e-02,5.146955e-02,1.386411e-01,2.955663e-02,7.857365e-02,-1.265579e-01,-5.992140e-02,4.449384e-02,6.322019e-02,7.663157e-02,-1.280552e-01,3.649450e-02,7.413896e-02,-6.850921e-02,-9.266866e-02,-1.585981e-02,-3.544924e-02,-5.544490e-02,-1.396828e-01,
-7.908910e-02,-8.356299e-02,-1.959694e-02,4.399981e-02,4.247303e-02,5.188701e-02,-1.360878e-01,1.415962e-01,-4.292811e-02,1.223186e-01,2.700397e-01,-5.720646e-02,-1.331968e-01,-4.951309e-02,-1.441456e-01,2.712075e-02,2.196073e-02,-2.891742e-02,-5.335292e-02,4.027870e-02,9.402617e-02,3.190651e-02,-4.834659e-03,-2.803088e-02,3.982224e-02,-6.052664e-03,-4.218017e-02,-9.505859e-03,4.128134e-02,1.615999e-01,-2.362809e-01,-9.052870e-03,6.239927e-02,8.962006e-02,-1.362382e-01,9.163958e-02,1.249896e-03,-1.365119e-02,-4.099496e-02,4.521275e-03,2.294547e-02,-6.158047e-03,-7.244095e-02,-1.122221e-02,8.733672e-02,-9.491758e-02,6.639760e-02,-9.329664e-02,1.871426e-02,-1.944640e-02,
-4.728846e-02,4.768120e-03,-1.782554e-02,7.807054e-04,3.847974e-02,4.017981e-02,-1.779410e-01,-1.759595e-02,-3.413187e-02,5.387465e-02,1.087453e-01,3.325513e-02,-1.583618e-01,-5.888386e-02,2.486668e-02,5.502171e-02,1.219258e-03,4.887903e-02,-1.051996e-02,3.459518e-02,-2.330523e-02,2.284722e-02,2.159556e-02,-4.218766e-02,5.359813e-02,2.808134e-02,-2.351088e-02,1.278238e-02,1.452005e-02,-9.228813e-02,-2.133427e-01,-2.602822e-02,4.885862e-02,-2.851845e-02,-6.025924e-02,9.533222e-03,6.161945e-02,-3.336352e-02,-7.526326e-02,8.459589e-04,5.351436e-02,1.156722e-02,3.280257e-03,-1.252587e-01,2.926320e-02,1.317087e-02,8.010759e-03,-1.057668e-01,-2.936288e-03,7.535533e-02,
-9.957863e-02,-2.745137e-01,1.061654e-02,5.339937e-02,-7.422974e-03,-9.873803e-02,5.895714e-02,2.046594e-02,9.334176e-02,-1.006165e-01,-2.817968e-02,-7.789878e-02,6.513034e-02,2.623060e-02,1.182989e-01,1.752578e-01,1.286123e-01,2.041004e-01,2.489377e-02,1.327650e-01,-1.015520e-01,-8.079674e-02,-6.280277e-02,9.114216e-02,1.368480e-02,1.166602e-01,-5.762091e-02,-1.272248e-02,6.446084e-02,7.343974e-02,1.133608e-01,8.447175e-02,1.574926e-02,1.690013e-01,3.501586e-02,1.931579e-01,-1.752626e-02,-5.721796e-03,-1.428066e-02,7.577069e-02,-4.460219e-02,1.336266e-02,8.098115e-02,4.213731e-02,-2.234842e-02,1.347503e-02,1.732440e-01,-2.716565e-02,4.487025e-03,3.837318e-02,
-8.680680e-02,2.464227e-02,1.811333e-02,-2.730497e-02,4.767489e-02,1.858921e-02,-3.943179e-02,-8.896678e-02,-6.874324e-03,-1.838481e-01,-4.546548e-02,-9.381478e-02,7.803426e-03,6.183970e-02,-5.377944e-02,1.638742e-01,6.249780e-02,-2.568965e-02,-2.773340e-01,3.294663e-02,-7.222260e-02,1.687038e-01,1.564589e-02,-9.383288e-03,-4.324880e-02,-6.607971e-02,-2.133884e-02,-1.271602e-02,-3.188220e-02,1.116159e-01,-5.043742e-02,2.317181e-02,-5.289984e-02,-3.718022e-02,-5.550023e-02,7.093260e-03,-2.516055e-02,4.862200e-02,-1.593192e-01,2.349856e-02,-1.227072e-01,-2.570289e-02,2.390615e-02,8.774920e-02,9.720452e-02,1.746958e-02,7.640469e-03,5.450796e-02,-1.153847e-02,-4.208639e-02,
-1.900095e-01,1.235861e-01,1.810106e-01,-4.995712e-02,9.343479e-02,9.859658e-02,6.439823e-02,-2.204621e-01,-6.721833e-02,5.287439e-02,4.158125e-02,4.953388e-02,5.569984e-02,1.195803e-01,-1.187650e-01,-9.537213e-02,1.448349e-01,-1.272212e-01,-1.144112e-01,-3.308645e-02,3.491431e-02,2.103113e-03,6.785948e-03,3.199015e-02,-1.112535e-01,7.998665e-02,6.369935e-02,-1.136967e-01,9.582620e-02,1.479664e-01,-5.489293e-02,-3.380805e-02,9.668102e-02,1.203228e-02,7.317317e-02,6.637763e-02,6.147661e-02,7.474064e-02,1.140144e-02,-8.768106e-02,-8.662026e-03,-8.923233e-02,-7.263734e-02,-4.724389e-02,-6.458702e-02,5.610053e-02,-7.834833e-02,-6.223439e-02,-4.173373e-03,-6.971279e-02,
-1.001242e-01,7.489780e-02,-5.419901e-02,-2.724182e-01,1.100203e-01,8.651200e-03,3.975883e-02,-8.836511e-02,-4.913812e-02,5.460725e-02,1.196519e-02,2.906733e-01,1.965835e-03,2.960410e-02,1.431850e-01,-1.066581e-03,3.707596e-02,2.165547e-02,2.189173e-01,-1.268711e-02,-6.399396e-02,-2.735925e-01,-5.904227e-02,4.117253e-02,4.550308e-02,-2.638490e-02,2.309599e-02,-1.256297e-01,4.778647e-03,-6.090117e-03,8.804616e-04,9.092895e-02,-2.170439e-02,-6.091265e-02,-1.537888e-02,9.769632e-02,-1.072469e-02,6.078452e-02,-1.418766e-02,7.375994e-03,1.155633e-02,-7.734993e-02,1.375973e-01,-6.030013e-02,-6.204427e-02,-2.388353e-03,-4.099225e-02,-9.342482e-02,-2.215080e-02,4.147268e-02,
-8.934092e-02,6.676872e-02,-6.600461e-02,-9.549916e-03,5.714598e-02,-1.256076e-01,-1.504435e-01,2.452949e-01,3.031818e-02,-1.428712e-02,1.156985e-01,7.304829e-02,-9.051285e-02,-2.005106e-02,3.364612e-01,-8.041999e-02,2.025173e-02,-6.194538e-02,5.112278e-02,1.797982e-02,-1.023703e-01,1.721324e-01,4.361710e-02,2.351463e-02,4.947262e-02,1.255586e-02,-4.907010e-02,-3.343418e-02,4.755611e-02,2.628862e-02,-4.206532e-03,-2.799330e-02,4.975596e-02,-1.122674e-01,-7.319738e-02,9.531728e-03,-2.302837e-02,7.055280e-02,1.424278e-02,-5.256565e-02,-8.510107e-02,-7.982044e-03,6.390727e-02,1.577285e-01,5.668726e-02,-7.961758e-02,-4.807953e-02,2.169083e-02,5.201976e-02,1.216218e-01,
-3.796503e-02,2.783934e-02,-3.503001e-02,-3.874018e-02,2.876782e-02,-7.078565e-02,-1.749425e-01,1.261374e-01,9.519243e-03,4.895736e-02,1.439065e-02,-7.451807e-02,1.621934e-01,-9.734696e-03,3.893301e-02,6.134572e-03,2.219978e-02,-5.000743e-02,8.904504e-03,-1.379281e-02,-4.937632e-02,5.919874e-02,-7.955989e-02,-4.032300e-02,-4.568556e-02,-1.171795e-01,1.045679e-01,2.003688e-01,2.800731e-02,-3.056305e-02,6.995049e-02,3.929428e-02,-3.377416e-02,1.202684e-01,-4.296033e-02,7.321948e-03,1.919436e-02,-2.369540e-03,6.776337e-02,-3.988732e-02,-6.423578e-02,-8.256959e-02,-6.429316e-02,-6.282787e-02,5.296781e-02,-1.425618e-02,-4.136097e-02,1.878945e-03,1.137072e-01,-1.198116e-01,
-4.179095e-02,4.793284e-04,-3.162959e-02,-6.511816e-03,-7.533631e-02,-1.782124e-01,-6.150034e-02,9.807966e-02,1.883127e-01,3.531764e-02,1.847759e-01,-1.010435e-01,-8.629826e-02,-4.564229e-03,-8.080965e-02,-2.984917e-02,-1.986829e-03,1.339455e-03,-3.280957e-02,1.893129e-02,1.440305e-01,-1.312524e-02,5.189073e-02,-8.529692e-02,5.336916e-03,-1.138839e-02,1.182742e-01,-1.207982e-01,5.856224e-02,6.648129e-02,-7.893824e-02,9.358414e-02,-5.052516e-02,1.363676e-01,-1.493572e-01,-6.573926e-03,-2.200632e-02,-6.596015e-02,2.494164e-02,-9.550169e-02,9.849984e-02,8.700555e-02,3.854324e-02,-1.449790e-01,-8.082115e-02,9.982973e-02,-1.803151e-01,1.355114e-01,-3.501457e-02,-5.418197e-02,
-3.460415e-02,-6.758790e-02,-1.038888e-02,-1.648282e-02,1.153971e-02,-6.828681e-02,-5.108185e-02,-1.518271e-02,7.108419e-02,-3.725823e-02,4.617173e-02,-9.596259e-03,-5.235891e-02,-1.487259e-02,-2.456495e-02,1.870045e-01,-1.835861e-02,2.955225e-02,4.767314e-02,6.036524e-02,8.053483e-02,-8.800686e-03,-7.486289e-03,5.723973e-03,2.144422e-04,2.951291e-01,-8.585387e-03,-4.878072e-02,5.781029e-02,7.585306e-03,-2.003796e-02,-7.665285e-02,1.093620e-01,6.314901e-02,2.077407e-02,-2.932834e-02,1.721257e-03,4.643966e-02,-4.120590e-03,5.633014e-02,1.588240e-01,3.304211e-02,1.583936e-01,-1.567222e-01,6.085065e-02,8.134484e-02,-7.504475e-02,-4.216224e-02,-4.561855e-02,-6.680819e-02,
-1.778586e-01,-1.594954e-02,2.065596e-02,-1.872758e-01,-1.895897e-01,8.236529e-02,-5.467862e-02,1.411487e-01,-2.041823e-01,-9.127638e-03,-9.305799e-02,5.276666e-02,3.919497e-02,8.269831e-02,7.924989e-02,-1.225944e-01,7.354655e-02,-1.046168e-02,-9.318095e-02,1.425456e-01,8.022711e-02,-1.305119e-01,-4.370611e-02,2.433277e-02,1.028969e-01,4.005232e-02,-2.363811e-02,1.290787e-02,-4.387628e-02,2.725263e-02,7.843002e-02,1.364181e-01,1.066673e-02,6.037913e-02,-3.906484e-02,-1.165693e-01,8.964841e-02,5.809211e-02,2.796877e-02,-5.879828e-02,-1.527591e-01,1.934449e-01,-6.133701e-03,-1.173723e-02,-1.348327e-01,-3.147728e-02,-8.299864e-03,5.599582e-02,2.570536e-02,-8.519078e-02,
-8.271545e-02,2.268683e-02,2.815502e-03,-1.274884e-01,-3.656206e-02,6.138956e-02,-1.475293e-01,-8.283513e-02,-9.329314e-02,-2.461887e-01,3.420291e-02,7.522812e-02,-9.735700e-02,5.770128e-04,9.308674e-02,1.084689e-02,7.326749e-02,-1.207155e-03,-2.322579e-01,8.906012e-02,-1.656583e-02,2.562216e-02,-6.333646e-03,-3.604075e-02,-1.008537e-01,-6.404485e-02,1.324498e-01,9.715744e-03,-4.325354e-02,-1.486968e-01,-1.416234e-01,3.701257e-02,-3.979945e-02,-3.652882e-03,-4.672697e-02,-1.604872e-01,-1.066006e-01,-2.900479e-02,5.210567e-02,2.571519e-02,1.731441e-01,6.464088e-02,3.828658e-02,-2.730777e-03,4.271253e-02,-3.581809e-02,-1.013770e-01,2.676717e-02,4.365001e-02,-2.394018e-02,
-1.540280e-01,-4.625565e-04,5.778866e-02,2.878018e-02,7.937362e-02,1.545834e-01,1.760412e-02,-1.530808e-01,2.954116e-02,-2.529407e-02,1.291093e-01,2.475975e-02,1.123684e-01,7.353208e-02,4.054554e-02,-8.930450e-02,-1.129581e-02,-1.130165e-01,-7.543827e-02,-6.189213e-03,2.665290e-02,-3.949281e-02,1.266652e-01,1.037832e-01,-1.737343e-01,3.283558e-02,1.475395e-01,-1.489995e-01,1.803975e-02,1.447100e-01,6.641242e-02,-1.237848e-01,8.130424e-02,-5.269578e-02,7.518363e-02,-1.099812e-01,-5.910062e-02,1.601566e-02,1.117021e-01,4.858872e-02,6.852669e-02,-2.459692e-02,3.714161e-03,-8.812311e-03,-8.338112e-02,2.446785e-04,-2.658061e-02,7.058066e-03,3.100187e-02,7.511512e-02,
-6.676670e-02,4.430737e-02,1.845555e-02,-6.312690e-02,4.891320e-02,7.347434e-02,2.298628e-02,-4.340172e-02,6.094298e-02,7.685659e-02,5.752692e-02,5.378512e-02,4.440579e-02,4.538574e-02,1.781141e-02,1.462457e-01,4.060513e-03,4.038782e-02,1.138003e-01,2.798261e-02,2.731212e-02,-7.061328e-02,1.423776e-01,5.916421e-04,3.008375e-02,2.313535e-02,-3.638520e-01,-7.114040e-02,-4.123805e-02,9.846761e-02,1.517628e-01,7.551256e-02,-7.755472e-03,2.903168e-03,-6.026299e-02,-5.910603e-02,-1.971996e-01,-7.557252e-02,8.542206e-02,-4.160297e-02,1.715666e-02,5.515090e-02,-6.982417e-02,-5.831285e-03,1.789268e-02,6.749660e-02,-9.010842e-03,5.266425e-02,-4.415237e-02,6.171635e-02,
-1.076191e-01,7.318112e-02,9.082463e-02,1.493083e-01,3.110471e-02,1.226746e-01,-8.274688e-02,-2.655516e-02,1.852144e-01,6.110259e-02,1.252110e-02,-5.557858e-02,-7.528006e-02,4.389412e-02,-4.070924e-03,7.844833e-02,-3.447100e-02,-3.504258e-02,6.774901e-02,2.519396e-02,-7.199727e-02,6.777057e-03,-7.987532e-02,1.668853e-02,-4.540040e-02,-1.976802e-02,-2.371036e-01,6.309909e-02,-1.007051e-01,-5.309584e-02,4.676823e-02,-4.283736e-02,2.162610e-01,4.174171e-02,8.036587e-02,-9.384178e-02,1.780944e-01,8.224218e-02,5.791509e-02,-8.115528e-02,4.065426e-02,-1.715518e-02,9.183682e-02,1.306436e-01,-4.213872e-02,7.751970e-02,-1.028909e-01,2.637065e-02,5.542550e-02,-2.036380e-01,
-5.876825e-02,4.160589e-02,2.151602e-02,2.613739e-02,2.913529e-02,2.990520e-02,-5.631890e-02,1.592542e-02,7.746590e-02,-2.341950e-02,-4.323351e-02,-1.127855e-01,-4.023401e-02,-3.487515e-04,-5.987571e-02,2.159585e-01,1.586731e-02,-4.563045e-02,7.511398e-02,3.542146e-02,-3.027266e-01,-3.071106e-02,-1.459622e-01,-6.825626e-02,5.263126e-03,-7.954751e-02,3.352171e-01,7.613417e-02,-5.356896e-03,-1.030600e-01,-2.637816e-02,8.475398e-02,5.089415e-02,-9.953980e-03,1.634313e-01,1.328360e-01,4.584669e-02,-1.548854e-01,1.114216e-02,-2.098616e-02,1.311403e-02,1.615436e-01,5.470485e-02,-1.813840e-01,1.065408e-02,-1.399845e-01,1.817785e-01,-3.386776e-02,4.564520e-02,4.416952e-02,
-1.288307e-01,8.533026e-02,4.660582e-02,9.340262e-02,4.045949e-02,-2.137327e-01,3.563449e-02,1.851957e-02,8.456999e-02,7.481041e-02,-1.233734e-01,-1.008209e-01,-8.917851e-02,5.538486e-02,-1.850667e-02,1.773421e-02,2.209468e-02,-8.956935e-02,9.766725e-02,-3.812919e-03,1.141964e-01,-9.744693e-03,9.848664e-02,4.391778e-02,2.122082e-02,6.631206e-02,1.912517e-01,5.286111e-02,1.054775e-01,-2.160009e-02,1.926335e-02,2.174246e-02,-2.186017e-02,8.526124e-02,1.209171e-01,1.685592e-01,-1.892368e-01,-1.227388e-01,-2.838123e-02,1.875551e-01,3.390874e-02,-4.302803e-02,-1.559606e-01,-1.520439e-01,-1.324629e-01,6.494094e-02,-1.234138e-01,3.697250e-02,5.976510e-02,1.029227e-01,
-7.891302e-02,4.445154e-02,-1.954719e-03,-1.209730e-01,3.152929e-02,-9.579105e-02,2.641839e-02,9.086946e-02,-3.920819e-02,8.703078e-02,-8.241920e-02,-2.240065e-02,-2.757428e-03,4.222259e-02,-1.426790e-03,1.913969e-02,-3.703610e-01,-1.194948e-02,6.345277e-03,-1.363349e-03,1.140446e-01,6.416038e-02,2.136769e-02,9.793254e-02,1.033588e-01,1.196756e-01,-9.918198e-02,2.352891e-02,-4.068702e-03,2.579696e-02,5.744301e-02,1.278045e-01,1.614123e-02,6.924111e-03,-1.486390e-01,2.935857e-02,-7.121873e-04,-6.704335e-03,3.397039e-03,9.045172e-02,5.699429e-02,-1.235385e-01,-8.824424e-02,-1.774139e-02,-4.285414e-02,5.223266e-02,9.468252e-02,-1.150915e-01,2.093005e-02,-9.463312e-03,
-9.279485e-02,6.944355e-02,-7.608569e-02,1.182363e-02,-6.769540e-03,5.617545e-03,1.867368e-02,-4.343506e-02,1.472771e-01,4.137235e-03,-3.041691e-03,1.902894e-02,-4.771773e-02,-2.441088e-02,5.861843e-02,-5.492141e-02,7.286734e-02,-1.630609e-01,-2.134142e-02,1.151018e-02,3.260967e-02,-2.554289e-02,-3.821756e-02,3.828517e-02,6.783798e-02,2.372524e-02,3.722824e-02,3.411561e-03,2.688469e-02,9.464902e-02,-5.012295e-02,-3.263823e-02,2.121680e-02,9.736238e-02,-2.400368e-02,-4.541486e-02,3.963171e-02,7.496806e-02,9.008848e-02,4.922599e-02,8.987299e-02,9.604011e-02,7.756598e-02,1.670068e-02,9.932190e-02,4.139102e-02,1.751981e-02,-6.649333e-02,1.937939e-01,1.501494e-01,
-6.230874e-02,4.552717e-02,-5.749354e-02,4.470018e-02,5.323991e-03,2.340021e-02,-2.965883e-02,-3.731990e-02,8.899146e-02,-1.479259e-02,-1.127085e-01,2.012891e-02,-2.660914e-02,-3.193064e-02,5.487627e-02,3.821833e-02,-1.135064e-02,3.359114e-02,-4.906505e-02,1.526115e-02,5.647954e-02,-2.748533e-02,-1.926085e-01,4.847440e-02,3.000946e-02,-5.771122e-02,5.009083e-02,-1.465471e-02,-2.944355e-02,-1.200978e-01,-4.191492e-02,-1.675425e-02,1.494088e-02,-3.645102e-02,-2.930606e-02,-8.606316e-02,-8.842142e-02,1.474666e-01,8.263251e-02,5.341622e-02,1.710373e-01,-1.548866e-02,-7.748140e-02,5.522512e-02,-1.535173e-01,-1.059584e-01,-9.542694e-02,9.171093e-03,-2.333580e-02,7.238594e-02,
-6.852915e-02,5.235450e-03,-5.285004e-02,4.857891e-02,-1.123967e-01,-1.759188e-03,-6.203196e-02,-3.852923e-02,1.967058e-01,4.455659e-02,-5.618607e-02,7.569206e-02,2.628385e-03,-1.059691e-02,1.131243e-02,-3.491541e-02,4.458570e-03,5.942911e-03,-2.510410e-02,8.595728e-02,4.938074e-02,2.020515e-02,-1.012219e-01,3.769879e-02,-4.997040e-02,-1.261977e-01,-1.773219e-02,-1.287651e-02,-6.818705e-02,4.889688e-02,-3.067448e-02,1.910845e-02,4.642772e-02,-1.075343e-01,-1.589973e-01,-6.497941e-02,-1.521013e-01,4.007495e-02,-1.214862e-01,1.059848e-01,3.136562e-02,3.838623e-02,-1.732850e-02,1.428126e-01,-2.126184e-01,2.799508e-02,-5.565255e-02,1.892378e-01,-4.148535e-02,1.282953e-01,
-5.681185e-02,-2.052763e-02,-3.784701e-02,7.418928e-03,3.585552e-02,1.359021e-02,-1.175230e-01,-3.151351e-02,1.809429e-02,5.291240e-02,-6.298829e-02,2.216068e-01,1.843942e-02,-1.325187e-02,5.061917e-02,1.098608e-01,4.974988e-02,9.320254e-02,4.528871e-02,5.105800e-02,1.312141e-01,9.052792e-02,6.107313e-02,-2.575519e-02,-1.012234e-01,1.490921e-01,-2.008074e-03,-3.815799e-02,-5.512089e-04,5.732941e-02,9.883069e-02,-3.374883e-02,3.022254e-02,1.503075e-02,4.664011e-02,-6.288233e-02,-1.524666e-01,-2.978321e-01,-2.896181e-02,2.801225e-02,-8.844431e-02,4.738547e-02,-1.885971e-01,1.351459e-01,1.132686e-01,-5.155230e-02,-4.283052e-03,-1.787720e-02,-5.724793e-02,5.978958e-02,
-1.348214e-01,-2.471367e-01,-2.127528e-02,-2.337782e-02,1.822192e-01,-4.131960e-02,9.708899e-02,-1.008600e-01,-5.080528e-02,-4.157019e-02,-2.852680e-02,6.562732e-02,-8.064619e-02,-4.500244e-03,-2.753553e-04,-4.543523e-02,-1.551822e-01,-1.559325e-02,6.004825e-02,-2.998066e-02,1.297532e-01,5.635485e-02,-3.593637e-03,-3.958935e-01,-6.449091e-02,-3.512835e-02,-8.906403e-02,1.035706e-01,-4.524313e-03,-1.186157e-01,-5.121914e-02,-4.117645e-02,-1.496265e-04,-2.577131e-02,1.043766e-01,3.756737e-02,4.806305e-03,-1.583607e-01,8.050147e-02,-1.122994e-01,-6.582306e-02,1.216558e-01,4.772139e-02,3.975645e-02,-7.814847e-02,-9.756273e-02,3.778024e-02,-3.368696e-02,-6.871183e-02,-1.161044e-01,
-7.684857e-02,4.239837e-02,6.772226e-03,-1.019073e-01,6.477129e-02,-1.987202e-02,2.335168e-02,1.708764e-01,-8.555617e-02,-1.636920e-01,-8.555672e-02,-2.195323e-01,-1.358583e-01,3.498313e-02,-1.870081e-01,-5.369942e-02,-7.942649e-02,1.870244e-02,8.209755e-02,-8.147426e-02,-1.245796e-01,1.510866e-02,3.823503e-02,2.609075e-02,1.768893e-01,-1.179733e-01,-1.060071e-01,2.864501e-03,-3.585154e-02,-8.773850e-02,-4.029622e-02,-6.998833e-02,-6.179004e-04,-7.437043e-02,6.677503e-02,-1.595176e-02,-1.005005e-01,1.413193e-01,3.858608e-02,-1.399350e-01,-2.123768e-02,2.024623e-01,-3.353066e-02,-1.437600e-02,-1.393200e-01,4.873084e-02,4.859146e-02,1.323846e-01,-1.615995e-01,6.279664e-02,
-1.543045e-01,1.099360e-01,2.107254e-01,1.126914e-01,4.587308e-02,-1.118736e-01,4.498997e-02,1.592132e-01,-2.021489e-01,6.697921e-02,-4.355262e-02,-1.910900e-01,-7.687767e-02,1.282761e-01,5.405931e-02,-2.068843e-02,1.351908e-01,3.726675e-02,2.323949e-01,-6.930660e-03,-8.903196e-02,4.084479e-02,6.258446e-02,2.337165e-03,-1.987908e-02,-4.964998e-03,-3.907179e-02,-7.861520e-02,1.114176e-01,-1.326882e-01,4.055082e-02,1.294065e-01,7.092275e-02,-7.417874e-03,-3.107016e-02,-1.486722e-01,-8.167404e-02,-4.366398e-02,-1.617225e-02,4.096699e-02,5.335473e-02,-2.350172e-01,9.366508e-02,-5.447884e-02,5.079554e-02,-1.752660e-01,-1.132969e-01,7.796136e-02,1.058416e-02,-7.370785e-02,
-6.225961e-02,4.655379e-02,-2.914333e-02,-7.979811e-02,5.190236e-02,-3.499028e-02,4.762089e-02,2.936699e-02,7.303133e-04,1.486923e-02,9.430305e-03,-5.167823e-02,5.087214e-02,1.001039e-02,-2.583067e-02,6.205981e-02,-2.533686e-02,-4.599016e-02,6.270805e-02,-1.937726e-02,2.561043e-02,4.054056e-02,4.992617e-03,2.627074e-02,5.337140e-02,-7.118002e-02,-2.272133e-02,2.945454e-02,2.094143e-02,-4.084909e-03,-1.540306e-01,1.370259e-01,-1.618229e-03,-7.617097e-02,-6.452723e-02,6.426849e-02,1.497676e-01,-8.445956e-03,-2.145121e-02,-5.085040e-04,9.728331e-02,-1.229260e-01,2.323695e-02,-6.436370e-03,5.096196e-02,2.605134e-01,2.116076e-01,-6.414598e-03,1.128204e-01,6.346563e-02,
-6.566171e-02,3.931801e-02,-5.865121e-02,1.671638e-02,-2.639283e-02,-2.287753e-02,-1.414536e-02,4.340239e-02,9.295214e-02,-3.179373e-02,2.295733e-01,-8.293475e-02,6.432890e-02,-5.140874e-03,1.184642e-01,-6.332860e-02,6.448053e-02,1.132472e-01,-8.946766e-03,-4.263103e-02,-8.617682e-02,1.216951e-03,4.376202e-02,-5.880714e-02,-1.850814e-03,4.319042e-02,7.343919e-03,-3.709329e-02,3.948568e-02,-5.500348e-02,1.089593e-02,4.927210e-02,1.220641e-03,-1.583102e-01,-4.031092e-02,4.995347e-02,9.695613e-02,-7.838029e-02,-1.410921e-01,6.024434e-02,-2.656845e-02,8.392528e-02,-7.466827e-02,-1.748126e-02,-2.641596e-01,2.084043e-01,5.692240e-02,5.174120e-02,8.177839e-02,-4.014583e-02,
-4.111049e-02,3.068649e-02,-3.697580e-02,-5.592638e-02,1.868382e-02,-1.367937e-02,-3.877208e-04,2.542038e-01,-1.211980e-02,7.688752e-02,3.842205e-02,5.901321e-02,1.822241e-01,4.299901e-02,-1.089975e-01,-4.197719e-02,5.846249e-02,1.144838e-02,4.414449e-03,-3.919343e-02,3.084573e-02,1.337956e-01,5.680224e-03,-1.566967e-02,-2.254654e-02,7.198387e-03,1.922447e-02,-3.801976e-02,5.947683e-03,-5.239058e-02,1.181662e-01,-7.555938e-02,-2.653497e-02,-8.302246e-03,1.031829e-01,5.814695e-02,6.461765e-02,1.072978e-01,-2.366476e-02,-8.692569e-03,6.501839e-02,8.772922e-02,3.231535e-02,8.696405e-02,-2.200112e-01,6.650576e-02,1.778578e-02,4.517320e-02,-1.373889e-02,7.227012e-02,
-7.412695e-02,5.536647e-02,-2.262404e-02,3.501288e-02,1.895277e-02,-1.393261e-01,-4.270993e-02,1.304958e-01,-2.337264e-02,5.897434e-03,2.826917e-01,1.292340e-01,1.293199e-01,5.684361e-02,-1.960493e-01,-2.246595e-02,-1.390610e-01,-8.484126e-02,3.882222e-02,-2.587504e-02,5.176290e-02,-1.051290e-02,5.089714e-02,-3.714522e-02,-7.207154e-02,-1.797829e-01,-9.648538e-03,4.562488e-02,1.314853e-02,-6.847924e-02,4.685977e-02,1.126300e-01,3.277399e-02,3.375069e-02,-7.094816e-02,2.627885e-02,7.473811e-02,-5.495128e-02,1.218498e-01,9.627073e-02,8.005239e-03,-1.374445e-02,-3.216023e-02,2.055861e-01,1.279912e-01,-1.369486e-01,-6.030565e-03,-4.543335e-02,2.725085e-02,8.081983e-04,
-4.590521e-02,3.401819e-02,1.981330e-02,-1.041666e-02,5.438558e-03,9.144007e-03,-1.408463e-02,9.250994e-02,7.028876e-03,-1.045894e-01,3.033234e-02,1.144294e-01,1.037736e-01,5.281938e-02,-8.626989e-02,3.169545e-04,-2.532020e-02,-4.133619e-02,9.360982e-02,-1.538044e-02,1.073807e-02,-3.717575e-01,6.312483e-02,-3.406115e-02,-3.381556e-02,2.169985e-02,4.641813e-02,5.913834e-02,-1.502919e-02,1.526300e-02,-2.602644e-01,-1.090275e-01,1.546886e-02,-1.601903e-02,-1.144848e-02,-5.513408e-03,1.822031e-02,-1.741862e-02,-7.422235e-02,4.865390e-02,8.953246e-04,1.390902e-03,-1.783927e-02,5.957937e-02,4.624042e-02,2.819803e-02,1.606069e-02,6.179220e-02,1.625855e-01,-1.385298e-01,
-6.481677e-02,2.481112e-02,2.970013e-01,4.666496e-02,-1.161609e-01,1.059574e-01,-2.127551e-02,5.304278e-03,5.296028e-02,-7.836474e-02,9.344655e-02,3.498979e-02,3.423142e-02,2.370845e-02,2.340909e-02,-2.291571e-02,-4.233245e-02,-1.324093e-03,1.621327e-01,3.393687e-02,-4.948556e-02,1.063427e-01,-2.667625e-01,-6.798812e-03,6.193394e-02,8.330389e-02,-1.212673e-01,3.135589e-02,-5.306155e-03,1.313882e-01,-2.016764e-01,-1.782404e-01,-4.102547e-01,1.396200e-02,-6.970166e-03,6.201368e-02,-1.518926e-01,-2.874579e-02,1.213787e-01,8.481690e-02,-1.604197e-02,1.477046e-03,1.111201e-01,-6.728493e-02,-7.804205e-02,-1.787819e-02,-1.180294e-02,6.404467e-02,6.313089e-02,5.382749e-03,
-3.004340e-02,-5.196426e-02,3.855010e-03,-7.619592e-02,-3.113052e-02,6.254322e-03,-2.338639e-02,-1.314878e-02,6.465753e-02,-6.415741e-02,-3.408394e-04,-1.034672e-02,6.919889e-02,-1.316872e-02,4.807075e-03,1.896914e-01,5.444740e-02,1.046034e-01,6.087889e-02,3.914742e-02,8.534398e-02,1.465496e-03,-1.994027e-01,-6.117701e-03,-5.992555e-02,-1.095221e-01,-3.724991e-03,2.433385e-02,-4.633061e-02,1.449890e-01,-8.540439e-02,1.580624e-01,3.857997e-02,2.243928e-03,-5.261711e-02,-7.178902e-02,-2.389439e-02,1.657835e-01,1.162657e-01,-6.578313e-02,-1.980703e-01,-1.572250e-01,-1.080649e-01,-2.389041e-02,-6.447445e-02,-3.484587e-02,-9.546518e-02,-1.517920e-01,-8.284439e-02,5.598336e-04,
-4.696617e-02,-3.135396e-01,4.217854e-02,-2.658450e-01,-1.932388e-01,-4.492605e-02,2.045780e-02,-1.341334e-01,5.603388e-02,2.269709e-01,9.041284e-02,-8.954497e-02,3.489221e-02,2.979943e-02,-1.629743e-01,6.579938e-02,4.736525e-02,-4.933299e-02,7.741691e-02,1.674264e-01,1.806999e-02,5.543839e-03,5.365875e-03,-2.083725e-02,8.157349e-03,-1.581353e-01,9.714193e-02,-1.104273e-01,1.886726e-02,-3.317730e-02,2.176266e-02,-1.614546e-02,-3.970880e-02,5.639155e-02,1.640050e-01,-6.076128e-02,7.583765e-02,1.180110e-01,-9.005756e-03,9.512134e-03,7.392331e-02,4.219226e-02,-1.933185e-01,3.634137e-02,2.390937e-02,-7.309214e-02,-4.000523e-02,5.243354e-02,-7.461332e-02,4.696354e-02,
-4.528892e-02,5.142827e-03,-3.537357e-02,-1.383658e-01,-2.283950e-02,1.679372e-02,-1.080909e-01,-1.155754e-01,9.432038e-03,6.160198e-02,5.127393e-02,-1.122828e-01,-1.607585e-01,-5.536980e-02,-3.894797e-02,1.199202e-01,-1.595050e-02,1.612714e-01,-1.049688e-02,6.507613e-02,-7.401850e-02,-5.735581e-02,1.055341e-01,-1.088443e-01,5.560882e-02,-7.098431e-02,3.399484e-02,-1.354480e-01,1.606228e-02,-1.939318e-01,2.793280e-02,-1.221774e-01,-8.746455e-02,8.399136e-02,-1.186746e-01,-7.358091e-02,-1.716630e-04,-8.481199e-02,-6.292986e-02,8.993421e-02,-1.333491e-02,-2.533220e-02,1.041301e-01,5.187383e-02,3.358892e-03,1.234210e-02,-2.824687e-02,1.125110e-01,9.182526e-02,-3.963751e-02,
-9.726343e-02,-7.565802e-02,9.249521e-02,8.385693e-02,5.347338e-02,-2.506014e-01,1.239587e-02,-1.184625e-02,8.499515e-02,-1.056120e-01,-4.066714e-02,-3.150432e-02,1.559963e-01,1.342811e-01,6.564327e-02,2.115243e-01,1.402266e-01,-3.798538e-02,-1.265235e-01,8.477912e-02,-6.522824e-02,-1.537644e-01,2.161350e-02,5.399738e-02,-3.323493e-02,9.924606e-02,-6.119743e-02,1.826255e-03,1.066896e-01,-1.382310e-01,-7.214346e-02,9.812091e-03,-1.586507e-02,-7.311755e-02,-3.661760e-02,2.791405e-02,8.363397e-02,-1.015463e-01,1.885102e-01,-2.820931e-02,-2.389696e-03,8.426385e-02,-1.283042e-01,7.827272e-02,-1.985579e-02,1.095363e-01,-9.417085e-02,5.276371e-02,-2.904774e-02,1.036120e-01,
-3.466347e-02,-4.424764e-02,2.190473e-02,-1.831086e-02,4.220191e-02,-1.349288e-01,2.711478e-02,2.738574e-02,7.486610e-02,-2.179292e-02,2.857566e-02,3.485081e-02,6.188398e-02,4.605232e-02,-2.318984e-02,1.830893e-01,-3.136843e-01,-1.447375e-02,-6.152953e-02,4.010944e-02,3.237875e-02,4.792856e-02,-8.192254e-02,8.822599e-02,-4.820891e-02,2.078780e-01,2.507580e-02,-4.645505e-02,4.486746e-02,1.003179e-01,3.925368e-02,1.965572e-03,1.019882e-01,-2.986011e-02,1.027977e-01,-6.811797e-02,1.423762e-01,1.544303e-01,-1.462838e-01,-1.944687e-02,-2.942162e-02,1.404627e-01,8.336985e-02,-1.396802e-01,-3.227926e-02,-1.752748e-01,-4.229283e-02,-7.139352e-02,4.785034e-02,-3.722840e-02,
-4.004820e-02,-1.411388e-01,1.179201e-01,-2.549076e-02,6.544901e-02,8.974768e-03,4.890856e-02,1.299641e-01,2.110447e-01,1.006425e-01,2.159709e-01,4.173789e-02,4.922798e-02,5.842804e-02,-1.200870e-01,-8.364702e-02,-3.095327e-02,-2.172991e-02,-6.921709e-02,-1.397335e-02,-7.438884e-02,-8.529011e-02,-1.193020e-01,3.687625e-02,-2.060134e-02,-1.366212e-01,-6.431413e-02,1.291311e-01,-5.282965e-02,-4.183543e-02,-5.368495e-02,1.155177e-01,8.207775e-02,-6.977232e-02,1.251098e-02,-1.513386e-01,-1.359178e-01,-1.593510e-01,-1.117531e-01,-2.226565e-02,-2.883574e-02,9.829044e-02,-1.100305e-01,-2.521169e-02,-2.396716e-02,-5.728066e-02,4.257810e-02,-4.276755e-02,1.570785e-01,-1.089153e-01,
-3.700408e-02,-5.092247e-02,-1.090221e-02,-1.092010e-01,6.569553e-02,2.461441e-02,-1.327383e-02,2.312384e-01,4.133011e-02,3.544805e-02,1.399361e-02,2.074360e-01,-7.681185e-02,1.861730e-02,-2.734841e-02,1.851117e-02,6.687341e-02,-1.196988e-02,7.571135e-02,1.677288e-02,-1.275611e-01,-3.462581e-01,5.239461e-02,-3.144003e-02,-2.069240e-02,-1.226662e-01,-4.676048e-03,-1.855480e-01,-8.364017e-03,-2.517864e-02,1.845854e-02,-6.217055e-02,-5.134825e-02,7.009689e-02,1.763119e-02,1.875641e-02,2.668470e-02,6.122807e-02,6.886294e-03,4.441237e-02,2.474212e-02,-5.116323e-02,-8.299140e-02,-1.818199e-02,8.778698e-02,1.067847e-01,4.050068e-02,-6.403452e-02,-1.520816e-01,-7.387269e-02,
-9.169901e-02,-1.171531e-01,-3.514728e-02,-3.378117e-02,1.066827e-01,6.141128e-02,-2.935129e-01,1.258038e-01,-1.323367e-02,-8.359489e-02,1.480916e-01,-6.167583e-03,-9.666345e-02,-5.400793e-02,2.583516e-01,-3.205731e-02,5.036744e-02,-1.746648e-01,8.241114e-02,1.750399e-02,2.077961e-02,1.460829e-01,6.863527e-02,7.128221e-02,-4.522278e-02,2.740375e-02,5.920533e-02,-1.620572e-01,4.499331e-02,5.257427e-03,2.888136e-02,1.802911e-02,3.831287e-02,-1.186784e-01,2.467891e-01,6.303755e-02,2.217940e-02,3.943586e-02,2.554771e-02,-3.296390e-02,2.005473e-02,-6.977343e-02,-8.855810e-02,5.160161e-02,5.373420e-02,8.991223e-03,1.397613e-01,7.136903e-02,-7.848647e-02,2.624812e-02,
-9.812807e-02,-1.445419e-03,-7.168163e-02,-2.440869e-01,9.443599e-02,6.891393e-02,-1.762700e-01,-1.874087e-01,-9.968942e-02,4.811421e-02,2.517008e-02,-2.389524e-01,2.174165e-01,-5.957535e-02,1.468216e-01,2.397472e-02,7.441278e-02,-6.860035e-02,9.358113e-02,-3.314909e-02,4.806542e-02,2.703596e-02,-8.555566e-02,3.163458e-02,-3.972698e-02,-3.650781e-02,1.427186e-02,2.273090e-01,7.576244e-02,8.958733e-02,2.068129e-01,4.524555e-02,-7.488267e-02,-9.540446e-02,-2.052999e-01,6.905126e-02,1.428879e-02,1.141428e-03,-7.622720e-02,-1.841625e-01,1.598852e-02,8.842393e-02,-2.944507e-02,-3.769953e-02,2.180084e-02,-3.257843e-02,-8.917253e-02,3.803670e-02,9.102840e-02,-1.079942e-01,
-1.969557e-01,-1.316140e-02,-1.349154e-01,-1.270621e-01,-1.644946e-01,6.816116e-02,2.459120e-01,-1.212020e-01,-2.516787e-02,1.376443e-01,2.088082e-02,-8.873631e-02,-2.184887e-03,-1.438099e-02,5.999853e-02,-1.482338e-01,-9.381351e-02,1.569884e-01,-3.491397e-02,5.971767e-02,1.502822e-02,-1.941877e-02,-2.534764e-02,7.275335e-02,1.740172e-02,1.061574e-02,-5.116651e-02,6.236660e-02,-2.106844e-02,-7.351308e-02,-1.354511e-01,4.357081e-02,-1.293559e-02,8.054110e-02,2.130299e-02,2.375184e-02,-1.827766e-03,9.996203e-03,-1.074209e-01,4.193262e-02,-7.035069e-03,-1.126595e-01,-9.336955e-02,-3.185547e-02,2.725352e-02,-1.529693e-01,1.605872e-02,-8.772734e-03,-7.899008e-02,-8.009288e-03,
-8.527959e-02,-3.415619e-03,-4.972947e-02,-3.646521e-02,-3.117348e-02,4.040037e-03,4.903041e-02,-9.923514e-04,1.439746e-02,-9.676767e-02,-6.054071e-02,-8.587912e-03,-5.510820e-02,-1.418925e-02,2.948759e-02,3.599899e-02,-1.852156e-02,1.047396e-01,-7.194856e-02,6.120189e-02,-1.594019e-01,5.127739e-03,2.590128e-02,2.168447e-02,-4.564346e-03,2.561183e-02,8.101012e-02,1.226632e-01,-2.511538e-02,-1.039670e-01,-1.379754e-01,7.712440e-02,-1.558506e-02,1.372343e-01,3.661039e-02,-1.052451e-01,2.705674e-02,-4.547290e-02,1.357455e-01,-7.927340e-02,7.436944e-02,-2.059909e-01,1.803249e-02,2.645537e-01,-1.119859e-01,8.697231e-02,-8.015757e-02,4.573137e-03,-1.349927e-02,-8.329067e-03,
-1.759814e-01,1.092085e-01,1.949705e-01,-1.544888e-01,-4.226366e-02,2.225387e-02,-1.499935e-01,3.192500e-02,-2.294206e-01,2.017364e-02,-8.267134e-02,3.663336e-02,2.977389e-02,1.285897e-01,7.876462e-02,-3.384685e-02,-7.291801e-02,-5.489279e-02,-8.697511e-02,1.126763e-01,1.317282e-01,-5.277107e-02,3.907249e-02,-1.454203e-02,5.130047e-02,-7.040355e-02,-4.159219e-02,5.094363e-02,1.997934e-02,-8.627275e-02,4.820895e-02,-1.433524e-02,7.362186e-02,1.406788e-01,3.841814e-02,1.000118e-01,2.786504e-03,-7.354788e-02,1.627956e-02,1.099035e-01,1.484941e-02,1.943690e-01,1.045639e-01,2.921306e-02,-1.533521e-02,-5.188700e-03,1.387362e-02,1.808881e-03,-3.163563e-02,-4.777128e-02,
-8.363253e-02,-2.733288e-02,-1.655507e-02,-6.488971e-02,1.955483e-02,2.424758e-02,-3.395894e-02,3.222607e-02,-2.550572e-02,-1.469913e-01,-9.421574e-02,-1.238404e-02,1.132250e-01,6.130514e-03,-9.289560e-02,-6.350407e-02,4.216030e-03,-4.877265e-02,-3.561130e-03,-1.933911e-02,1.834276e-02,8.663850e-02,-4.296804e-03,6.597749e-02,2.872804e-01,1.743728e-01,5.725634e-02,-1.266991e-01,4.057527e-02,8.084347e-02,-8.710378e-02,1.168423e-01,1.473959e-02,-6.143266e-02,1.318908e-01,-1.760434e-01,1.771426e-01,-1.295547e-01,-2.066514e-01,3.116252e-02,-5.268765e-02,7.339288e-02,-5.444596e-02,-5.552544e-02,6.635811e-02,3.259244e-02,-4.466320e-02,1.291021e-01,-3.681415e-02,-6.954847e-02,
-1.312685e-01,-2.507761e-01,-2.252570e-02,1.060578e-01,3.755525e-03,4.063576e-02,7.546315e-02,7.818102e-02,1.036553e-01,8.638535e-02,-1.515216e-01,-5.341312e-03,5.355195e-02,-8.595677e-05,-6.536465e-03,-9.950903e-02,-6.620555e-02,-9.611154e-02,-7.792675e-02,5.727335e-02,-1.554931e-01,-2.335453e-02,-8.793315e-02,2.037039e-01,-9.738256e-02,6.980188e-03,-7.821437e-02,-1.070085e-02,2.093872e-02,5.088238e-04,-1.697985e-02,-5.656559e-02,3.010259e-02,-7.781216e-02,-3.233103e-02,-7.147966e-02,-1.544313e-01,-2.301143e-01,-1.441409e-01,-4.171467e-02,-9.830171e-02,-4.376850e-02,3.962870e-02,-1.081401e-01,-1.911625e-02,2.607146e-02,-3.342401e-02,3.753981e-02,1.739206e-01,-1.538034e-02,
-6.323727e-02,8.566044e-03,-4.967659e-02,2.195772e-02,-2.820060e-02,2.824842e-02,-2.191932e-02,9.808161e-02,7.564348e-02,6.576747e-02,-8.748116e-02,4.915903e-02,-6.318618e-02,-1.802002e-02,-5.292301e-02,3.328374e-01,8.762073e-03,-8.297581e-02,4.301534e-02,1.333071e-01,-1.281608e-01,-1.116684e-02,1.559317e-01,-5.629574e-02,-7.859479e-02,7.338141e-02,-1.701297e-01,1.205615e-01,-1.716709e-02,-1.356404e-02,9.127281e-02,-2.758113e-02,-3.484150e-02,-6.495069e-03,-1.090976e-01,-8.331399e-02,-3.195769e-02,1.549364e-02,-2.133913e-02,-6.680459e-02,4.614971e-02,-7.191746e-04,-1.256788e-01,-1.431529e-01,4.827874e-02,4.649959e-02,-6.514512e-02,1.875244e-02,-4.596205e-02,-5.463324e-02,
-1.239899e-01,7.627093e-02,-1.111474e-01,1.365555e-01,-1.333470e-01,5.075879e-02,-7.450267e-02,-1.457813e-02,1.658291e-01,4.181167e-02,-3.792606e-02,-2.374601e-02,-3.392691e-02,-4.440899e-02,-2.867499e-02,1.064107e-01,-2.159536e-02,-8.485532e-02,-4.197995e-02,1.173906e-01,1.181874e-01,-2.724081e-02,-6.105119e-02,-4.275248e-02,-1.728296e-02,5.008605e-02,-5.661864e-02,8.039146e-03,-3.130219e-02,-6.246437e-02,3.893017e-02,6.663343e-02,-6.272571e-03,-1.032484e-01,1.097317e-01,1.109368e-01,2.289740e-01,1.351187e-01,1.805183e-01,4.200658e-02,1.486222e-01,-3.510737e-02,5.174274e-02,3.612826e-02,1.990527e-02,-8.750588e-02,2.046968e-02,1.256553e-01,-7.704517e-02,-2.304766e-01,
-7.392819e-02,5.528696e-02,-6.795285e-02,-4.080359e-02,-2.871784e-02,3.487839e-02,-4.892009e-02,-8.132607e-02,3.682805e-02,7.133178e-02,4.291542e-02,-6.104850e-02,1.590637e-01,-9.953256e-03,-9.855262e-03,4.036438e-02,2.875506e-02,9.235480e-02,1.267331e-03,1.389311e-02,-3.473460e-02,-6.416674e-03,-1.632544e-01,-5.514754e-02,2.029184e-02,-1.308195e-02,1.348684e-01,-1.063075e-01,1.388934e-02,4.556151e-02,4.553308e-02,1.041481e-01,-1.887191e-02,-5.508618e-02,-4.119310e-02,1.849909e-01,-6.434305e-02,-6.784279e-02,1.687133e-01,-9.730972e-02,8.265326e-02,1.047049e-01,1.103105e-01,6.647920e-02,4.155646e-02,1.136850e-02,1.403712e-01,6.517164e-02,1.854618e-03,-3.612957e-02,
-1.394870e-01,1.043316e-01,-9.827325e-02,-2.960431e-02,-8.870135e-02,-1.759715e-02,1.583662e-01,-5.490034e-02,7.653123e-02,6.113956e-02,2.008140e-01,-5.359390e-02,4.471958e-02,3.457693e-02,1.436038e-01,-8.451138e-02,4.537807e-03,1.129065e-01,3.515818e-02,3.644427e-02,3.298543e-02,2.585187e-02,9.786700e-02,-2.580412e-02,-2.568448e-02,3.543685e-03,-5.713689e-02,2.347540e-02,-7.284738e-03,-1.502408e-03,-7.831793e-02,-2.264325e-02,4.047238e-02,5.168572e-02,-1.426562e-02,6.202817e-02,-4.182831e-02,7.849228e-03,-1.086359e-01,-4.756729e-02,-1.223133e-01,7.450029e-02,-1.678816e-02,-4.373410e-02,1.070997e-01,3.224257e-02,-5.676438e-02,1.042159e-01,-4.150295e-02,-4.461048e-03,
-7.524266e-02,5.615002e-02,2.279032e-02,-1.998143e-01,-1.878470e-03,1.673678e-02,-3.854129e-02,-2.905429e-02,-7.070561e-02,-5.161227e-02,7.012968e-02,3.537926e-02,-9.213371e-02,6.687915e-02,2.034133e-01,7.134874e-03,-9.881867e-02,-3.110114e-03,-1.092849e-01,6.955984e-02,-6.261613e-02,8.415756e-02,1.461636e-02,-1.649154e-03,-1.618473e-01,-2.035916e-02,-1.483827e-01,1.733741e-01,-9.830614e-02,-5.324640e-02,-1.061862e-01,-6.116304e-03,8.406680e-02,1.426380e-01,1.832678e-01,4.025492e-02,-9.198461e-02,-2.245986e-02,-6.029992e-02,1.058213e-01,4.552903e-02,-1.291640e-01,1.866384e-02,-1.492142e-01,6.967733e-03,6.739926e-02,-2.060818e-03,-1.564606e-02,1.228693e-02,3.729493e-02,
-8.816631e-02,-7.461584e-03,7.680563e-03,-3.700270e-02,7.135242e-02,8.333805e-02,1.016415e-01,-1.039693e-02,1.493542e-01,-4.137008e-02,3.330708e-02,-6.192993e-02,2.647798e-02,1.066022e-02,5.920035e-02,-9.616975e-02,-4.441945e-02,-1.885819e-01,-2.142823e-02,-4.357936e-02,-4.369733e-02,-2.457575e-03,4.765089e-02,-7.257526e-02,5.315451e-02,4.873460e-02,-5.315577e-02,7.714840e-03,-7.172620e-03,6.013940e-02,3.873533e-02,7.924585e-03,2.493039e-02,6.483919e-02,-1.491831e-02,1.555490e-02,-3.437180e-02,5.529482e-03,1.491850e-02,1.109358e-01,4.026138e-01,5.425461e-02,-2.236928e-02,7.845219e-02,8.839978e-02,1.447817e-03,-2.956018e-02,-2.168246e-02,-1.383661e-03,-1.251115e-03,
-7.949115e-02,-1.789874e-02,-5.290260e-02,6.229419e-03,4.988760e-02,5.411100e-02,4.136991e-02,1.158660e-02,3.525853e-03,-3.552321e-02,-4.147555e-02,1.723373e-02,1.668470e-01,1.718110e-03,-3.301212e-02,6.127233e-03,6.237085e-02,-1.806340e-02,4.873089e-02,-2.503511e-02,-4.393653e-03,5.142164e-02,5.870423e-02,-1.081790e-01,3.108178e-01,5.724021e-02,-6.335847e-02,1.926512e-02,2.127621e-03,-1.367144e-02,-1.219888e-01,8.493180e-04,2.944025e-02,-3.553059e-02,-4.002630e-02,-5.049214e-02,4.167662e-03,3.469857e-02,9.546784e-02,-5.483247e-03,1.244731e-01,-4.645590e-03,-1.130501e-01,4.328608e-02,-4.379975e-02,-1.609814e-02,-3.512144e-02,1.571390e-02,-8.741003e-03,3.370216e-02,
-1.642246e-01,-2.207948e-01,-6.891382e-02,1.093211e-01,-1.754789e-01,3.501208e-02,5.516527e-02,1.051160e-01,-1.992739e-01,1.088110e-01,-1.318795e-02,1.189392e-01,7.701423e-02,2.349851e-02,-8.096836e-02,5.534720e-03,1.670421e-02,-6.262014e-02,4.644391e-02,1.751629e-01,3.298915e-02,7.960427e-02,3.125316e-02,6.754987e-02,7.030975e-02,-7.831572e-03,5.302565e-02,-1.202642e-02,1.092803e-02,-6.754628e-02,-9.756789e-02,-5.989335e-02,4.582808e-02,-2.303682e-01,-1.666913e-01,-3.783690e-02,6.083422e-02,4.719312e-02,6.357164e-02,-5.102212e-02,-7.210100e-02,-9.286618e-02,2.731807e-01,-1.390045e-01,1.336528e-01,1.202933e-01,-2.478664e-02,2.626397e-02,-2.035656e-02,1.517067e-02,
-8.384185e-02,-1.243275e-02,-5.844700e-02,-1.807044e-01,1.504659e-02,2.430281e-02,8.083216e-02,2.141411e-01,-9.119979e-02,6.254558e-02,-9.965958e-02,3.709183e-02,-1.909855e-01,-1.400644e-02,-1.852710e-01,3.738830e-02,-1.098852e-02,-4.060634e-02,5.131672e-02,4.808539e-02,6.205366e-02,1.117052e-01,-7.096623e-03,3.019443e-02,-2.834018e-01,2.051168e-01,1.084454e-01,1.081669e-01,-1.547686e-02,-4.652182e-02,5.883993e-02,-2.282558e-03,-5.891763e-02,-9.204190e-02,5.518980e-03,1.152272e-01,-7.567308e-02,8.429143e-02,-2.870908e-02,-5.301750e-02,-2.042471e-02,1.011923e-01,-4.105519e-02,1.016292e-01,2.245726e-02,8.484098e-02,1.178340e-03,-5.994636e-03,4.930134e-02,1.385249e-02,
-1.338821e-01,9.533952e-04,-9.040254e-02,-4.139563e-02,9.933715e-02,-2.537575e-01,5.192379e-02,-1.024805e-01,-5.410718e-02,2.500866e-03,-5.282235e-02,1.604144e-02,-1.639901e-01,-2.561500e-02,2.138246e-02,-4.434888e-02,5.943424e-02,-4.517834e-02,7.906378e-02,-2.259419e-02,3.892029e-02,2.651462e-02,-1.138016e-01,-1.239315e-01,-1.555308e-01,-4.466525e-02,-1.854467e-02,1.368345e-01,1.022014e-01,2.247378e-01,-6.772934e-02,-1.013680e-01,-2.850311e-03,-2.599301e-02,1.235697e-01,-2.221994e-01,4.332489e-02,-1.067724e-01,-2.696286e-02,-7.453878e-02,4.481019e-03,7.918461e-02,1.389216e-02,2.773157e-02,-1.075948e-01,5.702493e-02,7.966191e-02,6.115356e-02,-1.490739e-01,-1.295489e-02,
-5.153392e-02,1.905501e-02,-2.865941e-02,-1.321569e-02,4.212737e-02,-5.175139e-02,-1.525477e-01,-1.176042e-01,1.287300e-02,-1.171475e-02,-2.619431e-02,2.592981e-02,-1.661602e-02,-2.304404e-02,-2.563986e-02,4.174826e-02,-1.050492e-01,2.597159e-01,-2.249395e-02,-1.718974e-02,7.306589e-02,-2.220982e-02,-9.189844e-02,-7.074629e-02,9.244984e-02,-1.424563e-01,-7.151125e-02,-1.300040e-01,-2.427244e-02,2.173141e-01,-6.436747e-02,-3.752100e-02,8.079312e-02,-4.981284e-02,9.518788e-02,1.186667e-01,-3.808566e-03,-9.790944e-02,1.387445e-01,7.530368e-02,-1.242594e-01,2.490382e-02,4.798061e-02,-3.555501e-02,9.832549e-02,1.319704e-01,1.714990e-02,3.492490e-02,-1.740680e-02,1.233014e-01,
-7.570654e-02,3.602951e-02,7.638875e-02,6.284303e-02,3.184820e-02,5.974801e-02,-2.276953e-02,-3.988590e-02,2.128824e-01,7.262201e-03,-9.672606e-02,-7.228854e-02,2.000148e-02,7.901915e-02,4.283289e-02,-5.429205e-04,1.596350e-02,5.597588e-02,6.662614e-02,-1.485902e-02,1.830867e-01,3.991117e-05,6.613721e-02,-2.178077e-03,-2.576767e-02,-3.836613e-02,3.318102e-02,-7.360562e-02,-8.108344e-02,-1.429885e-01,-6.032926e-03,2.249554e-02,6.840740e-02,-1.581544e-02,1.427852e-02,-4.098439e-03,-3.097513e-02,1.693723e-01,-1.062947e-01,1.012464e-01,-1.834770e-01,4.540271e-04,1.122365e-01,4.778997e-02,-3.441600e-02,1.544574e-02,9.168928e-02,6.427660e-02,-2.007457e-01,-5.783647e-02,
-3.807273e-02,9.736514e-03,-1.585801e-03,-2.019669e-02,3.221627e-02,3.438472e-02,2.183572e-02,6.357812e-02,1.051926e-01,-2.994985e-02,-5.368434e-02,-3.056238e-02,1.049865e-01,2.150876e-02,5.299296e-02,4.517771e-02,1.811076e-02,-8.210839e-02,3.590976e-02,-8.827230e-03,4.528004e-02,3.860830e-02,-7.460849e-02,1.155016e-02,-8.905703e-02,-6.271571e-02,-1.068426e-01,-6.480671e-02,-3.229579e-02,-8.084057e-02,-2.272945e-03,-8.423300e-03,2.099192e-02,3.420728e-03,-1.954281e-02,8.035117e-02,6.767238e-02,6.235143e-02,-1.142289e-01,6.150869e-02,6.948413e-02,2.696483e-02,-1.752532e-02,-7.143799e-02,1.203313e-02,-3.826990e-02,4.139060e-02,8.259732e-02,-1.768087e-01,6.332126e-02,
-8.825184e-02,6.088466e-02,-6.953440e-02,2.662832e-02,-3.054906e-01,-1.952772e-02,-3.660000e-02,2.178426e-02,4.764661e-02,-2.563062e-02,-1.781731e-01,-4.463384e-02,-2.018146e-02,-2.069993e-02,-8.586388e-03,-1.005477e-01,3.800477e-02,-2.161795e-02,3.454210e-03,2.813881e-03,-4.473072e-02,-3.581067e-02,1.355678e-01,-1.239888e-01,-8.869141e-02,-3.285400e-02,-6.336713e-02,-2.210210e-01,1.067691e-01,3.616147e-02,5.300213e-02,8.435088e-03,-1.135083e-01,-1.037394e-01,4.221538e-02,1.099355e-01,5.327883e-02,-4.708342e-02,-4.740666e-02,-7.620082e-02,-2.204169e-02,9.006712e-02,-1.048735e-01,-2.943072e-02,-1.424923e-01,-9.851975e-03,-1.261957e-02,-4.469673e-01,9.606937e-02,-9.098685e-02,
-3.660695e-02,2.519655e-02,-2.923792e-02,-1.162429e-01,-5.487075e-04,2.017894e-02,-1.838037e-02,-1.532326e-02,5.890481e-02,9.177957e-02,-5.350077e-02,-5.764164e-02,1.457280e-02,-2.023684e-02,-4.334500e-02,2.349431e-02,1.112277e-02,7.575664e-02,-1.502438e-02,-1.105242e-02,-6.495799e-02,-8.538510e-03,1.014652e-01,-6.688008e-02,-1.064786e-01,-2.469965e-02,3.821447e-03,3.096142e-02,3.351024e-02,-1.020612e-02,3.360470e-02,-1.156953e-02,-9.150337e-02,-6.640740e-02,-4.917189e-02,4.174644e-03,-1.486127e-01,7.313401e-02,1.225649e-02,9.149547e-02,5.495140e-02,5.063670e-02,5.999222e-02,-2.563382e-02,6.334473e-02,6.486245e-02,2.966235e-02,-6.947484e-02,-3.490623e-02,-1.319293e-03,
-4.185496e-02,1.869534e-02,-2.972877e-02,-1.529694e-02,2.877629e-02,3.237907e-02,-1.759514e-01,-1.514273e-02,1.380746e-01,1.568950e-01,-1.255872e-03,-5.983119e-02,4.765054e-02,-4.975473e-02,-7.585071e-02,-7.232393e-02,4.509311e-02,-8.543768e-03,-9.274701e-02,-3.594064e-02,3.017467e-02,-5.797666e-02,1.259338e-02,-5.978709e-02,2.808851e-02,3.595763e-02,-6.243905e-02,1.808648e-01,2.404616e-02,-4.794905e-02,-1.166109e-01,9.961617e-02,-3.387585e-02,-3.725944e-02,9.741514e-02,-3.437094e-02,-9.219190e-02,-3.339371e-02,-1.569400e-02,4.009796e-03,-1.669943e-02,-5.262549e-02,6.514185e-02,8.042468e-02,9.738701e-02,-5.598711e-02,8.327315e-02,-4.246433e-02,-1.137808e-01,-5.267792e-04,
-3.303257e-02,1.235675e-02,-9.744360e-03,8.074508e-03,2.320139e-02,2.939000e-02,-1.398589e-01,7.866527e-02,-3.399205e-04,7.546654e-02,-1.690451e-02,1.729064e-03,6.472082e-02,2.602157e-02,4.314904e-03,1.714694e-02,5.699515e-02,3.526665e-02,1.830894e-03,3.089717e-03,-2.018056e-02,-2.729120e-01,6.471786e-03,-6.522281e-02,3.214628e-02,4.378417e-02,9.458267e-03,1.013473e-01,-1.115355e-02,7.630980e-02,-4.784311e-02,-8.277156e-02,2.747762e-02,-4.955901e-02,1.340789e-01,-7.036004e-02,-9.681731e-02,1.382652e-01,-8.684099e-03,-1.665272e-02,-6.361518e-02,-2.046174e-02,-4.898830e-02,-2.225584e-02,-1.201308e-01,-2.771137e-03,7.534187e-03,6.040419e-02,2.909760e-02,3.513770e-02,
-7.790267e-02,-4.122799e-02,1.053369e-01,9.190628e-02,4.882443e-02,8.224844e-02,-1.834552e-02,5.655712e-02,-3.440902e-02,-8.174864e-02,1.573892e-01,1.037978e-01,-9.217837e-02,5.057907e-02,-6.230951e-02,3.196613e-02,-3.607877e-02,4.863833e-02,1.130009e-01,2.200533e-02,5.695743e-02,3.031726e-02,-1.057067e-01,7.212173e-02,6.399249e-02,-4.929663e-02,1.222228e-01,2.787876e-02,-4.164052e-02,4.295144e-02,8.956148e-02,-3.149584e-02,-2.374435e-01,3.738359e-02,5.322122e-02,-4.703977e-02,-9.489175e-02,1.193318e-01,6.703796e-02,2.009184e-02,-5.397360e-02,5.407906e-02,-5.613005e-02,-1.214007e-01,5.662385e-02,-3.279372e-02,-5.202384e-02,4.916454e-02,1.072980e-02,-5.138732e-02,
-4.634235e-02,1.465034e-02,4.285465e-02,-2.401794e-02,3.248745e-02,3.974571e-02,8.165077e-02,6.170879e-02,-1.054383e-02,-1.281254e-01,8.111301e-02,1.188774e-01,3.257468e-02,-1.263861e-01,-9.181329e-02,1.358975e-02,2.947692e-02,5.504674e-02,-4.039670e-02,-2.645436e-02,1.765373e-02,-2.883858e-02,-1.062762e-01,3.095457e-02,3.578959e-02,4.561284e-02,7.949643e-02,2.121201e-02,1.050064e-01,2.846252e-03,-2.752256e-02,3.916333e-02,-1.409676e-01,-2.279720e-02,-3.371074e-03,-1.191931e-02,9.938303e-02,1.957243e-02,-3.042475e-02,-2.631241e-02,1.634761e-02,-1.565365e-02,-1.357922e-01,-2.361517e-02,1.231209e-01,5.992769e-02,-5.149578e-02,3.922266e-02,-9.504952e-02,-2.879212e-02,
-9.661783e-02,2.502653e-02,1.570746e-01,-3.356421e-02,1.096977e-02,-1.163918e-01,1.830449e-01,-2.949058e-02,-8.710792e-02,-5.264170e-02,1.296197e-01,-1.457296e-02,2.661599e-02,-3.886540e-01,-6.240029e-02,2.381977e-03,2.639256e-01,-7.529501e-02,2.304161e-02,-1.949033e-02,-1.405118e-02,-3.824759e-02,-4.693024e-02,-8.630795e-03,6.709133e-02,5.032741e-02,-1.321418e-02,1.048652e-01,-3.417282e-01,-3.773496e-02,1.858599e-01,1.840142e-02,1.274817e-01,4.669023e-02,1.223271e-02,2.841840e-03,1.100823e-01,-8.760662e-02,-8.616580e-02,4.039566e-02,5.813359e-02,-1.484107e-02,-1.631933e-02,9.423739e-04,3.797395e-02,5.546510e-02,-2.812879e-02,-4.597978e-02,-6.951405e-03,1.819969e-01,
-5.296738e-02,3.653608e-02,-3.099685e-02,-3.768506e-02,-2.713210e-03,-2.417594e-02,-2.411958e-02,-4.472050e-02,-1.242112e-03,-6.947825e-02,-3.236551e-02,2.047392e-02,5.763822e-02,-3.510294e-02,-8.345943e-02,7.726048e-02,-1.039034e-02,-7.328419e-02,8.707523e-02,1.008763e-02,5.912686e-02,4.372458e-02,1.341956e-01,-1.010193e-02,8.288650e-02,6.262650e-03,-4.520831e-03,-5.438030e-05,-1.244774e-01,-1.241613e-01,1.264732e-02,-1.578593e-01,-1.812303e-02,8.031792e-02,-5.105979e-02,7.569310e-02,1.040950e-01,-6.045750e-02,-4.194696e-02,2.986670e-02,-3.434209e-02,-2.182065e-02,1.011342e-01,1.092028e-01,-1.853948e-01,-1.687161e-01,5.092214e-02,3.278768e-02,2.585801e-01,-3.110328e-02,
-1.381801e-01,1.033730e-01,-5.716022e-02,1.331235e-01,5.281085e-02,-2.288983e-01,5.688073e-02,-6.075549e-02,-7.159248e-02,-8.689463e-02,1.154320e-01,3.244585e-02,-2.515264e-02,1.975507e-01,-3.918095e-03,-2.487582e-02,7.871007e-02,-4.082130e-02,-2.150789e-01,3.057757e-02,-2.936563e-02,-1.820095e-01,4.804026e-02,-1.599509e-02,4.025482e-02,5.083505e-02,-4.965649e-02,1.132213e-01,-4.683110e-02,-3.369655e-02,-4.952069e-02,-1.700269e-03,-1.206437e-01,-7.474281e-02,-3.320819e-02,2.331996e-01,-5.996036e-02,9.437449e-02,-9.598092e-02,-1.252010e-01,-1.928065e-02,-4.068583e-02,-3.054743e-02,-9.796640e-02,5.674075e-02,-9.617780e-02,3.146415e-02,-2.661302e-02,-1.329426e-01,-2.805962e-02,
-8.270986e-02,6.174572e-02,-7.636422e-02,3.729206e-03,5.568232e-02,-3.199138e-02,2.901981e-02,5.951628e-02,-2.303787e-02,4.759588e-02,-4.287821e-02,-3.833392e-02,1.481324e-01,4.704536e-03,-1.242899e-02,-9.541404e-02,-4.725207e-02,3.125904e-01,-8.572261e-02,-8.908248e-02,-9.167415e-02,-2.496929e-02,1.665584e-02,-1.242777e-02,-8.864391e-02,7.613918e-02,7.786472e-02,1.282652e-01,1.696441e-01,-2.582950e-02,3.087076e-02,-6.943162e-02,-4.406129e-03,-1.179427e-01,1.188356e-01,-5.186341e-02,-5.973985e-02,1.434786e-01,2.578636e-02,7.621262e-03,1.540738e-01,-1.017375e-02,-3.717294e-02,-3.159657e-02,7.860561e-02,-2.179558e-02,-6.979044e-02,1.807400e-02,-8.129260e-03,-2.503800e-02,
-1.286952e-01,7.968464e-02,-1.155782e-01,6.035640e-02,7.939386e-02,5.628294e-02,-3.506592e-02,8.493755e-02,5.016746e-02,1.682555e-01,-7.795292e-02,-1.260446e-01,-1.305991e-02,-6.188984e-02,-9.096145e-02,-1.665817e-01,9.076241e-02,1.424841e-01,-1.784906e-01,-9.597492e-02,4.392701e-02,-6.474599e-02,-1.019059e-01,2.082086e-02,3.376657e-03,1.352561e-01,-3.128081e-02,-2.523045e-02,-1.096285e-01,-6.558463e-02,6.560561e-02,-5.897903e-02,-1.337342e-01,-3.398852e-03,7.765431e-02,-4.052097e-02,4.147300e-02,-5.104518e-02,1.012496e-01,1.590077e-01,-6.916378e-02,-4.748191e-02,-1.626208e-02,1.100946e-01,1.159795e-01,-3.636042e-02,-1.617549e-02,-7.630283e-02,-2.559950e-03,-9.159046e-02,
-4.717539e-02,-3.632110e-02,-2.693489e-02,-3.272233e-02,5.430891e-02,1.966210e-02,-2.626689e-01,7.194708e-03,-2.489254e-02,2.095698e-01,-8.426363e-02,-7.219527e-02,-1.396649e-02,-6.146905e-02,-9.551297e-02,1.765601e-02,8.254842e-02,-1.133879e-02,-8.161460e-02,5.912460e-03,-6.314296e-02,-5.905763e-02,-1.829509e-02,-8.126126e-02,1.319775e-01,8.345868e-02,-7.302810e-02,-6.440259e-02,5.387903e-02,5.247325e-03,1.334234e-02,-1.881839e-01,-1.790195e-02,5.355855e-02,-1.669034e-02,-5.086868e-02,-1.954745e-02,7.823163e-03,-7.838456e-02,-1.063357e-01,1.883479e-02,-4.207383e-02,9.162365e-02,1.514033e-02,4.569605e-02,3.426016e-02,-7.413414e-02,-1.047261e-01,4.706277e-02,2.395593e-01,
-6.726323e-02,-2.982706e-01,2.309946e-02,-3.112521e-02,8.057376e-02,1.131515e-02,-1.606436e-01,-1.604642e-01,1.060240e-01,-5.008722e-02,-9.265255e-02,-5.917038e-02,-7.706898e-02,-4.624528e-02,-1.969645e-02,-5.801613e-02,4.642644e-02,-1.590158e-01,4.429911e-02,1.592806e-02,5.916844e-02,-1.703708e-02,1.418733e-01,1.240153e-01,1.356157e-01,-1.129788e-01,3.524682e-02,7.739071e-02,-4.928927e-03,-3.047588e-02,4.832073e-02,-4.780247e-02,-6.559678e-02,-8.732557e-02,-7.210845e-03,-2.403696e-02,-8.343332e-03,7.458776e-02,1.176326e-02,-1.882529e-02,-4.411777e-03,-1.296160e-01,-1.114005e-01,-6.940478e-03,3.285755e-02,-7.624302e-02,2.515832e-03,-1.244095e-01,7.421018e-02,-8.660308e-03,
-4.195963e-02,4.396015e-03,4.510211e-03,-2.106431e-01,4.176881e-02,2.334927e-02,1.068937e-01,-8.303682e-03,8.078436e-02,-2.116417e-01,-2.106272e-02,-1.157745e-01,-1.507929e-01,-8.942473e-02,-9.515429e-02,-3.613605e-02,1.705144e-02,-1.485500e-01,9.917161e-02,-5.353906e-02,-2.635430e-02,-1.834440e-02,-1.103479e-01,1.005157e-01,-9.331460e-02,1.440826e-03,-7.313802e-02,-1.521544e-01,1.973685e-02,-1.755255e-02,-1.566562e-02,-4.499903e-02,5.038524e-03,-1.523533e-02,-7.705272e-02,1.265189e-01,-6.653749e-04,-2.920516e-02,1.462255e-03,8.665469e-02,-1.296473e-01,-1.081805e-01,-1.691358e-01,1.054232e-01,1.074221e-01,4.668780e-02,1.773224e-02,1.676824e-01,-5.078802e-02,-1.178627e-01,
-8.356427e-02,5.380546e-02,2.764249e-01,-1.632092e-02,-9.395360e-02,2.421771e-02,1.118086e-01,7.993989e-02,1.898988e-02,-1.707597e-02,2.123448e-02,9.181989e-02,1.220181e-02,-5.957449e-01,2.266740e-02,5.605861e-02,-5.582557e-02,1.903088e-02,-8.790551e-02,2.778703e-02,3.702960e-02,-3.012866e-02,2.312498e-02,-8.513928e-02,-3.851206e-02,-3.381791e-03,9.761249e-04,1.541572e-02,3.996338e-01,-5.400213e-02,1.350347e-02,7.621145e-02,7.632514e-02,3.103278e-02,1.768817e-02,6.635364e-04,-1.162810e-01,9.239532e-02,6.623529e-02,-2.216368e-02,-9.780688e-02,3.618507e-02,4.700377e-02,8.842489e-02,-1.291055e-02,-2.306192e-03,2.707034e-02,2.212995e-03,7.573343e-03,1.877691e-02,
-6.191269e-02,4.628996e-02,-2.201487e-03,1.551056e-02,1.837410e-02,-3.433054e-02,3.084482e-02,5.150997e-02,-2.749962e-03,-1.026343e-01,-4.271909e-03,2.312810e-01,1.216034e-01,-4.575376e-02,-2.732214e-02,1.179359e-01,2.234951e-02,-1.641160e-02,-9.440722e-02,4.112455e-02,-2.050756e-02,9.611841e-02,1.774209e-01,-3.358248e-02,1.268360e-01,4.690426e-02,2.724050e-02,1.779527e-02,-1.937029e-01,3.714552e-02,-1.044961e-02,3.164887e-02,-8.070176e-02,3.681281e-02,1.517771e-01,-6.669666e-02,-1.069903e-01,4.352942e-02,3.397784e-04,1.744689e-02,-4.127985e-02,1.626866e-02,-3.117339e-02,3.662791e-02,-1.007155e-01,-1.874431e-01,1.149072e-01,-2.245992e-02,9.766701e-02,-2.936849e-04,
-5.318560e-02,2.630248e-02,3.062027e-01,-1.138827e-02,-1.070526e-03,4.484895e-02,-6.628529e-02,7.511733e-02,1.052712e-01,-1.120981e-01,-7.470449e-02,-3.485070e-02,-1.879289e-01,1.181187e-01,-8.335621e-02,-7.395977e-02,-9.804523e-02,1.439202e-02,-2.196939e-01,3.299246e-02,1.226346e-01,-2.112370e-01,-2.937938e-02,-2.076896e-02,5.163515e-02,-6.946740e-02,1.154501e-01,1.117754e-01,-3.845153e-02,1.465146e-01,2.638626e-01,-1.797415e-02,9.455310e-02,-1.456309e-01,-1.589964e-01,4.199128e-02,4.226318e-02,-1.198533e-01,-9.517128e-02,-2.575334e-02,8.640251e-02,-7.273022e-02,1.253698e-01,6.590376e-02,-7.883858e-04,4.454797e-02,1.565784e-01,-4.128150e-02,-9.551571e-02,1.043225e-01,
-4.593545e-02,2.175474e-02,3.555483e-02,-5.389530e-02,3.589646e-02,-2.474837e-02,-1.183019e-01,4.394261e-02,-1.231973e-02,-3.984847e-02,-6.813823e-02,-8.993739e-02,-1.189736e-01,-4.710047e-02,-7.270590e-02,-3.005379e-02,-9.814060e-02,2.026530e-01,-1.565557e-02,-4.185604e-02,1.210004e-01,-2.432030e-02,-3.639033e-03,-1.440731e-02,4.061832e-02,5.677053e-02,8.832758e-03,-5.441139e-02,7.652198e-02,6.572154e-02,7.389163e-03,2.141059e-01,-6.985864e-03,-8.005584e-02,1.411087e-01,-9.419867e-02,8.004554e-03,4.896700e-02,1.421971e-02,3.791733e-02,5.350857e-02,-8.598137e-02,-1.111788e-01,-5.714137e-02,6.610638e-02,5.897360e-02,-4.982048e-02,7.520888e-02,2.656665e-01,2.810855e-02,
-1.048280e-01,-2.492279e-02,2.619934e-02,4.591960e-02,7.629331e-02,-2.510150e-01,-4.824749e-02,1.651367e-02,-8.191685e-02,1.340077e-01,3.650433e-03,-1.023735e-01,-2.564180e-02,-1.689511e-01,3.964782e-02,-3.400811e-02,6.843458e-02,2.330928e-02,-3.779857e-02,-3.246814e-02,3.246809e-02,-5.028874e-02,-1.430530e-02,3.914703e-02,-1.378180e-01,1.019245e-01,1.587857e-02,-1.309474e-01,-5.185809e-01,3.850644e-02,-8.583694e-03,5.095587e-02,-1.914317e-01,-4.500265e-02,3.344535e-02,-4.796546e-02,-7.341629e-03,1.099044e-01,5.991882e-02,1.951132e-02,-4.093929e-02,1.446550e-02,-1.008887e-02,-3.800693e-02,4.196988e-02,2.898104e-02,-4.594827e-03,-1.092575e-03,1.142896e-01,-6.397477e-02,
-7.353850e-02,2.905067e-02,-4.516264e-02,2.377565e-02,2.907082e-02,-1.821924e-02,-4.763625e-02,-4.259495e-03,-4.249470e-02,6.613716e-02,1.653873e-02,-1.532917e-02,1.527711e-01,-3.636681e-02,-3.339925e-02,-7.110379e-03,-1.258384e-01,-1.966516e-02,-2.667000e-02,-2.143387e-02,-2.557741e-01,1.993013e-02,4.798223e-02,-1.908786e-02,-1.019283e-01,1.397325e-01,1.348013e-01,2.004084e-02,-2.113413e-02,6.784043e-02,-1.094094e-01,-6.198385e-02,7.490772e-02,8.255486e-04,-2.799713e-01,-1.050521e-01,2.412328e-02,2.205610e-02,1.168025e-01,3.669430e-02,-1.034424e-01,1.036164e-01,-9.592570e-04,9.736243e-02,-3.076692e-02,5.755772e-02,9.127773e-03,-6.555917e-02,-1.332305e-01,7.525246e-02,
-1.905095e-01,6.714816e-02,-1.434576e-01,1.716483e-01,-2.419744e-01,7.550274e-02,3.728475e-02,-8.150016e-02,-1.202931e-01,3.411362e-02,-2.950234e-03,1.458224e-02,-1.191125e-01,-6.699485e-02,-3.899769e-02,6.122555e-03,-8.360183e-02,-1.330804e-01,-8.006213e-03,1.526750e-01,-1.216108e-01,-2.122831e-02,4.229804e-02,-3.506756e-02,4.508067e-02,1.732973e-02,6.170262e-03,3.814306e-02,1.423839e-02,6.370682e-02,6.196199e-02,-1.361680e-02,7.688095e-03,-1.679224e-01,7.830306e-02,1.291543e-01,-2.325339e-02,-6.779306e-02,1.380720e-01,1.147914e-01,-6.542809e-02,-6.858449e-02,-8.747112e-02,-1.860936e-02,2.320600e-02,-9.858871e-02,4.605844e-02,1.768388e-01,-1.880274e-02,1.049028e-01,
-9.854297e-02,6.881393e-02,-7.475511e-02,-6.502020e-03,-1.936407e-02,6.380062e-02,1.100823e-01,-3.358756e-02,1.136859e-02,-4.127597e-02,-6.749078e-02,5.980156e-02,2.991691e-02,-3.115264e-02,-6.824331e-02,-7.829289e-05,5.686837e-03,5.944449e-02,3.699303e-02,1.179730e-02,-3.075398e-02,2.960157e-02,6.689684e-02,1.570151e-02,8.249354e-02,1.363964e-02,-4.358785e-02,-8.770218e-02,5.622843e-03,5.354560e-02,-2.080639e-02,6.928884e-02,-3.331577e-02,-1.713432e-02,1.507905e-02,3.128339e-02,-8.517532e-02,-1.166465e-01,1.857042e-02,-2.735101e-01,2.539704e-01,-3.152531e-02,-1.539705e-02,9.350430e-02,2.515991e-02,-7.006256e-02,-3.364919e-02,5.425654e-02,5.744018e-02,-6.603228e-03,
-9.343996e-02,6.102418e-02,-2.295511e-02,3.623222e-02,3.670105e-02,8.514349e-02,5.078943e-02,-9.011803e-03,1.719321e-01,-5.371781e-02,-1.526837e-02,1.028462e-01,1.702802e-01,-1.072922e-01,7.034637e-02,-6.867757e-03,3.442848e-02,1.654766e-02,1.823367e-02,-3.885736e-02,8.105441e-02,6.265466e-02,9.750072e-02,4.749955e-02,4.227162e-02,-1.360100e-01,-5.163181e-02,4.557698e-02,7.074409e-02,-1.292331e-01,4.304282e-02,-9.859320e-02,2.076771e-02,2.519907e-02,1.558389e-02,5.251829e-02,-6.228659e-02,9.504261e-02,-1.214796e-01,5.656399e-03,-6.291545e-03,8.158360e-02,-6.230556e-03,-1.928962e-01,1.520795e-01,-3.618529e-02,3.904248e-02,-2.837313e-02,1.298203e-01,-1.017826e-01,
-3.286875e-02,2.190293e-02,4.603873e-02,-8.330915e-02,2.818028e-02,4.528043e-02,-2.349828e-02,1.319366e-01,6.506044e-02,-7.703756e-02,-8.250462e-02,8.165319e-02,4.046334e-03,-8.654096e-02,2.417214e-02,-7.562484e-04,5.897622e-02,2.565229e-02,-2.593399e-01,2.416485e-03,1.872459e-02,6.470157e-03,-9.360794e-02,-1.126917e-02,1.717695e-02,-7.782140e-02,-1.979267e-01,-5.997960e-02,7.177771e-02,-9.251098e-02,7.344836e-02,-1.162524e-01,-6.136012e-02,-5.262276e-02,2.569238e-03,-5.749495e-02,1.433632e-01,-7.823443e-02,-1.249843e-02,-1.297282e-02,-1.354370e-02,-1.161133e-01,-2.659011e-02,-2.143863e-01,-3.141206e-02,-4.490476e-02,-1.093688e-01,1.243925e-02,2.637877e-02,4.543358e-02,
-1.348748e-01,-2.384976e-01,-1.528666e-02,1.304453e-01,1.609861e-01,8.056966e-02,1.475752e-01,5.832453e-02,-5.313938e-02,-1.781681e-02,-1.046845e-01,-3.604220e-03,5.168936e-02,8.936715e-03,1.433547e-01,-5.703613e-02,-8.244790e-02,-8.776801e-02,-2.797318e-02,-2.066194e-02,-1.380825e-02,-7.841048e-03,-1.192250e-01,-5.797790e-01,3.296716e-02,1.107524e-02,8.092722e-02,-9.515869e-02,-3.522582e-02,6.243925e-02,1.123845e-01,8.482567e-02,-5.710390e-02,5.712599e-02,-1.161343e-01,4.132028e-02,9.040751e-03,1.026983e-01,-1.271473e-01,1.304812e-01,1.635429e-02,-7.865271e-02,1.066981e-02,2.417180e-03,2.094328e-02,3.428222e-02,-1.253865e-01,4.568991e-02,4.943428e-02,6.641702e-02,
-7.130344e-02,1.197061e-02,-1.220463e-02,1.723714e-02,5.200915e-02,4.366666e-02,-3.350264e-02,-3.788245e-02,-1.016345e-02,-1.830216e-02,-1.092486e-01,-2.914547e-02,6.010646e-02,-4.455887e-02,-1.660037e-02,2.410559e-02,8.369638e-03,-1.055501e-01,4.417278e-02,-2.006530e-02,-1.665915e-02,1.866918e-02,9.946679e-02,-5.005280e-02,1.384990e-01,5.143416e-02,-6.782544e-03,3.482365e-02,9.060104e-03,6.730638e-02,-1.827344e-01,1.850328e-01,1.128472e-03,5.741024e-03,-3.977383e-03,-3.586004e-02,-1.897452e-02,-2.770135e-02,-2.185232e-02,5.925393e-02,-7.167261e-02,-3.498100e-02,-7.250823e-02,4.491805e-02,1.200408e-02,1.884950e-01,8.215180e-02,7.095779e-03,-3.660486e-02,-9.496749e-02,
-5.862105e-02,2.119018e-03,2.427081e-01,3.029698e-03,-2.525640e-02,-1.795087e-01,-7.486888e-02,-4.548913e-02,-2.524286e-02,9.303591e-02,-1.021041e-01,-6.298429e-02,1.454864e-01,-3.305637e-01,7.339288e-02,-2.876102e-02,-1.922502e-01,-1.144269e-03,7.814101e-03,-2.072478e-02,-5.593960e-02,-3.563923e-02,1.351966e-01,8.759889e-02,-2.617440e-02,-1.191811e-01,3.618176e-02,-7.012826e-02,-1.759241e-01,8.058367e-02,-1.788414e-01,-9.702487e-02,1.036481e-01,-1.092239e-01,-8.255738e-03,6.268729e-02,-3.169306e-02,-1.060130e-02,-2.506251e-02,-8.973216e-02,8.853139e-02,-1.828848e-02,7.180342e-02,-1.021176e-01,-8.190172e-02,-1.754204e-02,1.122074e-02,5.233956e-02,-1.716943e-01,-1.449121e-01,
-2.468049e-02,1.841195e-02,-1.060450e-02,-1.143876e-01,1.507083e-02,-9.270104e-02,1.638033e-03,-1.731946e-02,5.079347e-02,-6.844107e-02,-3.487941e-02,2.140394e-02,3.716755e-02,1.193563e-02,-7.260370e-02,-5.472772e-02,-7.793070e-02,7.064903e-02,5.678560e-02,-4.032949e-02,-3.027355e-02,4.751721e-02,6.418168e-02,1.786132e-02,-4.745021e-02,-5.792196e-03,-4.453728e-02,-3.482415e-02,-8.801709e-02,6.236930e-02,1.248383e-02,-8.521432e-02,1.094283e-02,-3.177137e-02,-4.886364e-02,-4.591623e-02,1.307256e-01,-1.280419e-01,9.533604e-02,2.203790e-01,4.834893e-02,2.934713e-01,4.531179e-02,-7.215520e-02,2.065023e-01,-1.205679e-01,-2.267356e-01,2.713640e-02,-7.845399e-02,3.450626e-02,
-4.755092e-02,3.555587e-02,-3.776984e-02,-1.292693e-01,-6.380865e-02,-8.911401e-02,1.226214e-01,1.825336e-02,1.456132e-01,-3.614637e-03,1.424761e-02,4.826146e-02,-1.124765e-01,2.545961e-02,-9.562590e-02,-6.034770e-02,2.663843e-01,5.431085e-02,9.367157e-02,3.110077e-02,4.020763e-02,5.079116e-02,4.471150e-02,-4.638664e-02,-4.045708e-02,-3.992858e-02,-2.322101e-02,2.834278e-01,1.276429e-01,1.338341e-01,8.348474e-03,-1.306141e-01,4.641878e-02,-1.523508e-01,3.347094e-02,-8.679711e-02,2.392040e-01,8.591843e-03,2.329134e-02,1.315170e-01,-7.268889e-02,-9.332118e-02,1.743056e-01,-1.957720e-02,-3.349601e-04,-7.689863e-02,-9.894641e-03,4.823483e-02,3.907523e-02,8.826199e-02,
-4.653963e-02,3.464771e-02,-4.289096e-02,-3.071799e-02,2.174840e-02,1.622313e-02,5.076883e-02,1.729836e-02,4.882489e-02,-2.828221e-02,5.177400e-04,1.363166e-01,-7.543642e-02,-2.639060e-03,-2.238172e-02,8.866445e-02,1.965540e-02,2.023807e-01,3.074102e-02,1.880934e-02,1.273417e-01,4.148038e-02,2.838434e-02,4.321211e-03,8.315294e-03,-4.377788e-02,5.501251e-02,6.700036e-02,-1.406350e-01,7.979129e-02,4.340726e-02,-1.138396e-02,4.189218e-03,-9.100547e-02,2.136948e-03,1.069318e-01,2.040829e-02,-2.368521e-02,-4.905697e-02,-2.530230e-01,1.240409e-01,-8.687876e-02,6.310501e-03,-2.795613e-02,-1.219547e-02,4.771919e-02,4.957163e-02,-3.702542e-02,1.020435e-01,5.841241e-02,
-1.249132e-01,8.829626e-02,-1.146353e-01,1.296297e-01,5.597233e-02,9.021543e-02,3.552101e-02,-7.486374e-03,2.457049e-02,-3.394929e-02,2.987705e-02,6.832606e-02,-1.037795e-01,-5.285864e-02,-3.065963e-03,2.832225e-02,-3.226790e-02,9.173017e-05,-2.977064e-02,-7.032023e-03,1.215356e-01,1.902021e-02,-1.462855e-01,9.720462e-02,-5.729558e-03,1.985540e-02,7.777343e-02,-5.545606e-02,-4.236937e-02,-1.093259e-01,9.468990e-03,-3.469512e-02,1.787106e-02,2.267142e-02,-3.735298e-02,7.837315e-02,-7.384319e-02,2.793801e-03,-1.194229e-01,-2.289413e-01,5.426018e-02,9.940346e-02,1.185279e-03,3.960972e-02,7.793339e-02,9.295929e-02,-8.952850e-02,-4.307824e-02,-2.299276e-03,-7.408930e-02,
-6.730480e-02,1.686027e-02,-5.388331e-02,3.590712e-02,4.980169e-02,4.746728e-02,5.277615e-03,1.228828e-01,-2.696530e-02,2.696650e-02,-5.146899e-02,6.303958e-03,-7.541110e-04,-1.859032e-02,3.741107e-02,4.784711e-03,6.348587e-03,-3.748663e-02,-2.862603e-02,-9.730575e-03,-9.319894e-03,3.538252e-02,-3.122814e-01,6.533517e-03,-1.044029e-01,-2.715342e-02,-5.437174e-02,-1.171380e-01,-2.239897e-02,-9.356689e-02,-4.658988e-02,-4.196913e-02,4.957564e-02,9.987166e-03,-1.521363e-01,8.634317e-02,7.306409e-02,-1.912147e-02,-6.586906e-02,-1.507543e-02,2.499164e-02,-1.035180e-02,-1.243686e-01,-5.464176e-02,-3.649139e-02,-1.382852e-01,-5.042742e-02,-1.725106e-02,-9.319215e-02,1.631082e-01,
