1.099255e-01,-1.691481e-01,2.127169e-01,-1.353918e-03,1.200479e-01,9.715427e-02,-3.602371e-02,-2.659414e-02,1.844417e-01,5.042367e-02,1.209278e-01,1.072368e-01,1.268233e-02,-2.247613e-01,2.298442e-01,-4.357299e-02,4.859972e-02,9.026411e-02,-2.283783e-02,-3.654203e-02,-5.005386e-02,4.111740e-02,-1.506200e-01,3.643594e-02,8.781545e-02,1.920757e-02,-8.802965e-02,4.978766e-02,2.706944e-02,-8.313064e-02,-2.801179e-02,-1.353749e-02,1.175136e-01,6.776756e-02,1.511879e-01,2.268527e-01,-1.050342e-01,-1.672935e-01,1.179538e-01,4.805821e-03,1.380837e-01,-2.297019e-01,8.861490e-02,-1.144957e-01,-1.156105e-02,1.451651e-01,-1.072914e-01,4.418465e-02,5.684237e-02,-6.616214e-02,
-5.179802e-03,-6.486957e-03,3.998070e-02,6.502473e-02,2.798862e-03,-3.133220e-02,3.639203e-02,7.623685e-02,-3.148370e-02,-7.275473e-02,5.319122e-02,6.870833e-02,4.508070e-02,-3.064837e-02,-1.075353e-02,3.141673e-02,4.570494e-02,5.084848e-02,2.034652e-02,-2.350312e-02,-1.408603e-01,5.463813e-02,-1.381828e-01,1.695739e-02,1.345212e-02,2.067107e-01,1.726799e-03,-1.025548e-01,6.871163e-02,1.037415e-01,7.086163e-02,3.639710e-02,4.023411e-02,-2.521914e-02,-1.565786e-02,1.962369e-01,1.972050e-02,-1.291998e-01,-2.578327e-02,9.055038e-02,4.776647e-02,-1.840655e-02,3.835750e-02,8.841176e-02,-6.604272e-03,-1.164192e-01,8.609751e-03,-5.579528e-02,-6.419879e-03,8.501033e-02,
-1.619743e-01,1.618397e-02,2.583779e-02,-1.096635e-01,-1.931058e-02,1.095105e-01,1.112002e-01,3.871890e-01,-1.980729e-01,-2.711068e-01,-7.693863e-02,2.381677e-01,-3.932023e-02,-5.865987e-02,-7.775672e-04,2.918854e-02,3.377214e-03,8.320706e-02,2.222752e-02,3.452671e-02,-5.202825e-02,-6.596451e-02,-3.930760e-02,3.129901e-02,-7.311801e-02,-6.868212e-02,-7.317994e-02,3.519786e-02,1.630638e-01,-6.661891e-02,7.350289e-02,-1.644375e-01,1.137119e-01,4.848543e-02,-1.898558e-01,-6.457692e-03,2.861685e-02,-6.866707e-02,-6.172537e-02,2.765800e-02,5.668651e-02,8.618241e-02,-3.653906e-02,-3.882036e-02,-1.234392e-01,-1.579156e-01,1.680093e-01,-1.217157e-01,-1.247867e-01,-2.920974e-02,
-2.731549e-02,-2.638706e-02,-5.580319e-02,5.831659e-02,-2.409989e-02,-2.292771e-02,1.056266e-01,2.820959e-02,2.711265e-02,-6.658280e-02,-7.911131e-02,1.310791e-01,-5.932147e-02,4.478177e-02,-8.086488e-02,-4.638970e-02,-1.245440e-02,-3.103466e-02,-8.687656e-02,1.034957e-01,-3.044771e-02,-2.126881e-01,1.123268e-01,7.224536e-02,-1.151344e-01,-1.230204e-01,-4.293387e-02,-2.941641e-02,3.370521e-02,-8.929464e-02,1.688598e-02,-1.324048e-01,-2.544841e-02,1.372207e-01,6.721888e-02,-1.230288e-01,1.163492e-01,-2.862978e-02,-2.432480e-02,3.639980e-02,1.339143e-01,-5.258902e-02,1.144607e-01,-2.017269e-01,9.503950e-02,4.798096e-03,-4.650069e-02,9.438964e-03,1.232311e-01,-2.431902e-02,
-1.161087e-02,-5.227509e-03,-1.496038e-01,3.528936e-02,-1.260121e-02,1.111785e-01,8.723118e-02,-5.705754e-02,1.414804e-01,7.381689e-02,-1.173717e-01,-6.222118e-02,-1.126443e-01,5.462202e-02,-2.179248e-01,-2.991498e-02,-2.828488e-03,-7.710077e-02,2.212904e-03,1.629091e-01,2.268611e-02,-7.916832e-02,-7.466228e-02,4.249021e-02,-2.277801e-02,-4.008563e-02,-6.354053e-02,-8.732280e-02,-6.160888e-02,7.186988e-02,4.300753e-02,-4.505658e-03,-8.034105e-02,3.555651e-02,1.602965e-01,-9.185288e-02,-1.281851e-01,-9.585660e-02,-1.280802e-01,7.624612e-02,7.719327e-02,-2.577536e-02,7.233716e-02,-5.455162e-03,7.533083e-02,-1.489232e-02,2.651889e-02,-7.307540e-02,7.950469e-02,1.951924e-01,
-9.542947e-04,-3.199804e-04,-2.528563e-02,8.583397e-02,-1.014851e-02,-2.807353e-02,-1.125858e-03,-5.566129e-02,3.513863e-02,2.267807e-02,-6.284575e-03,-9.784576e-03,-1.184334e-01,-1.153034e-02,-1.020831e-01,6.648165e-02,-7.987518e-02,-9.462666e-04,1.437311e-01,4.141835e-02,6.063554e-02,1.050667e-01,2.919398e-02,-3.443993e-02,7.831719e-02,2.109835e-02,-7.474538e-02,4.281063e-02,4.233328e-02,1.736039e-02,-4.720429e-02,2.468905e-02,-9.162470e-03,-7.583418e-03,3.281323e-02,-7.041086e-02,-1.752013e-01,1.906138e-02,-4.436342e-02,-1.350198e-01,2.744466e-03,6.063454e-02,-5.002315e-02,-2.519599e-03,-9.128687e-03,-1.128409e-01,1.586814e-01,-2.054818e-02,-4.275277e-02,1.395817e-01,
5.829306e-03,3.406869e-03,-1.174974e-02,1.393180e-01,7.078192e-02,3.737524e-02,-1.296033e-01,-1.176633e-02,7.454259e-03,-3.362119e-02,4.382948e-03,-6.740552e-02,-2.624894e-02,-3.500357e-02,-1.286392e-02,1.284265e-02,-4.227840e-02,-3.656760e-02,7.602927e-02,1.475558e-03,4.939201e-02,8.229187e-02,1.165110e-01,-1.108371e-01,1.701843e-01,-1.159535e-01,-1.344357e-02,4.963862e-02,9.911186e-02,-3.938848e-02,-2.515155e-02,1.190527e-01,8.703506e-02,-1.681660e-02,-1.171815e-01,-1.016672e-01,-7.186640e-03,1.183443e-01,2.210556e-02,-8.083592e-02,-2.526208e-02,7.762131e-02,-1.131193e-01,-1.484086e-01,-1.430979e-01,1.112460e-02,2.030121e-02,-1.240022e-01,5.364383e-02,1.532211e-01,
1.218892e-02,-1.850067e-02,1.596299e-02,8.439416e-02,3.310923e-02,-2.285225e-02,-5.263191e-02,7.339145e-04,5.248532e-02,-3.317773e-02,4.913816e-02,-2.458125e-02,6.051691e-02,-6.154587e-02,2.558678e-02,-3.670309e-02,1.905195e-02,5.408120e-03,-9.273551e-03,-6.289068e-03,6.449711e-02,1.613526e-02,3.825469e-02,-4.808556e-02,1.243639e-01,-9.477064e-02,3.499241e-02,1.895153e-02,8.509354e-02,-6.729667e-02,-4.605416e-02,4.863589e-02,1.446071e-01,-2.109636e-02,-5.227020e-02,-2.997452e-02,-1.704847e-02,5.163293e-02,1.052389e-01,1.013665e-02,-5.956914e-02,-6.270675e-02,6.339647e-02,-1.691588e-01,-6.939084e-02,1.686646e-01,-7.744169e-02,-9.037236e-02,6.695635e-02,-1.621308e-02,
-1.615328e-01,1.463596e-01,1.772159e-01,4.386188e-03,-8.427622e-02,9.517970e-02,9.733841e-02,-2.031880e-01,-1.266957e-01,1.835352e-01,-1.762047e-02,3.983390e-02,-1.825234e-01,-1.546832e-01,-3.899778e-02,3.853561e-02,3.042023e-02,-2.832664e-02,-6.604534e-02,1.530818e-01,1.381782e-01,-4.932525e-02,4.794949e-03,1.543979e-01,1.035037e-01,1.610688e-01,-3.641779e-02,-1.942609e-02,4.099723e-02,-3.562320e-02,-6.332751e-02,1.403867e-01,1.398954e-01,-1.216420e-02,8.832194e-02,-1.610622e-01,-1.285858e-02,-1.296346e-01,-9.176830e-02,-2.680025e-02,6.813426e-02,-6.196761e-02,-9.497408e-02,-2.597533e-02,-7.078429e-02,3.876354e-02,5.907143e-02,-1.466222e-01,7.361494e-02,2.579920e-03,
-4.451043e-02,-9.572006e-06,1.593324e-02,7.039962e-02,-1.840347e-02,-4.852571e-02,8.271659e-02,2.735991e-02,-1.065883e-01,-4.638793e-02,-4.535068e-02,1.760247e-01,-5.323092e-02,-9.098651e-02,-8.324488e-02,1.426774e-02,-2.208766e-02,-7.862114e-02,-9.477492e-02,5.751771e-02,-1.563696e-02,9.668311e-02,7.139794e-03,-4.474783e-02,1.190777e-01,2.254553e-01,7.706742e-02,-2.949074e-02,-8.470317e-02,6.781691e-02,-2.751273e-02,1.674488e-01,-9.411107e-02,1.472878e-01,8.272337e-02,-3.767184e-02,-8.297258e-02,-2.947869e-02,6.113766e-02,-5.706319e-02,1.527399e-01,1.074272e-01,6.974758e-03,-7.128197e-02,2.066502e-02,-1.034496e-01,4.656234e-02,-1.696898e-01,-2.009568e-02,6.559146e-02,
-1.162393e-01,-1.884726e-01,-8.156366e-02,-4.574421e-02,9.171882e-02,9.934062e-02,-2.701849e-03,3.370406e-01,-8.573307e-02,-2.365183e-01,-7.518951e-02,2.295452e-01,4.330445e-03,6.868245e-02,-3.447765e-02,-7.510765e-02,-1.893802e-01,-9.227402e-02,-1.140971e-01,-9.694573e-02,-2.473821e-03,4.493704e-02,7.415823e-02,7.084678e-02,2.184541e-01,-1.357548e-01,-2.247092e-02,-4.581919e-02,-3.601150e-02,-3.975381e-02,1.043608e-01,5.642406e-02,-3.096629e-02,7.581392e-02,2.624294e-02,6.892212e-02,-2.672810e-02,-1.144096e-02,-1.500158e-02,-1.093762e-01,2.906625e-02,-4.460469e-02,1.904575e-02,-3.275977e-02,7.502735e-02,1.537227e-01,-1.405956e-01,-1.196527e-02,-8.313817e-02,7.763812e-02,
-3.629550e-03,-1.773703e-02,-2.170430e-02,8.451733e-02,2.961889e-02,-5.457233e-02,-5.671214e-02,5.382616e-02,2.107485e-02,-1.020796e-01,2.688815e-02,1.305214e-01,4.210659e-03,1.066448e-01,9.614019e-02,-1.372433e-01,-2.142707e-02,8.688130e-02,-5.115129e-02,5.763756e-02,-6.510976e-02,-9.609529e-02,5.320225e-02,1.783625e-01,-5.165552e-02,-2.392214e-02,-3.758658e-02,-7.208250e-02,8.765553e-02,-1.935426e-01,-7.190086e-02,-1.333174e-02,1.172358e-01,-5.733311e-02,-7.893413e-04,4.430369e-03,1.319063e-01,-7.457365e-02,-1.536811e-01,-1.193951e-02,-8.034132e-02,-3.910236e-02,-8.949315e-02,-9.574242e-04,4.419142e-02,-1.416693e-02,-1.010379e-01,1.188033e-01,1.855384e-01,4.534288e-02,
1.512647e-01,1.625480e-01,-1.669952e-01,-1.133533e-02,1.201611e-01,7.856191e-02,-2.100555e-01,1.607189e-02,5.922096e-02,-1.758610e-02,2.900788e-02,4.330500e-02,-7.341640e-02,1.819934e-02,9.894148e-02,-6.694752e-02,8.222006e-02,1.843961e-01,8.079057e-02,1.515824e-01,-6.783840e-02,-1.708369e-02,-8.937942e-02,4.839728e-02,-4.384534e-02,8.733532e-02,8.004249e-02,-1.664967e-01,1.963070e-01,-9.183726e-02,-7.017969e-03,9.908828e-02,-7.171240e-02,-6.028867e-04,2.389653e-02,3.045925e-03,8.235314e-02,-6.891739e-02,-1.282067e-01,1.843168e-01,-1.245545e-02,-6.786794e-02,1.410604e-01,-2.749207e-02,1.491097e-02,3.378948e-02,6.641314e-02,-1.617550e-01,-8.786907e-02,-1.190977e-01,
2.920566e-02,5.664764e-02,-4.532838e-02,7.980169e-02,1.538125e-02,-2.426873e-02,-4.855318e-02,2.004929e-02,6.258251e-02,-7.475743e-02,3.564308e-02,-5.661374e-02,-2.958110e-02,-5.968262e-02,1.817159e-02,8.354507e-03,6.520736e-03,6.729796e-02,2.322742e-01,1.337732e-01,-3.831116e-02,1.136880e-01,-2.129297e-01,-1.341303e-01,-3.448453e-02,1.510429e-02,-6.814741e-02,6.509462e-03,1.538412e-02,4.766465e-02,4.333625e-02,-8.842614e-02,-7.831251e-02,-1.815357e-02,-2.717389e-02,8.433294e-03,-5.518997e-02,4.496172e-02,6.544079e-02,8.302174e-02,1.320026e-01,-9.869397e-02,8.508405e-02,-4.718860e-02,7.221642e-02,4.558253e-02,-3.751984e-02,-1.438584e-01,-1.113090e-01,-6.260224e-02,
-1.157729e-02,4.222928e-02,2.698117e-02,1.524841e-01,-1.308948e-02,1.095945e-01,3.258793e-03,3.602754e-02,-1.856308e-02,-6.502302e-02,-1.347372e-02,-9.044591e-02,-1.638494e-03,-1.162222e-01,-3.792517e-02,9.179802e-02,4.747130e-02,-5.925484e-03,1.336307e-01,8.831187e-02,8.150713e-02,1.185634e-02,4.557525e-02,-1.496681e-01,4.192288e-03,-1.850300e-01,-1.152068e-01,1.484183e-01,5.562047e-02,1.370617e-01,-2.247497e-02,-1.226605e-01,6.009635e-02,-1.670295e-01,-1.069142e-01,-3.742506e-02,5.151235e-02,8.663796e-02,7.126814e-02,1.384237e-01,-1.870533e-02,-1.176689e-02,7.040861e-02,-1.806106e-01,-4.565605e-02,1.924837e-03,9.784760e-03,6.450505e-02,-1.084511e-02,2.261341e-01,
-2.909516e-02,4.512843e-02,5.095322e-02,9.872419e-02,-4.726150e-02,-6.558790e-03,6.297179e-02,-5.050688e-02,4.539490e-02,-2.245152e-02,2.059786e-03,-9.327426e-02,3.171682e-02,-7.785536e-02,-9.724136e-02,5.672192e-02,1.172458e-02,-3.989976e-02,-5.964186e-02,4.568640e-03,1.055820e-01,-1.526101e-01,1.399559e-01,2.428891e-02,9.676328e-02,-1.651187e-01,-1.066618e-02,8.934632e-02,1.204667e-01,9.477544e-02,2.306033e-02,-2.511186e-02,7.704409e-02,-7.468827e-02,-7.481902e-03,-4.620204e-02,2.679035e-02,-1.350965e-02,-5.004755e-02,2.538646e-02,-1.645057e-01,-1.700778e-01,1.233661e-01,-2.496279e-02,-5.525350e-02,2.097283e-01,1.884359e-01,-1.308671e-03,1.565367e-03,8.583689e-02,
-1.582344e-01,-1.505586e-01,-1.840825e-01,-3.477847e-03,1.096014e-01,1.852740e-02,-1.737410e-01,-1.390306e-01,-6.460250e-02,1.059826e-01,8.343991e-03,-2.186693e-02,-1.347354e-01,-1.020443e-01,1.031603e-01,5.367706e-02,-2.845803e-01,5.653843e-02,8.873997e-02,4.925190e-02,6.353222e-03,-1.551139e-01,-8.969893e-02,5.180696e-02,1.241472e-01,-1.153121e-01,-3.192443e-02,-1.951863e-01,1.889501e-01,7.392208e-02,-1.730690e-02,-6.991770e-02,-2.211701e-02,-1.409264e-01,-3.239195e-02,-6.891415e-02,1.881642e-02,-1.488998e-02,-5.437248e-02,3.673427e-02,-1.379866e-02,7.045980e-02,3.594520e-02,-3.897393e-03,-7.663929e-02,2.163332e-02,-4.556830e-02,-1.509058e-01,-7.237094e-02,-1.194475e-01,
-2.990260e-02,-4.528414e-02,-5.482491e-02,9.222798e-02,1.976006e-02,-7.999391e-02,-5.068650e-02,-2.030580e-02,-9.298937e-02,-1.464708e-03,-3.455330e-02,1.464397e-01,-9.420806e-02,-4.423258e-02,7.237570e-02,-7.131656e-02,-1.238153e-01,3.780798e-02,-4.948744e-02,-5.984327e-03,-1.042150e-01,8.528191e-02,-7.579819e-03,-8.283591e-02,5.135570e-02,-5.984037e-02,1.156022e-03,3.281987e-02,1.147833e-03,1.074324e-01,-3.894849e-02,3.485785e-02,-9.212954e-02,-4.965152e-03,4.398126e-02,-1.888436e-01,1.127837e-01,-2.489882e-02,7.914871e-02,1.417521e-01,2.074236e-01,5.057157e-03,1.104056e-02,1.606877e-02,3.145620e-02,1.507041e-01,1.024724e-01,2.131342e-02,-1.567552e-01,-4.549990e-02,
-9.775992e-03,-3.470807e-02,-3.031322e-02,1.513389e-01,5.499213e-02,7.503975e-02,-4.034352e-02,7.043738e-02,-7.899922e-02,-2.187159e-02,-4.420769e-02,6.335106e-02,-2.658084e-02,8.650705e-02,3.694348e-02,-1.137642e-01,-4.060811e-02,-8.291863e-02,-6.715605e-02,-5.705625e-02,-1.079072e-01,1.665910e-01,6.559258e-02,7.041886e-02,1.592472e-01,5.159788e-02,-7.035720e-02,5.808055e-02,-1.411186e-01,1.483143e-01,-7.412606e-02,6.656488e-02,-3.664757e-02,-8.045828e-02,6.213630e-02,-9.056618e-02,-6.497086e-02,-5.947524e-02,6.157069e-02,1.569831e-01,1.163214e-02,-1.170423e-01,1.518308e-02,3.003681e-02,-5.923126e-02,1.546659e-01,1.344918e-01,2.096919e-01,-2.543667e-02,-2.060730e-02,
2.469921e-02,-4.528309e-02,3.122584e-02,9.055754e-02,-1.208177e-02,5.008612e-03,7.472542e-02,2.822801e-02,-1.591234e-02,-1.732234e-02,9.633823e-02,7.780559e-02,5.736680e-02,1.298894e-01,1.018253e-02,-6.892535e-02,-4.064962e-03,-6.525825e-02,-1.171156e-01,6.478282e-02,8.119585e-03,8.365206e-02,3.994864e-02,1.581631e-01,1.415310e-01,1.409183e-01,-1.436127e-01,-7.942888e-02,-1.775749e-03,-6.112839e-02,-5.894406e-02,9.242630e-03,1.264439e-01,-8.931135e-02,-2.435139e-03,-4.529176e-02,-1.236248e-01,5.906441e-02,-2.333965e-02,6.528992e-02,-1.782380e-01,-3.181076e-02,1.424681e-02,4.267469e-02,-6.663372e-02,-6.160690e-02,8.160856e-02,-2.278472e-02,2.436333e-01,5.869812e-02,
1.540644e-01,-1.607227e-01,1.705359e-01,6.338853e-03,-1.524411e-02,2.091856e-01,2.032836e-01,8.599932e-03,-3.278281e-02,2.650875e-02,2.473953e-01,4.546028e-02,3.822356e-02,2.833633e-03,-1.372646e-02,5.247748e-02,8.362492e-04,-5.181494e-02,-5.875180e-02,1.075060e-01,1.751883e-01,-4.952078e-02,-1.570625e-02,-4.651950e-03,6.725710e-02,4.350933e-02,-2.184417e-02,-2.401472e-01,8.586968e-02,-1.658607e-01,-9.941024e-03,9.989583e-02,-2.318017e-02,1.490515e-02,6.139830e-02,-7.158467e-02,2.277051e-01,5.038088e-02,2.895725e-03,1.031835e-01,-8.484635e-02,1.453185e-01,5.245598e-02,-1.868360e-03,9.773740e-02,-2.340635e-02,2.059516e-02,-7.450067e-02,-5.575469e-02,-3.627615e-02,
1.027130e-03,1.425874e-02,1.445027e-02,8.487813e-02,-3.130464e-02,5.504361e-03,8.340660e-02,2.924662e-02,2.361721e-02,-9.430868e-02,6.466713e-02,-1.405699e-02,3.123021e-02,-8.167984e-02,-5.852898e-02,7.315447e-02,8.057267e-02,-7.864652e-02,4.717506e-02,7.485221e-02,1.467250e-01,4.910637e-02,-1.083347e-01,-1.630852e-01,2.010425e-02,-5.017719e-04,1.508398e-01,-6.794717e-02,6.495683e-02,1.225288e-02,6.542606e-02,1.045608e-01,-1.414340e-01,-6.573216e-03,1.459181e-01,2.537053e-02,1.237799e-01,4.359058e-02,4.717648e-02,-1.424165e-01,9.222230e-02,4.215142e-02,5.318012e-02,-9.087056e-03,-6.687272e-02,2.860672e-02,-9.222957e-02,-3.775403e-02,-1.439529e-01,-5.047562e-02,
-1.193695e-01,1.958653e-01,8.752053e-02,-5.432263e-02,1.466264e-03,1.382385e-01,-2.988036e-02,1.847730e-01,6.130931e-02,-2.416900e-01,-8.776641e-02,1.266030e-03,-8.289961e-02,-1.777735e-01,-3.677115e-02,4.119988e-02,8.460083e-02,6.258429e-02,1.155648e-01,1.986633e-01,2.159154e-01,4.348008e-02,-6.012558e-03,-1.297145e-01,-1.418535e-01,4.467819e-02,4.708416e-03,1.166265e-01,-1.372641e-02,2.808833e-02,-1.448186e-01,-6.065907e-02,-2.596866e-02,-1.284381e-01,3.644318e-02,-1.384410e-02,-1.300725e-02,-4.663594e-02,-8.255458e-02,-4.098574e-02,1.991175e-02,-7.615674e-03,-1.485338e-01,1.150351e-01,4.206630e-02,-2.066518e-02,-1.655676e-01,3.975818e-02,1.279331e-01,9.716123e-04,
-4.552842e-02,2.771640e-04,-2.388600e-02,6.727842e-02,1.835361e-02,-3.673364e-02,-4.045864e-02,-3.150412e-03,9.812459e-02,-1.036498e-01,-4.952037e-03,-1.044574e-01,4.132995e-02,-1.025673e-01,-7.525547e-03,3.299375e-02,-1.022696e-01,6.635837e-02,7.148084e-02,6.966516e-02,-3.537769e-02,-2.779656e-01,3.760416e-02,5.770013e-02,-5.121085e-02,-2.583042e-02,-8.465796e-02,-5.266980e-02,5.946352e-02,2.655226e-02,-7.270348e-02,-1.679362e-01,-4.172529e-02,-1.466056e-02,-7.745083e-02,6.278933e-02,-4.840960e-02,-6.232252e-02,-6.589434e-02,1.038930e-02,-1.705504e-01,-5.084425e-02,1.216384e-01,1.378358e-01,1.651603e-01,8.696545e-02,-9.318246e-02,4.870042e-03,2.446563e-02,-5.373235e-02,
1.058353e-01,1.751232e-01,-2.117706e-01,-1.443656e-02,-4.291061e-02,1.347325e-01,4.137934e-02,2.286564e-02,3.187489e-02,1.309703e-01,-1.767975e-02,2.213021e-01,1.705070e-01,1.102789e-01,1.779640e-01,2.526160e-01,9.203848e-02,-2.164017e-01,6.458575e-02,3.249855e-02,5.948469e-02,-1.755770e-01,-1.567509e-01,-1.477360e-01,2.272415e-01,-5.055939e-02,-1.729997e-03,-9.015861e-02,-1.048413e-02,6.834759e-03,-9.083438e-02,-1.891776e-01,9.453367e-03,6.690876e-02,-8.593988e-02,-4.385835e-02,4.647277e-02,-1.788231e-01,1.353370e-01,-2.815635e-02,1.851494e-03,8.266264e-02,-5.049055e-02,9.055348e-02,-5.689812e-02,-3.620013e-02,5.551439e-02,6.097609e-02,-7.011784e-03,5.061434e-02,
1.376261e-02,2.501133e-02,-2.511160e-02,7.586981e-02,-2.835194e-02,1.625188e-02,7.045789e-02,9.064838e-03,2.554424e-03,-3.159316e-03,3.855196e-03,7.349011e-02,-8.663614e-03,7.989982e-02,3.738493e-02,4.434601e-03,4.822965e-03,-6.537718e-02,1.889373e-02,5.773000e-02,-4.792371e-02,1.653391e-02,-1.206784e-01,-1.955677e-02,-1.548211e-02,-2.787129e-02,-1.014548e-02,6.595702e-02,-9.096796e-03,-1.105861e-02,-3.326598e-02,-1.141335e-01,-9.799223e-02,3.085804e-03,2.346331e-02,-1.124097e-01,7.629879e-02,-4.332223e-02,2.225816e-02,6.729154e-02,9.392066e-02,-1.138163e-01,-9.681538e-02,1.292426e-01,-8.822303e-02,1.204942e-01,5.848003e-02,7.064984e-02,2.343926e-02,5.828222e-03,
4.947087e-03,2.529405e-03,4.438447e-03,1.332349e-01,-1.441187e-02,1.066539e-01,8.818683e-02,1.182653e-02,-7.140573e-02,1.991063e-02,-1.384937e-02,3.680326e-02,-2.351734e-02,3.463606e-02,-2.603218e-02,-2.990398e-02,-1.735175e-02,-1.077098e-02,-4.462229e-02,7.672156e-02,-7.373039e-02,7.316431e-02,-1.427671e-02,4.668897e-02,-1.104410e-02,6.156691e-03,-6.530793e-02,8.454118e-02,-1.352428e-02,1.251781e-01,8.126775e-03,-1.208585e-01,-1.332992e-01,-6.660370e-02,-5.656457e-02,-1.459018e-01,-9.559450e-02,3.617358e-02,-9.833089e-02,4.697720e-02,4.305879e-02,-1.193141e-01,-6.454434e-02,3.970982e-02,-7.557888e-02,1.984885e-01,-6.540477e-02,6.212930e-02,-9.910465e-03,-2.489546e-01,
-1.348672e-03,3.672914e-03,1.557063e-02,9.072491e-02,1.317674e-02,-1.861389e-02,2.598867e-02,9.851234e-03,-1.148718e-02,-4.124908e-03,1.363483e-02,2.714547e-02,4.487681e-02,-6.950085e-04,-4.508644e-02,-4.129694e-02,-6.853738e-02,8.200413e-02,-3.959557e-02,2.945384e-02,-1.353435e-02,8.867642e-02,3.864534e-02,1.420750e-01,6.546889e-02,1.300389e-02,-9.241738e-02,-4.086272e-02,3.081623e-02,1.578183e-01,6.256911e-02,-7.149445e-02,-7.428755e-03,-5.370910e-02,-7.620386e-02,-1.350390e-01,-1.976345e-01,6.137952e-02,-1.113159e-01,3.395831e-02,-7.240876e-02,8.036873e-02,3.395136e-02,8.867108e-02,2.523848e-02,-2.279970e-02,-3.718096e-03,-1.666558e-01,5.740689e-02,-1.940465e-01,
-1.979047e-02,2.471551e-02,1.513639e-01,4.592220e-02,8.129809e-02,4.894872e-02,-1.173930e-01,-3.635169e-02,2.919170e-02,7.891195e-02,2.178585e-02,2.046253e-02,1.260697e-01,-3.649541e-02,-1.198191e-01,-1.331650e-01,-2.507382e-01,1.225531e-01,-2.264366e-02,-9.791121e-03,4.933336e-02,7.621225e-02,1.149192e-01,6.271386e-02,9.165758e-02,-1.256190e-01,1.339337e-01,-7.488868e-02,8.865311e-02,-2.200647e-03,-6.545717e-02,-4.747291e-02,9.076485e-02,4.790678e-03,-4.168731e-02,-4.399539e-02,-3.337834e-02,-8.059117e-02,9.890534e-02,5.758322e-02,1.120364e-01,2.216604e-01,9.789708e-02,1.213778e-01,1.739388e-01,-7.642755e-02,-8.880614e-02,-1.993982e-02,-2.528440e-02,7.418986e-02,
-2.817351e-02,2.889289e-02,5.494023e-02,6.014503e-02,2.404634e-02,-4.624877e-02,-6.182424e-02,-9.168863e-03,5.241521e-02,-7.842603e-02,1.593497e-02,-3.634578e-02,3.534087e-02,-1.285104e-01,-4.176162e-02,1.273473e-02,-3.598098e-02,2.038498e-02,-2.063810e-02,-1.590145e-02,6.008496e-02,-5.116811e-03,6.110718e-02,-1.104268e-02,1.708828e-02,-7.611732e-03,2.099148e-01,-1.347289e-01,1.248586e-01,1.922711e-02,-5.858660e-02,4.711708e-02,-2.524243e-02,-1.274318e-02,1.578343e-01,-5.386248e-02,1.056993e-02,-1.804755e-01,1.867527e-01,-5.684071e-02,9.187649e-02,-1.728447e-02,2.964935e-03,1.778193e-01,-2.756734e-02,-7.156286e-02,8.608995e-02,7.454218e-02,-1.056811e-01,3.713487e-02,
-1.469317e-01,-1.703173e-02,-1.484420e-02,-1.039494e-01,8.225957e-02,9.973644e-02,-1.084637e-01,2.124828e-01,7.860393e-02,-3.199009e-01,3.468921e-02,-4.559363e-02,-1.129252e-01,-6.551976e-02,4.622931e-02,2.118404e-02,6.944823e-03,-5.271291e-02,1.096744e-03,-3.927815e-03,2.012073e-01,-2.410227e-02,-5.520546e-03,-7.117879e-02,3.544387e-03,1.464222e-01,7.382942e-02,-1.392339e-01,-4.165297e-02,9.708523e-02,-1.158281e-01,1.715667e-01,9.859421e-03,-1.714669e-01,2.655520e-01,-7.718137e-02,-9.824254e-02,5.854124e-02,7.295240e-02,2.212209e-02,-1.486084e-01,-3.170111e-02,8.568153e-02,-9.552099e-03,-5.070576e-02,2.355003e-02,7.838245e-02,9.356069e-02,1.486659e-01,-1.152872e-01,
-6.862547e-03,6.233714e-03,-4.503918e-02,5.700414e-02,-7.397102e-03,-5.026137e-03,8.335640e-03,2.354111e-02,5.869343e-02,-7.813180e-02,2.846006e-02,1.508840e-02,6.841102e-02,1.774650e-02,6.722094e-02,4.791882e-02,6.542781e-04,-8.522257e-02,7.718499e-02,4.352310e-02,1.312667e-02,-1.431540e-01,-3.256032e-02,-6.638455e-02,5.137503e-02,1.359618e-01,-7.039308e-02,-3.808995e-02,-7.622069e-02,-1.146555e-01,-1.227508e-01,4.087931e-02,1.135404e-01,7.539767e-03,-4.430136e-02,4.528983e-02,5.724695e-02,6.439706e-02,3.350863e-03,-2.709672e-02,-9.366550e-02,1.480912e-01,7.569005e-02,-2.425741e-02,1.291326e-01,-1.926565e-02,-4.703358e-02,2.766180e-02,9.664495e-02,6.378430e-02,
2.380534e-03,9.806868e-03,8.138309e-02,1.225209e-01,5.813232e-03,1.161801e-01,3.712366e-03,-1.160518e-02,7.967398e-03,-6.995216e-03,5.452677e-02,-1.331869e-03,-2.988779e-02,-9.397937e-02,8.731108e-02,-1.236139e-02,6.352394e-02,1.136849e-01,-9.481788e-02,8.484099e-03,-7.832407e-02,-2.719519e-02,-1.461443e-01,-3.372386e-02,1.612865e-02,-8.929842e-02,-1.274728e-01,1.125599e-03,-5.658984e-02,1.287541e-01,6.584778e-02,1.403842e-02,1.380217e-01,1.943708e-02,7.010602e-02,-4.642137e-02,-8.778556e-03,-9.935651e-02,-2.269137e-02,-3.567799e-02,1.751799e-01,-5.061814e-02,-7.253863e-02,-1.802881e-01,2.813186e-02,-1.132867e-01,-2.640349e-01,7.791643e-02,4.722640e-02,6.725001e-02,
4.145931e-02,-2.833029e-02,3.342257e-02,7.921144e-02,1.784489e-02,-3.957437e-02,-3.290762e-02,7.341523e-02,-7.575880e-02,-2.464118e-02,1.008145e-01,-5.959398e-02,9.634472e-02,-3.722331e-02,-1.118985e-01,5.638152e-03,3.467304e-02,8.048869e-02,8.528745e-02,1.574439e-02,-2.154507e-01,1.033487e-02,-1.418412e-01,-7.100147e-02,1.187487e-01,5.535262e-02,-9.830475e-02,-1.290222e-01,3.802706e-02,1.417406e-01,3.745185e-02,9.943006e-02,9.160944e-02,-1.132955e-02,-6.916686e-02,-4.731731e-02,-3.112989e-02,-1.535437e-02,-1.256530e-01,3.707688e-02,6.040715e-02,-3.655587e-02,-5.522142e-02,-3.589182e-03,4.094660e-02,-1.521108e-01,-4.954284e-02,5.433590e-02,1.186414e-01,1.354481e-01,
2.631918e-01,-6.677923e-04,-1.594949e-03,-1.182341e-01,1.485744e-01,5.288567e-02,-1.626826e-01,1.135814e-01,-7.394011e-02,3.330042e-02,6.724996e-02,-5.178586e-02,4.895807e-02,-5.162342e-02,-1.058709e-01,-1.057762e-01,2.887361e-02,2.331519e-02,1.932259e-01,1.078022e-01,-1.140564e-01,-8.231276e-02,9.166820e-02,-4.575447e-02,6.230532e-02,-1.017751e-01,-4.089369e-02,1.973105e-04,1.298482e-01,-8.638343e-02,6.019837e-02,1.295369e-01,2.328728e-02,2.320326e-01,2.341309e-03,-1.035819e-01,-1.235527e-01,1.099477e-01,-4.175926e-02,-1.048940e-01,5.052626e-02,-1.520033e-02,-4.218950e-02,6.781286e-02,-2.780711e-02,-1.203340e-02,2.247624e-01,8.062011e-02,7.539043e-02,5.656176e-02,
5.614767e-02,3.836115e-03,-2.112233e-02,6.688651e-02,6.285924e-02,-1.066372e-01,4.882460e-03,3.689293e-03,1.145385e-01,-4.315758e-02,-1.428181e-01,-2.823520e-02,1.777553e-02,5.634986e-02,4.402726e-02,-2.297555e-01,4.170938e-02,-2.086222e-01,7.674530e-02,2.016067e-01,7.038673e-02,1.417542e-02,3.341699e-02,5.007477e-02,2.224344e-02,-1.416103e-01,1.674954e-02,3.181458e-02,-2.538579e-02,-2.317812e-01,-4.185968e-02,-7.787109e-02,-1.140120e-01,1.218851e-01,1.440053e-01,-1.758631e-01,-7.323156e-02,-4.679967e-04,8.432820e-02,-9.957915e-02,6.201060e-02,3.152997e-02,7.789312e-02,-1.980728e-01,-9.014669e-02,-1.053973e-01,-2.749876e-04,-8.113962e-02,8.383502e-02,-2.002371e-01,
-8.096844e-02,-2.181890e-01,-1.534861e-01,4.387279e-03,1.312820e-01,7.811000e-02,9.818305e-02,-1.213072e-02,3.517178e-01,9.851398e-02,-2.483556e-01,8.056487e-02,-3.279833e-02,5.326042e-02,-2.968197e-01,-2.227845e-02,1.421541e-01,-2.690932e-02,-1.006953e-01,1.027640e-01,-1.977688e-02,3.328845e-02,-2.277605e-02,-6.988053e-02,-8.234296e-02,-7.476653e-03,1.505338e-02,-1.612487e-01,-5.090389e-02,-6.505430e-03,-6.046655e-02,-3.675433e-03,1.164953e-01,-4.912286e-02,-6.343867e-02,1.025950e-01,-4.663742e-02,-7.465560e-02,9.282308e-03,2.047527e-01,-2.161799e-02,-2.106999e-02,-6.737821e-04,-7.316578e-02,-1.442056e-02,1.444370e-02,3.726929e-02,-8.325778e-02,-5.163560e-02,1.085647e-01,
-2.449045e-02,-3.940622e-02,-2.331391e-02,9.640832e-02,-2.434405e-02,-4.633339e-02,9.062550e-02,-3.771920e-02,6.494786e-02,4.964343e-02,-5.088061e-02,1.653821e-01,-2.106713e-01,5.454236e-03,-1.269322e-01,2.101232e-01,-5.177568e-02,5.056110e-02,1.118385e-01,-1.175875e-01,-1.864206e-02,4.148764e-02,1.463628e-01,-2.155839e-02,-1.461508e-02,2.075632e-01,1.974670e-03,6.708490e-03,2.341444e-01,-8.815268e-02,-8.611678e-02,-5.442476e-02,5.499714e-02,2.179556e-02,-4.546173e-02,8.970275e-02,1.630723e-03,6.758398e-02,-2.499558e-02,1.669672e-02,7.230267e-02,-7.245558e-02,-6.982450e-03,-4.009706e-02,1.568090e-01,-2.371435e-02,7.533428e-02,1.847436e-01,-5.225493e-02,5.022297e-02,
-6.433391e-02,4.900770e-02,7.441780e-02,9.768184e-02,-7.779986e-02,1.683914e-01,8.356582e-02,-2.588432e-02,-3.546764e-02,1.638753e-02,-1.719795e-02,7.027768e-03,-1.704810e-01,-4.813479e-02,4.682743e-02,1.342733e-01,-7.709770e-02,-9.881652e-02,2.600028e-03,-1.038357e-01,-3.778898e-02,-4.913846e-02,7.854536e-02,-8.238032e-03,1.771055e-02,5.642314e-02,-3.365359e-02,8.967864e-02,1.539904e-01,-7.265970e-02,1.074105e-01,8.944199e-02,-4.868847e-02,1.589519e-01,-1.017229e-01,1.216522e-01,1.591396e-02,2.867972e-02,1.806749e-01,1.921982e-02,-3.871880e-02,-9.202431e-02,1.064081e-01,5.571390e-02,-7.952515e-02,5.197171e-02,-5.551996e-03,-1.316196e-01,1.041810e-01,-7.816663e-02,
-6.217431e-03,7.620212e-03,2.735463e-02,9.801274e-02,-5.823435e-02,3.919793e-02,2.340445e-02,-1.518637e-02,2.759383e-02,-5.362690e-02,4.055880e-02,-1.811727e-02,-1.310354e-02,-7.233925e-02,7.107293e-02,1.823341e-02,-2.314893e-02,1.588632e-02,-1.248492e-01,-3.772175e-02,2.201915e-03,-7.604727e-02,-1.896347e-02,-4.347544e-02,-5.784082e-03,-6.660275e-02,-3.018130e-02,6.148968e-02,1.096162e-03,5.294340e-02,5.145739e-02,2.693978e-02,2.652132e-02,1.232043e-01,-3.019745e-02,9.437454e-02,4.639467e-02,-5.709524e-02,9.305773e-02,-2.325102e-03,4.098895e-02,-8.320897e-03,1.359439e-01,-4.474675e-02,-5.627334e-02,6.327927e-02,-1.835965e-02,-7.655760e-02,4.189901e-02,1.028754e-01,
-1.307125e-01,1.891871e-01,4.647536e-02,5.524967e-04,1.853068e-01,-1.072556e-01,1.057990e-01,-8.769102e-02,-1.159401e-01,8.524778e-02,-1.132981e-02,6.568803e-02,-9.889230e-02,-5.477145e-02,9.358591e-03,8.584756e-04,8.486371e-02,3.314143e-02,-3.660378e-02,1.066879e-01,4.117924e-02,-4.725680e-02,3.238570e-02,5.771926e-02,-3.423415e-02,2.482952e-02,6.395185e-02,-1.806841e-03,8.928258e-03,1.953022e-02,2.236082e-02,-1.633797e-02,1.346170e-01,-7.531610e-02,-1.599856e-02,-1.384669e-02,1.104217e-01,-4.448307e-02,7.769904e-03,4.302164e-02,3.586365e-02,4.461814e-02,-2.267536e-03,-1.799262e-01,-4.759204e-02,4.440607e-02,-3.350462e-02,8.382578e-02,-2.503941e-02,-2.207841e-02,
3.965928e-02,-2.452348e-03,3.169183e-02,7.028739e-02,-2.736817e-03,-8.881163e-02,3.780897e-02,9.087451e-02,-1.260732e-01,4.235614e-02,-5.638721e-02,8.127772e-03,8.138493e-02,-1.467741e-01,-2.570505e-01,1.173150e-02,1.330878e-01,-4.585795e-02,6.108901e-02,6.937738e-02,-1.705546e-01,-3.083984e-03,-7.749040e-02,-6.579201e-02,1.282674e-01,9.038088e-02,1.067139e-01,-7.875499e-02,1.342853e-02,-4.932930e-02,-3.180621e-02,-3.686368e-02,-7.564252e-02,-2.458826e-02,-5.552729e-02,7.946276e-02,-1.067190e-01,-8.592005e-03,7.027523e-02,4.501131e-02,-8.050425e-02,4.369090e-02,1.140324e-01,-1.692635e-01,-2.286553e-02,5.601666e-02,-5.442777e-02,3.534359e-02,1.022567e-01,-8.978689e-02,
1.867180e-01,-1.113727e-01,1.282786e-01,1.736471e-02,-9.675400e-02,1.469976e-01,-6.453396e-02,1.408984e-01,-8.383049e-02,5.459971e-02,-9.831876e-03,-6.891002e-02,1.301218e-01,-3.108565e-02,-1.322845e-01,-5.084677e-02,1.840614e-01,-1.237910e-01,1.781549e-01,-1.641006e-02,-5.955450e-02,-4.560703e-02,1.798581e-01,-2.737461e-02,9.980269e-02,-5.413245e-02,-5.858652e-02,5.203517e-02,7.909517e-02,-1.446350e-02,-4.471989e-02,6.295838e-02,-3.596379e-02,-4.365364e-02,8.414097e-02,5.958234e-02,7.046037e-02,-3.219909e-02,-4.579051e-02,1.469161e-01,-4.087404e-02,-9.102446e-02,2.772950e-02,-1.977726e-02,8.284390e-02,4.000843e-02,3.449432e-02,-2.886793e-02,-1.191831e-01,-4.135044e-02,
4.420014e-02,1.221752e-02,-2.572349e-02,1.383670e-01,-2.009289e-01,-5.035411e-02,-1.422492e-01,2.815166e-02,1.076694e-01,-1.051304e-01,-2.972288e-02,-8.313507e-02,1.119396e-01,1.572032e-01,1.830721e-01,-1.780014e-01,1.690742e-01,-2.425859e-02,-2.204041e-02,2.047988e-02,1.300949e-01,7.941137e-02,7.175232e-02,4.309334e-02,-1.274156e-02,-1.969712e-02,-8.281615e-02,-3.995026e-02,1.014228e-01,7.760942e-02,5.898734e-02,1.019059e-01,2.030530e-02,-1.044812e-01,-4.570751e-02,-2.474202e-02,1.768920e-01,1.057660e-02,-5.189821e-02,3.065419e-03,1.491383e-01,-8.705694e-02,-2.760327e-02,-2.132707e-02,3.079125e-02,-1.071229e-01,1.894876e-02,-7.460096e-02,-7.481385e-02,2.422611e-02,
7.510807e-02,9.366303e-02,-1.179783e-01,1.591574e-01,-1.237656e-01,1.462035e-01,-1.294450e-01,-1.251616e-02,5.824257e-02,-4.710206e-02,-3.570084e-02,1.942147e-02,-9.700353e-02,4.112778e-02,6.872658e-02,-3.833632e-02,4.690868e-02,2.622299e-01,-9.596200e-02,3.395861e-02,-7.157297e-03,2.567631e-02,-9.320497e-02,3.891489e-02,4.046063e-02,-6.527993e-02,1.549768e-01,-1.369697e-01,-1.146952e-01,-1.197723e-01,3.296758e-02,1.924848e-01,-1.145045e-01,7.072378e-02,-1.286629e-01,-3.283473e-02,-6.399511e-02,1.427063e-02,-6.793034e-02,3.231448e-02,-6.010813e-02,3.471779e-02,-8.355267e-02,-6.857947e-02,-4.867706e-02,-1.523102e-02,-5.406770e-03,-1.260853e-02,-1.823728e-02,1.160604e-01,
2.787669e-02,4.488164e-02,-6.127027e-02,1.188055e-01,-2.980855e-02,-3.288938e-02,-3.213010e-02,-3.136098e-02,-4.093437e-03,2.247305e-02,7.631838e-02,1.037884e-01,-2.180347e-01,2.700804e-02,-5.593083e-02,1.180351e-01,-8.940595e-02,1.241040e-01,1.427415e-01,-9.434356e-02,-2.048845e-02,1.233733e-01,-2.409913e-02,4.557440e-03,2.104846e-02,-6.433614e-03,-1.012115e-01,-1.012016e-03,5.540000e-02,-1.192926e-01,-1.045567e-01,-3.001394e-02,-4.391620e-02,6.929097e-02,8.286306e-02,-2.727848e-02,-1.110000e-01,7.090465e-03,-4.517640e-03,-3.280869e-02,-3.825353e-02,3.537359e-02,6.846030e-02,-7.861570e-02,5.948494e-02,-7.453688e-02,-6.372094e-02,1.277443e-01,7.478980e-02,-6.828924e-02,
1.171983e-02,6.186702e-02,-1.631814e-01,8.233891e-02,1.300017e-01,1.187214e-01,-6.761498e-02,-5.627834e-03,-6.112854e-02,4.175294e-02,-1.852544e-02,-1.097196e-02,-1.755037e-01,-1.962321e-02,3.538230e-02,2.632915e-02,-1.429883e-01,-4.706553e-02,7.193300e-03,-3.273608e-02,-5.696636e-02,-2.004720e-02,1.555978e-01,-5.992848e-02,1.304613e-02,-5.857192e-02,-8.484934e-02,1.477965e-01,2.388306e-02,3.973352e-02,3.947155e-02,6.728623e-02,-1.112420e-01,-6.244103e-04,4.372636e-02,1.107194e-01,1.890605e-02,-3.291759e-02,7.563037e-02,-3.621410e-02,-3.472278e-02,-1.003240e-02,7.163695e-02,2.812376e-02,1.295393e-01,-1.549929e-01,-1.045231e-01,-1.220120e-01,1.243779e-01,8.438035e-02,
-2.446339e-02,7.893540e-02,-1.431498e-02,8.015947e-02,1.214371e-01,-1.022823e-01,1.065755e-01,-3.772508e-02,8.579241e-03,-4.083107e-02,-1.451996e-02,-1.237942e-02,-5.715013e-02,-5.380761e-02,1.302209e-02,-3.005863e-02,-9.357408e-02,-8.989610e-02,-9.719802e-02,1.775546e-02,3.311298e-02,-2.390796e-01,1.089975e-01,4.281527e-02,-3.275263e-03,-6.502931e-02,7.171240e-02,6.185776e-02,-8.979164e-02,9.008231e-02,1.134070e-01,1.046853e-01,1.548784e-02,3.276085e-02,5.671072e-02,1.606405e-01,1.139022e-01,-1.530514e-02,-1.056107e-02,-4.736651e-02,-2.247033e-02,-1.095697e-01,8.405332e-03,8.195283e-02,4.164140e-02,-8.173030e-02,-3.246058e-03,-1.109465e-01,-6.495217e-02,1.024419e-05,
-1.231380e-01,-1.974498e-01,-4.248631e-02,3.855613e-03,-2.386365e-01,7.104065e-03,-1.282227e-01,-3.282436e-02,-2.389316e-02,1.468348e-02,1.744070e-02,-8.715045e-02,-4.627139e-02,6.018494e-03,6.548973e-02,3.324671e-02,-9.821647e-02,-8.685838e-02,2.037308e-02,-1.999161e-02,-2.304804e-02,-8.220401e-02,-2.444105e-02,2.982218e-03,-2.161453e-03,-8.904700e-03,6.300665e-02,-1.327350e-01,8.776220e-02,3.280882e-02,-2.267747e-03,5.086580e-02,3.254178e-03,-1.110735e-01,2.781898e-02,1.509618e-02,-1.121384e-03,1.214011e-02,6.219869e-02,8.473007e-02,2.574756e-02,1.017151e-01,-1.269417e-01,-6.912462e-02,-1.575324e-01,-4.376071e-02,-1.781190e-02,1.107427e-01,3.302563e-02,-6.193122e-02,
-3.008541e-02,-9.225414e-02,-3.745738e-04,7.419735e-02,-1.846181e-01,-7.629487e-02,-1.018037e-01,3.272781e-02,-9.745850e-02,3.871888e-02,-1.600568e-01,-1.674400e-02,5.181333e-02,-1.950947e-01,-9.668830e-02,-5.616304e-03,4.139976e-02,4.114161e-03,-3.200056e-02,-5.934584e-02,-1.140667e-01,-1.024114e-01,-1.943153e-02,-3.280551e-02,-3.021159e-02,-6.968947e-02,1.590297e-01,2.460164e-02,-1.686086e-02,-2.845809e-03,-1.315896e-01,1.087096e-01,-1.514684e-01,3.837062e-02,-4.465437e-02,1.177050e-02,8.560570e-02,-8.614746e-02,-7.921298e-02,-2.791900e-02,-5.621057e-03,6.381669e-02,8.962144e-02,7.177101e-02,4.081600e-02,-1.989646e-02,-4.347975e-02,2.105024e-02,2.234291e-01,-1.434691e-01,
1.145084e-02,-5.590796e-02,1.611797e-01,9.325896e-02,-6.329642e-02,1.742319e-01,-4.799204e-02,6.765395e-02,-9.059786e-02,7.521572e-02,-1.053990e-01,-8.636450e-02,4.890820e-02,-5.072754e-02,-1.158772e-01,-2.815023e-02,1.135069e-01,-4.238379e-02,5.133732e-02,-2.917642e-02,-7.867487e-03,-4.573485e-02,1.199107e-01,1.191026e-01,7.223034e-02,3.223581e-03,-1.118405e-02,5.712338e-02,-1.263449e-01,9.782803e-02,-1.678637e-01,-6.034024e-03,-1.197972e-01,2.016853e-02,-1.296577e-02,-2.962090e-02,2.921963e-02,-1.803879e-01,-8.130868e-02,-2.042429e-04,1.344869e-02,-5.724776e-02,3.861727e-02,1.275085e-01,1.449562e-01,-1.323176e-01,-1.147762e-01,-9.396140e-02,-1.259275e-01,-5.438830e-02,
2.783911e-02,-4.152738e-02,5.218391e-02,1.203195e-01,1.715293e-02,-1.201720e-02,3.207295e-02,-2.252325e-03,-1.910764e-02,-2.738435e-02,1.937049e-02,-5.301576e-02,9.002386e-02,6.364688e-02,4.273307e-02,-2.098469e-02,8.410190e-02,5.466307e-02,-1.069962e-02,5.756847e-02,1.893186e-01,-6.888678e-02,1.355889e-01,5.725980e-02,5.443217e-02,1.286478e-01,-1.347438e-01,-9.640613e-02,-5.628293e-03,1.192239e-01,9.416398e-02,-9.279990e-02,1.112918e-02,-2.687444e-02,-8.285598e-02,6.924333e-02,-8.904664e-02,-4.437480e-02,-2.942387e-02,-6.125864e-02,9.109859e-02,-6.888088e-02,-4.614252e-02,1.436080e-02,-1.898355e-02,-1.669943e-02,1.028698e-01,-9.287333e-02,-9.920360e-02,-5.276132e-02,
7.577744e-02,-8.792771e-02,1.101432e-01,1.583967e-01,1.874452e-01,8.663859e-02,6.266011e-02,-2.227325e-03,-1.072704e-01,4.704768e-02,1.115811e-01,-4.383585e-03,1.663633e-02,-1.102837e-02,-6.248435e-02,3.645924e-02,-4.716600e-03,1.742613e-02,-6.849895e-02,1.126672e-02,2.863588e-01,-8.487444e-02,-9.787635e-02,7.188068e-03,7.397369e-03,-1.033541e-01,1.007062e-01,-5.668344e-02,6.994219e-03,-8.556491e-02,9.368623e-02,-4.273120e-02,-4.879941e-02,2.782573e-02,-8.300791e-02,8.689268e-02,-2.748093e-02,1.339611e-01,-1.460150e-01,1.255234e-01,1.301957e-01,4.513124e-02,-1.017308e-01,3.073652e-02,1.991503e-02,1.762915e-02,-4.236767e-02,1.212337e-01,-1.769762e-03,-7.998648e-02,
4.237361e-02,-1.184429e-02,2.075461e-02,1.366448e-01,1.547808e-01,-1.190108e-01,1.883606e-01,2.855263e-02,-4.936116e-02,2.848423e-05,1.568487e-01,4.897238e-02,-1.130543e-02,4.342038e-02,-2.544815e-02,6.091899e-02,-1.005949e-02,-5.688307e-02,-8.729928e-03,-4.886422e-02,-3.528399e-02,1.972728e-01,-1.712749e-01,-2.066698e-02,-3.966386e-02,-1.520607e-01,1.057456e-03,5.185059e-02,3.772650e-02,-2.000753e-02,-1.300224e-01,4.687756e-02,-8.240234e-02,-1.130807e-01,4.670106e-02,-8.072381e-02,1.711138e-01,1.702406e-02,-9.390997e-02,1.087647e-01,-1.830621e-01,3.462173e-02,1.621929e-01,7.353600e-02,-1.464343e-02,-1.857110e-02,-7.919852e-02,-7.750098e-03,4.811391e-02,6.910762e-03,
1.823003e-01,1.108080e-01,-1.250491e-01,6.039232e-03,1.613913e-01,9.989745e-02,1.284061e-02,2.918790e-02,1.656386e-02,5.089318e-03,1.009925e-01,2.628985e-02,-1.072410e-01,2.331931e-02,6.779663e-02,-1.498151e-03,-6.150416e-02,-1.977345e-02,-5.527298e-02,8.667998e-02,-1.636759e-01,3.960110e-02,2.214282e-01,-9.654305e-02,-5.073050e-02,9.258080e-02,-5.330776e-02,1.133739e-01,-4.323596e-02,5.834586e-02,-7.900065e-02,9.519773e-02,-1.489067e-01,-1.526162e-01,8.748160e-02,8.465132e-02,1.583866e-01,-7.238852e-02,9.920066e-02,8.841337e-02,-1.297511e-01,3.922612e-02,-7.691045e-02,-4.022253e-02,6.380882e-02,-8.449366e-02,-6.056486e-02,-4.143683e-02,3.185122e-02,7.205740e-02,
4.644660e-02,1.007449e-02,-4.557536e-02,6.754845e-02,-3.268083e-02,-3.850362e-02,-1.224900e-02,-3.075232e-02,1.038452e-01,-1.240204e-01,7.522399e-02,-4.396065e-02,-7.173265e-02,4.040112e-02,6.488838e-02,-9.878420e-02,-1.691045e-01,-6.748840e-02,7.115060e-02,2.018451e-01,-9.630117e-02,-1.712636e-01,7.034357e-02,-1.227588e-02,5.288059e-02,1.466761e-01,-3.235602e-02,3.322149e-02,-1.452523e-01,-2.082582e-02,1.145709e-02,-7.476633e-02,8.211367e-02,3.742384e-02,1.064201e-02,8.865801e-02,-2.810332e-02,1.809262e-02,1.345034e-01,1.073918e-01,-4.254807e-04,1.461468e-02,-2.058809e-01,4.419016e-02,3.628043e-02,-4.024859e-02,2.064664e-02,4.802317e-02,-1.368791e-01,-1.291663e-02,
2.116949e-03,-7.416782e-03,-7.948235e-02,1.182679e-01,4.966852e-02,6.999352e-02,-7.869802e-02,2.005068e-03,-8.504194e-02,6.619312e-02,-3.655100e-02,6.689840e-02,-2.505808e-03,1.142774e-01,8.901964e-02,9.103638e-03,3.466900e-02,-1.088434e-01,1.715087e-02,-7.807956e-02,6.613781e-02,-7.045895e-02,-5.009359e-02,-8.480600e-02,1.635286e-01,-5.534073e-02,1.148232e-01,3.510943e-02,2.114046e-02,2.281765e-02,-1.263845e-01,4.487923e-03,1.228506e-01,-8.940998e-02,6.123250e-02,2.106997e-02,-2.692463e-02,-7.592115e-02,-5.378936e-02,5.451727e-02,1.762027e-02,6.093410e-02,1.525767e-02,1.314431e-01,-7.608330e-02,-2.223984e-02,-1.132082e-01,-4.186089e-02,3.474582e-02,2.455844e-02,
-6.314931e-03,-6.781539e-03,-3.260756e-02,9.331111e-02,7.084490e-02,-2.097224e-02,-2.635752e-02,7.995017e-03,-4.325329e-02,9.653468e-03,-1.869409e-02,5.755394e-02,2.639820e-02,3.112666e-02,2.251602e-02,-1.992321e-02,5.177455e-02,-2.225906e-02,1.024566e-02,-8.987036e-02,5.516937e-02,-1.360025e-01,-7.960894e-02,3.190842e-02,-4.223648e-02,-1.537154e-03,8.122829e-02,-1.128466e-02,4.098690e-03,-4.780647e-03,-1.739884e-01,5.826581e-02,-2.997650e-02,1.985675e-02,3.081420e-02,-5.917166e-02,4.384607e-02,-5.417828e-02,-6.870873e-03,-1.340068e-02,7.810613e-02,-1.507595e-01,-6.604040e-02,1.337721e-01,1.424507e-02,-6.557887e-03,1.140762e-01,7.653583e-02,1.737322e-01,1.052689e-01,
-7.165834e-02,-4.978829e-02,-8.188425e-02,8.081370e-02,1.535739e-01,8.732860e-02,-1.288201e-01,5.203199e-03,-3.102530e-02,2.232486e-02,-2.442115e-02,-5.527379e-02,8.671155e-02,-9.585124e-02,3.832128e-02,7.503486e-02,3.461861e-02,1.424586e-02,3.770723e-02,-4.449272e-02,-1.962594e-02,-1.192240e-01,3.333388e-02,1.104922e-01,-7.717255e-02,1.666778e-01,5.700128e-03,-6.970881e-02,-1.224949e-01,-1.257885e-02,-2.429296e-01,-5.323786e-02,-1.131085e-01,5.066549e-02,-2.071452e-01,-1.743353e-01,3.764232e-02,-6.173092e-03,9.437138e-02,-7.830569e-02,7.484521e-02,-1.363980e-01,1.613416e-02,-5.136855e-02,-1.130347e-01,-3.168494e-02,-1.333399e-02,1.019378e-01,-3.476951e-02,-4.590750e-02,
-2.472033e-02,3.679138e-02,1.298446e-02,8.839800e-02,1.383323e-02,-3.337345e-02,-3.710054e-02,-7.272861e-03,5.658456e-02,-5.061646e-02,-3.429820e-02,-1.598375e-02,1.417116e-01,-1.431393e-01,4.400259e-02,5.368397e-02,-4.607385e-02,6.282874e-02,3.896845e-02,2.356700e-03,1.824019e-02,-1.256947e-01,1.504016e-01,5.512985e-02,-7.071546e-03,1.800654e-01,-2.483629e-01,-1.489189e-01,-1.200165e-01,3.013004e-02,3.838451e-02,5.897981e-02,-9.465961e-02,2.623427e-02,-3.332692e-02,-4.435436e-02,-7.316834e-02,2.667421e-02,6.826481e-02,4.701990e-03,-2.032642e-02,1.429873e-01,3.589477e-02,-2.823360e-02,-6.828487e-02,5.894186e-02,-2.524041e-02,3.107075e-02,-7.885129e-02,-3.205719e-02,
-8.227741e-02,2.334250e-01,1.555274e-01,4.130725e-03,-6.011998e-02,1.132755e-01,-6.859125e-02,-6.189824e-04,1.437967e-01,8.071092e-02,-6.526195e-02,1.305689e-01,2.910411e-01,-5.648164e-02,-8.880675e-02,-9.394015e-02,-3.028081e-01,3.085824e-02,3.915739e-02,1.562767e-02,8.087150e-02,8.149007e-02,5.655458e-03,-5.985302e-03,-3.165792e-02,-6.840881e-02,-2.052703e-02,-1.746154e-02,-1.010396e-02,1.178546e-02,5.473083e-02,-8.174777e-02,-1.241421e-02,3.605990e-02,1.501180e-01,8.871613e-02,2.127485e-02,9.083188e-02,1.453201e-01,1.909792e-01,-1.402533e-02,9.641871e-02,-3.477462e-02,2.015029e-03,7.567361e-02,-6.825446e-02,9.438036e-02,1.207763e-01,7.603656e-02,-3.129430e-02,
5.258547e-02,1.111466e-02,5.618516e-03,7.198457e-02,-7.223683e-02,-1.789682e-02,7.546625e-02,-8.724167e-04,8.843656e-02,-6.270173e-02,1.309034e-01,2.486111e-02,4.452533e-02,-2.246814e-02,-1.198493e-01,-5.667226e-03,-1.204793e-01,-2.381990e-02,-1.040772e-01,1.508885e-01,-3.815791e-02,1.692974e-01,-4.810492e-02,1.080764e-01,-2.434892e-02,-1.029199e-01,2.282509e-01,-3.421019e-02,2.266161e-01,6.337368e-02,3.111837e-02,-1.367794e-01,-1.323441e-01,-2.206067e-02,-8.046334e-02,3.006539e-02,-3.854608e-02,-1.298149e-01,1.749308e-01,-1.640184e-02,-1.327392e-01,-1.657148e-01,-1.755716e-01,6.940255e-02,-1.172577e-01,-1.449334e-01,6.086579e-02,4.113592e-02,2.821403e-02,-2.671656e-02,
2.609251e-01,1.841917e-03,7.372867e-03,-1.068767e-01,-5.247342e-02,2.005957e-01,1.405299e-01,1.109923e-02,5.144125e-02,-1.513223e-02,2.361993e-01,3.404171e-02,-1.040289e-01,8.715126e-02,-2.632955e-02,7.868771e-03,-3.877090e-02,7.016714e-02,-1.640020e-01,1.872653e-01,-6.044925e-02,-2.468337e-02,2.261013e-01,-6.538960e-02,-1.059023e-01,5.577957e-02,2.121813e-01,-4.035021e-03,1.178807e-02,1.150256e-01,3.974253e-03,-5.677368e-02,-2.930102e-02,-7.408435e-02,-1.013320e-01,-9.710842e-02,-1.212989e-01,5.738723e-02,1.749028e-02,-1.065754e-01,3.574287e-02,-4.317775e-02,8.710029e-02,-2.290976e-02,-5.032932e-02,-2.202377e-02,-1.346065e-01,5.578841e-02,1.157367e-02,-1.043049e-01,
3.942211e-02,2.743149e-02,-3.415543e-02,8.046078e-02,-2.482668e-02,9.292737e-04,4.399247e-02,2.646107e-03,2.623703e-02,-3.708723e-02,7.300806e-02,4.382589e-02,-1.567823e-03,1.450787e-01,4.923595e-02,1.129765e-02,2.416964e-02,-9.778659e-02,1.991407e-03,6.916354e-02,-5.669261e-02,-5.665433e-02,1.580672e-02,-1.242502e-01,1.497004e-01,8.874805e-02,6.368798e-02,1.306529e-01,-8.343344e-02,-1.216315e-02,-7.479465e-02,-7.206864e-02,2.301308e-01,-2.835695e-02,-5.397719e-02,-8.348787e-02,-8.654343e-02,1.251824e-01,-3.720714e-02,2.211527e-02,9.479692e-02,1.816205e-01,1.353710e-01,1.248608e-01,4.830558e-02,3.362877e-02,-1.435376e-01,-7.463949e-02,-8.568206e-02,-1.354538e-01,
-3.435970e-03,1.069017e-02,-8.006322e-02,1.211029e-01,1.382348e-03,1.214179e-01,2.434115e-02,1.205058e-02,3.943687e-03,5.460664e-03,2.998731e-02,-6.399354e-02,-2.428397e-02,-6.000556e-03,-9.584077e-02,9.850879e-03,3.995022e-02,1.102538e-01,-1.482609e-01,2.226047e-03,-5.371978e-02,-5.329843e-02,-9.635964e-02,-4.541790e-02,1.885811e-02,-1.235839e-01,-1.458664e-01,5.525486e-03,-5.437960e-02,1.119761e-01,1.880991e-02,2.192373e-02,1.910473e-01,-1.351990e-03,1.109890e-01,-7.483126e-02,2.785360e-02,1.705674e-02,9.606344e-02,-1.537012e-01,-1.127853e-02,6.968986e-02,7.640006e-03,-8.860439e-02,4.054252e-02,-2.048209e-01,6.722852e-02,1.534524e-01,1.071848e-02,-1.851320e-01,
6.445789e-03,8.808232e-03,-3.332222e-02,9.558054e-02,-5.792888e-02,3.940306e-02,3.253125e-02,8.575504e-03,3.073574e-02,-4.515334e-02,1.965082e-02,-7.646531e-02,-2.576700e-02,-6.600594e-03,-6.278799e-02,6.767194e-02,-6.956527e-02,7.108280e-02,-2.139633e-02,-1.954949e-03,-1.790465e-02,2.482172e-02,-9.432960e-02,-5.901306e-02,2.704886e-02,-2.599157e-02,-6.951085e-02,1.716664e-02,-3.360545e-02,-8.391039e-02,4.517667e-02,1.279233e-01,1.915343e-01,6.488498e-02,-9.297862e-02,-8.122878e-02,1.918756e-02,-3.136281e-02,7.416948e-02,-5.642041e-02,-5.200614e-02,-1.182691e-01,-9.983846e-02,1.154705e-01,1.344067e-02,1.758652e-02,1.873364e-02,-2.391027e-02,6.554978e-02,-1.126432e-01,
7.083022e-02,5.537827e-02,-8.369439e-02,8.228983e-02,-7.951293e-02,1.694794e-01,6.400170e-02,2.128296e-02,-6.631482e-03,-1.657142e-02,-1.217888e-01,-1.722895e-01,-8.967963e-02,2.700537e-02,-1.907321e-02,1.352863e-02,-1.300135e-01,-7.900793e-02,3.858494e-02,8.191625e-02,5.530339e-02,8.107444e-02,-4.031420e-02,-2.118736e-02,-4.134116e-02,5.448911e-02,-1.052183e-01,2.189329e-02,8.623003e-02,-1.973580e-01,1.829862e-02,1.003649e-01,2.269798e-02,2.298657e-01,-8.209125e-02,6.739118e-02,-3.581398e-02,-1.892435e-02,-4.837131e-02,2.669991e-02,7.478579e-02,-1.001550e-01,-9.409416e-03,1.829296e-01,1.464366e-02,1.055395e-01,-5.176946e-02,8.951640e-02,-6.109643e-02,-1.539849e-02,
2.451115e-02,-3.383633e-02,1.228892e-02,9.162073e-02,-2.969062e-02,-3.338186e-02,5.915743e-02,2.850856e-02,9.768845e-02,-3.050655e-03,-2.056226e-01,-1.226653e-01,-1.216965e-02,3.351740e-02,1.578655e-01,-6.014452e-02,-5.676667e-02,-1.433999e-01,-7.485934e-02,-5.740639e-03,1.304723e-01,1.912579e-01,7.156198e-03,3.756157e-02,-7.903319e-03,8.276660e-02,-6.152797e-03,3.635267e-02,1.931940e-01,-1.088452e-01,-1.635058e-01,-1.032392e-02,-4.357670e-02,2.537426e-02,-5.841021e-02,6.479946e-02,-7.697070e-02,-6.702164e-02,-2.716691e-02,-2.844757e-02,3.672381e-02,9.197856e-02,1.099563e-01,-2.633336e-02,1.975265e-02,-5.324600e-02,-9.170399e-02,5.748830e-02,-3.410485e-02,-2.390808e-02,
8.253264e-02,-2.273214e-01,1.473602e-01,1.272192e-02,1.433342e-01,7.323271e-02,9.185099e-02,-2.761594e-02,3.468536e-01,8.729248e-02,-2.117128e-01,2.052808e-01,-6.271081e-02,-2.163312e-01,2.019861e-01,-1.151847e-01,1.056611e-01,4.855384e-02,2.988791e-02,-3.017011e-02,-8.805008e-02,-7.735595e-03,1.528513e-02,-3.024122e-02,3.714429e-02,-2.376897e-02,3.335102e-02,1.534954e-01,7.076266e-02,3.967503e-02,-4.788341e-02,4.057339e-03,-3.845066e-02,-5.952857e-02,-9.998636e-02,-9.240212e-03,-5.340243e-02,3.179282e-02,-6.761031e-02,-1.228889e-01,-1.241972e-01,1.267927e-01,-1.676362e-01,7.135710e-02,-1.034492e-01,-7.214238e-02,4.417224e-02,-7.857565e-02,-4.435196e-02,3.873433e-02,
-5.170099e-02,-8.185642e-03,6.914071e-03,7.291617e-02,6.867854e-02,-1.019375e-01,1.097466e-02,-3.115577e-02,6.514610e-02,2.306665e-02,-5.523767e-02,1.825504e-01,-4.923857e-02,1.605879e-02,-1.141223e-01,9.288595e-03,1.478804e-01,-5.731222e-02,1.618964e-01,-7.283850e-02,-5.530500e-02,-6.498338e-02,1.602760e-01,-4.289935e-02,9.614550e-03,9.243629e-02,4.282278e-02,-1.161708e-01,1.055987e-01,1.687515e-02,2.241536e-01,3.204098e-02,2.582045e-02,-5.258930e-02,-3.111838e-03,-1.662858e-01,1.322962e-01,2.104832e-01,5.899015e-02,7.439833e-02,1.216174e-01,-7.357700e-02,-5.169724e-02,7.298338e-02,7.448901e-02,-1.120425e-02,-2.194781e-01,1.411176e-01,3.356855e-03,-2.581962e-02,
-2.635351e-01,8.385659e-04,1.218320e-02,-1.148334e-01,1.404327e-01,5.120410e-02,-1.637874e-01,-1.112236e-01,-9.945776e-02,3.805414e-02,1.025454e-01,8.037127e-03,7.811781e-02,6.766395e-03,1.915691e-02,-1.037580e-01,1.334901e-01,-2.460046e-01,-3.065266e-02,1.290869e-01,-7.019123e-02,3.519296e-02,-2.096930e-02,-7.847387e-02,-9.162744e-02,5.257720e-02,-1.486870e-02,3.805307e-02,1.072396e-01,-1.701344e-02,2.644221e-01,3.355178e-02,5.243974e-03,1.283990e-01,-4.653350e-02,-1.053768e-01,-1.521833e-01,-2.868390e-02,1.117558e-01,1.467363e-01,-1.004892e-01,-8.671865e-02,8.720421e-02,1.243889e-01,-4.550166e-02,-9.478842e-02,-1.850299e-01,-1.476749e-02,7.667567e-02,9.079985e-02,
-4.421423e-02,-2.918956e-02,-3.725330e-02,7.552025e-02,7.007256e-03,-3.947052e-02,-3.302286e-02,-7.297363e-02,-9.629990e-02,-4.082274e-02,1.485831e-01,1.119672e-02,7.195958e-02,-7.129921e-02,3.899196e-02,-5.830920e-02,4.913288e-02,-3.020682e-02,-1.917334e-01,1.424712e-01,-8.679789e-02,-1.043182e-01,-6.838303e-02,-9.813408e-02,-7.345269e-02,-3.468757e-02,-9.412740e-02,8.849596e-02,9.366693e-03,6.863289e-02,-3.188334e-02,-7.538869e-02,-7.593643e-02,1.598218e-01,8.824859e-02,4.414819e-02,-9.097845e-02,-3.473288e-02,-3.858770e-02,-4.578171e-02,-1.990180e-02,1.163226e-01,1.797719e-01,-4.367570e-02,-5.840827e-02,-1.530040e-01,1.298288e-01,9.330381e-02,-7.804053e-03,7.086892e-02,
1.237903e-01,1.935301e-01,-4.510843e-02,-3.989016e-05,1.879888e-01,-1.100605e-01,1.011609e-01,9.815772e-02,-9.472818e-02,7.226074e-02,-1.088297e-01,-1.151999e-01,-9.050398e-03,-1.562536e-02,-3.843209e-02,-8.695993e-02,6.854688e-02,4.679944e-02,-3.040564e-02,-3.424187e-02,-1.624433e-02,-2.330539e-02,1.847803e-02,8.002309e-02,6.459231e-02,-1.691387e-02,4.440975e-02,6.245313e-02,5.456556e-02,-4.323421e-02,-2.511761e-02,3.049244e-02,7.631884e-02,-1.055929e-01,1.683809e-02,-2.108040e-02,-1.649279e-02,-5.428327e-02,8.139873e-02,-4.486498e-02,6.523812e-03,7.650080e-02,-1.522160e-01,-5.291701e-02,9.118120e-03,-3.596016e-03,-1.066451e-01,7.120824e-02,-5.501229e-02,-1.718941e-02,
3.114806e-02,8.978187e-02,-4.158838e-03,7.316994e-02,1.206108e-01,-1.009632e-01,9.941784e-02,1.977834e-02,3.665000e-02,-4.621318e-02,-4.688551e-02,-8.295907e-02,-5.019745e-02,-4.261973e-02,-3.627958e-02,-2.991135e-02,-8.746107e-02,-1.125814e-01,1.502718e-01,7.278659e-02,7.955055e-03,-9.256180e-03,-1.082469e-01,1.298604e-01,7.428554e-02,-4.392387e-02,5.197796e-02,-1.592879e-02,-2.325299e-01,-7.475448e-02,1.531934e-01,1.329106e-01,8.738181e-02,-3.681210e-02,-7.684965e-02,1.015768e-01,-2.105739e-02,-7.625862e-02,-4.176467e-03,6.565892e-02,7.074960e-03,-1.888836e-02,-9.324217e-03,1.872200e-02,-6.018533e-02,-1.125136e-01,-4.846272e-02,-4.119849e-03,-9.955448e-02,-1.225907e-01,
-6.449467e-03,5.689386e-02,1.583062e-01,9.002955e-02,1.304750e-01,1.194487e-01,-5.350413e-02,2.205600e-02,-6.569811e-02,3.360588e-02,-9.478039e-02,-1.251693e-01,-6.098660e-02,3.052647e-02,5.845105e-02,1.238638e-01,-3.775061e-02,-1.502409e-01,2.566443e-02,5.632630e-02,-6.142595e-02,1.347190e-01,2.431374e-02,2.667140e-02,-4.393026e-02,-3.464420e-02,-5.297462e-02,-1.233627e-01,-2.654638e-02,-1.675976e-02,1.385557e-02,-5.520687e-03,6.789644e-02,9.956287e-02,-4.565999e-02,1.049606e-01,8.521659e-02,-1.535330e-02,-1.441636e-01,3.621610e-03,1.370675e-02,1.424349e-02,1.844521e-02,-1.220624e-02,-1.011887e-02,-1.016685e-01,1.096444e-01,1.523452e-01,5.260117e-02,-1.317665e-01,
-2.636124e-02,4.189242e-02,5.377198e-02,1.245468e-01,-4.022571e-02,-3.185324e-02,-3.208561e-02,3.447637e-02,1.708993e-02,-3.495383e-02,-1.178254e-01,-1.631500e-01,8.125403e-03,1.235352e-01,1.715797e-01,7.272323e-02,1.031946e-02,-3.746438e-02,-1.918472e-01,-5.640256e-02,5.333367e-02,1.156206e-01,2.994102e-02,-8.849513e-02,-5.344185e-02,5.928998e-02,-4.074102e-02,-6.713851e-02,1.507922e-01,4.031641e-02,6.719806e-02,-1.810792e-02,-2.832101e-02,4.683098e-02,-9.075531e-02,-6.937204e-02,6.622006e-02,9.978090e-04,-1.972737e-02,5.283111e-03,1.037916e-01,-2.513205e-02,4.888001e-02,-5.468956e-02,1.866740e-01,-9.111774e-02,1.701381e-02,1.658017e-02,1.207229e-01,1.144599e-02,
-7.317918e-02,9.074964e-02,1.117400e-01,1.735378e-01,-1.347888e-01,1.374018e-01,-1.320567e-01,1.609456e-03,6.588552e-02,-5.301326e-02,-4.315175e-02,2.254399e-02,-8.155169e-02,8.425798e-02,-3.818396e-02,5.729647e-02,1.248473e-01,1.688689e-01,-1.870209e-01,-2.733866e-02,-3.787600e-02,-7.737541e-02,-7.028870e-02,2.228605e-02,3.368672e-02,-2.329132e-02,1.454109e-01,1.175108e-01,-1.669191e-01,-9.072222e-02,9.576445e-02,5.847415e-02,-9.000177e-02,4.398165e-02,-1.118515e-01,-8.362326e-02,-3.231741e-03,2.720658e-02,5.228489e-02,1.290561e-01,-1.880974e-01,1.158959e-01,-1.958804e-02,-2.537072e-02,8.650609e-02,3.378694e-02,1.845640e-02,-5.182335e-02,-1.051951e-01,5.477672e-02,
-4.266755e-02,1.397039e-02,2.208611e-02,1.419251e-01,-1.887323e-01,-5.185343e-02,-1.234117e-01,-5.399393e-02,7.355485e-02,-3.391983e-02,1.775957e-01,1.807394e-01,-8.065530e-02,9.611165e-02,-1.539498e-01,4.359057e-02,1.676254e-01,7.050502e-02,1.706136e-01,-8.893839e-02,3.094060e-02,-2.939935e-02,9.867488e-02,1.520184e-01,-6.204663e-03,-5.405994e-02,-8.943697e-02,6.163706e-02,-4.333815e-02,-1.171436e-01,4.019369e-03,-8.846301e-02,5.455021e-03,-1.064206e-02,1.684018e-01,7.056955e-02,-4.019564e-02,-8.813870e-02,7.266563e-02,-8.238262e-02,-5.041335e-02,5.484924e-02,3.071531e-02,-2.656394e-02,-9.740669e-02,-8.487678e-02,-8.301856e-02,4.707626e-02,-1.021616e-01,-1.339795e-01,
-1.869474e-01,-1.075723e-01,-1.229803e-01,4.167058e-03,-8.179902e-02,1.523392e-01,-5.471351e-02,-1.373436e-01,-1.260429e-01,6.430374e-02,7.351331e-02,8.163955e-02,1.557110e-02,-5.345575e-02,4.497522e-02,-1.998763e-01,8.708590e-02,-1.413160e-01,1.165995e-01,1.288358e-01,2.611568e-03,1.385246e-01,6.783281e-02,-3.983428e-02,-4.396324e-02,4.735632e-02,-3.683998e-02,-9.405869e-03,1.978530e-02,-7.229442e-02,1.106915e-01,-4.981968e-02,3.587790e-02,-1.089846e-01,4.832418e-02,1.250471e-01,5.435704e-02,-3.167013e-03,-4.642239e-02,-9.068825e-02,-3.218702e-02,6.263291e-03,-1.109476e-01,6.233364e-03,6.536833e-02,3.309779e-02,5.680149e-03,2.882128e-02,-3.736601e-03,7.415764e-04,
-4.937273e-02,-1.104021e-02,-4.619336e-02,6.146064e-02,-1.491610e-03,-8.337948e-02,3.928200e-02,-7.633927e-02,-1.337371e-01,9.817009e-03,-4.054663e-02,5.113760e-02,8.528033e-02,-2.128792e-01,5.805598e-02,-1.889818e-01,1.254682e-02,1.400534e-02,-1.232982e-01,1.657191e-01,-9.032274e-02,-1.401131e-02,2.210251e-02,-1.843875e-01,-1.871491e-02,8.792784e-02,4.403497e-02,6.114733e-02,8.641079e-02,-8.657175e-02,-1.330106e-01,-1.798273e-02,-2.933523e-03,3.604546e-02,-4.167441e-02,-1.812585e-02,1.159191e-01,1.265195e-01,-9.558000e-02,2.900268e-02,-2.216506e-02,5.293422e-02,-1.302559e-01,5.071707e-02,9.717914e-02,8.605867e-02,3.705992e-02,4.651345e-02,7.183293e-03,2.303445e-02,
1.301443e-01,-1.937041e-01,4.299692e-02,4.985697e-03,-2.327030e-01,1.187496e-03,-1.276455e-01,2.321687e-02,-2.644218e-02,1.964288e-02,3.801983e-02,-4.569793e-02,-9.673372e-02,-1.411948e-03,-4.845129e-02,5.003036e-02,-1.350051e-01,-8.380703e-02,8.129887e-03,3.866042e-02,2.089196e-02,-4.532615e-02,-4.971569e-02,-2.778117e-02,-2.960396e-02,3.166705e-02,3.933718e-02,8.046047e-02,2.576932e-03,-2.458574e-02,7.101249e-02,-1.092351e-01,-1.771448e-02,-6.289143e-02,5.596922e-02,7.283229e-03,1.015973e-02,-2.894290e-02,-6.468252e-02,3.802887e-02,5.802517e-02,4.736511e-02,-1.763922e-01,-8.677687e-02,-9.198471e-02,1.024862e-02,-1.267357e-01,1.850972e-03,7.743076e-02,6.720225e-02,
-3.653648e-02,1.298118e-03,2.853868e-02,7.770002e-02,-2.580587e-02,-4.525512e-02,-2.597402e-03,-9.056300e-03,9.346836e-02,-9.786590e-02,4.158645e-02,-4.613440e-02,-8.041276e-03,5.652573e-02,-3.968412e-02,3.525639e-02,-5.079779e-02,-2.063878e-01,6.041040e-02,8.960530e-02,-1.662762e-01,-1.231894e-01,-6.551417e-02,1.287229e-01,3.497062e-02,1.482646e-02,1.605213e-01,3.882670e-02,8.472884e-02,1.675547e-01,5.150803e-02,1.855745e-01,7.771312e-03,1.391351e-02,-2.899214e-02,1.029333e-01,1.554574e-02,1.107587e-02,-1.405567e-01,-7.080440e-02,-6.509561e-02,1.155735e-02,-6.656809e-02,-1.001231e-01,-5.623781e-02,8.335837e-02,-8.485604e-02,9.915444e-02,-1.050175e-01,-1.131955e-02,
-1.821364e-01,1.144408e-01,1.296159e-01,1.341103e-02,1.735470e-01,9.711696e-02,1.231350e-02,-2.682815e-02,1.540326e-02,2.056817e-03,6.383776e-03,-1.511008e-01,-3.380944e-03,7.328599e-02,3.403973e-02,9.540385e-02,3.381189e-02,-7.639185e-02,5.597167e-02,7.397530e-02,-2.010872e-01,1.595713e-01,5.049875e-02,8.573843e-02,1.045361e-01,-9.386593e-02,2.775160e-02,-1.479156e-01,-5.207265e-02,-6.189703e-05,-7.241949e-02,-8.744772e-02,-7.485941e-02,4.419801e-03,-1.307582e-02,1.819961e-01,1.209932e-01,-4.738059e-02,-1.232288e-01,-1.417192e-01,-6.716264e-02,7.930467e-02,-6.141082e-02,-9.140213e-02,-3.454491e-02,3.418643e-02,2.955772e-02,-1.535342e-03,8.343493e-03,-7.183315e-02,
-4.454798e-02,-1.060028e-02,-2.568748e-02,1.328547e-01,1.515752e-01,-1.180010e-01,1.865418e-01,-1.820493e-03,-1.594246e-02,-4.103893e-02,4.554872e-02,-1.134300e-01,1.073119e-01,2.928160e-02,8.766864e-02,4.887418e-02,1.878060e-02,1.516965e-01,5.809750e-03,-6.897522e-02,1.429336e-02,2.874547e-02,1.429996e-01,-1.913548e-01,5.543190e-02,2.059475e-02,-3.044789e-02,-1.203383e-01,-3.431544e-02,-5.420531e-02,1.275852e-01,-1.212562e-01,-1.879710e-01,-8.570115e-02,2.262891e-03,6.618679e-02,-7.887624e-02,-1.249378e-01,8.143958e-03,-2.244182e-02,2.281203e-02,3.014511e-02,-1.088928e-01,-4.013546e-02,8.130729e-02,4.971653e-02,6.753647e-02,-9.187449e-02,1.208813e-01,-3.961412e-02,
-7.837268e-02,-8.960578e-02,-1.178602e-01,1.532772e-01,1.868779e-01,7.783363e-02,7.628886e-02,2.049684e-02,-8.829452e-02,2.848271e-02,4.024330e-02,-8.304610e-02,9.203247e-02,-7.797834e-03,-1.164992e-02,-4.222033e-02,-7.934722e-04,5.001884e-02,3.975948e-02,-1.677023e-01,1.725176e-01,-1.409313e-01,-9.746113e-02,7.999647e-03,-9.616264e-02,1.534688e-03,1.161804e-01,1.741463e-01,-2.710837e-02,-1.486906e-01,1.014368e-01,1.009387e-01,-1.011707e-01,-4.219075e-02,8.002143e-03,4.793456e-02,-1.866863e-01,1.300252e-01,1.264670e-02,1.329358e-01,4.751293e-02,-2.568326e-02,-1.616072e-01,-2.141753e-02,4.715868e-02,-9.084549e-02,3.390464e-04,4.724348e-02,2.732124e-02,-2.886649e-02,
-2.982428e-02,-4.343554e-02,-6.062966e-02,1.170404e-01,1.878277e-02,-1.083506e-02,4.134014e-02,2.559104e-03,-3.719236e-02,8.662592e-04,1.095968e-01,4.810426e-02,2.488950e-02,1.628105e-02,-3.848050e-02,-6.730244e-02,3.858583e-02,-1.354257e-02,1.172015e-01,-1.119444e-01,3.305034e-02,8.097915e-03,-8.148864e-02,1.876319e-01,-1.473739e-01,-3.935234e-02,-5.420487e-02,1.381456e-01,7.849617e-03,1.260057e-02,-1.464679e-01,5.812515e-02,3.896654e-02,3.340174e-02,6.134590e-02,-8.393446e-03,6.613716e-02,5.636248e-02,1.261140e-02,1.715558e-02,-5.392570e-02,1.305281e-02,5.892650e-02,1.092817e-01,-1.008021e-01,-1.527696e-01,-3.281678e-02,-1.144952e-01,-1.131789e-01,3.488656e-02,
-1.687072e-02,-5.978690e-02,-1.652566e-01,8.031586e-02,-5.992580e-02,1.911676e-01,-2.908876e-02,-5.261092e-02,-1.226479e-01,9.405419e-02,-3.354541e-03,6.652882e-02,-4.926003e-02,-8.829543e-02,5.653528e-02,-1.425409e-01,3.054435e-02,1.586065e-02,3.820999e-02,4.930705e-02,5.138745e-02,1.020620e-01,6.005092e-02,6.015040e-02,-3.753132e-02,3.209089e-02,4.296961e-02,-6.084396e-02,-1.207833e-01,1.930085e-02,5.780657e-02,-6.595120e-02,3.550673e-02,-1.230771e-01,-3.721456e-02,1.670111e-01,1.378234e-01,1.191719e-01,2.048423e-02,-1.357797e-01,-1.622238e-02,-3.455329e-02,1.143302e-01,1.610565e-02,4.059835e-02,-1.005115e-01,1.204842e-01,3.623400e-02,-6.099174e-02,-1.834172e-02,
2.332754e-02,-8.254331e-02,-1.556588e-02,7.751839e-02,-1.848657e-01,-7.252745e-02,-1.046360e-01,-2.193836e-02,-1.037497e-01,3.757089e-02,-9.574189e-02,6.699259e-02,-4.023196e-02,-1.383910e-01,-3.682708e-02,-5.941476e-02,-2.494408e-02,4.839252e-04,-8.558207e-02,1.334326e-01,5.415172e-03,5.794343e-02,-3.542724e-02,-1.444152e-01,7.829215e-02,1.630222e-02,6.050479e-02,-4.935262e-02,-1.454474e-01,-1.063587e-01,6.360572e-02,-1.180432e-01,3.408723e-02,-1.311767e-01,-6.974059e-02,1.462334e-01,1.544560e-02,6.424786e-02,5.005665e-02,-6.659389e-02,-7.228046e-02,-8.417664e-02,5.261815e-02,1.413135e-02,1.318136e-01,-2.150609e-02,1.023536e-02,-3.332074e-02,1.297939e-01,-7.384679e-02,
-1.415521e-03,-7.994208e-03,8.084631e-02,1.229422e-01,4.168138e-02,6.588559e-02,-5.787897e-02,8.792811e-03,-7.168874e-02,5.110194e-02,-6.389752e-02,4.147652e-02,-1.292330e-02,1.635011e-01,5.615838e-03,-9.442390e-02,-6.174077e-02,5.713753e-02,6.219007e-02,-4.704953e-02,4.672325e-02,-9.563006e-02,9.597106e-03,-1.736807e-01,-2.569123e-02,6.300048e-02,1.377623e-01,1.152207e-01,5.587666e-03,4.204752e-02,7.861182e-03,-8.642478e-02,1.076141e-01,-6.675624e-02,6.720880e-02,1.057228e-01,-7.610256e-02,-1.168032e-01,-9.179552e-02,1.129799e-01,-1.748605e-02,-4.052119e-02,1.265475e-02,2.275422e-02,-1.116671e-01,-1.108670e-01,9.241134e-02,-1.059834e-01,7.063519e-02,-1.336407e-01,
-3.710843e-02,2.651943e-02,3.043565e-02,8.442710e-02,-1.968194e-02,1.245683e-03,5.256116e-02,-2.042266e-02,3.002808e-02,-3.968835e-02,4.554473e-02,2.408648e-02,2.752327e-02,1.566247e-01,1.207488e-02,-1.233695e-01,-1.790185e-02,7.109133e-03,8.700454e-02,-1.438391e-02,-4.552669e-02,-1.560948e-01,-1.616292e-02,-1.228207e-02,1.320379e-02,2.657204e-02,2.114717e-01,1.023945e-02,1.426147e-01,1.669791e-01,-8.245559e-02,4.156209e-02,1.097859e-01,5.459150e-02,4.077700e-02,7.471475e-02,-9.979373e-02,1.431818e-03,4.754178e-02,-6.227324e-02,3.148351e-02,-1.048726e-01,-8.998413e-02,-8.816871e-02,2.089643e-01,-1.230970e-02,1.329858e-01,2.966370e-03,7.699189e-02,-1.763673e-02,
-2.607704e-01,5.116188e-03,3.176065e-03,-1.119878e-01,-5.337115e-02,2.128547e-01,1.453638e-01,-2.384451e-02,8.145202e-02,-3.847635e-02,9.753882e-02,-1.969241e-01,4.626549e-02,6.102924e-02,6.690175e-02,1.128375e-02,3.266925e-02,-1.454721e-02,9.172971e-02,-1.209278e-02,-2.339777e-01,4.817997e-02,-1.525145e-02,9.700092e-02,9.594520e-02,-7.155153e-02,2.274815e-01,-1.021828e-02,-5.555695e-02,-8.537422e-02,-1.966826e-01,-9.803298e-02,7.665795e-02,1.795912e-02,-1.060377e-01,-7.097264e-02,-4.344780e-02,1.393290e-01,1.285050e-01,-1.245753e-02,1.232020e-01,-9.530653e-02,1.938272e-02,-1.083010e-02,1.265680e-01,-8.179000e-02,-2.732992e-02,-5.560857e-02,-3.567188e-03,4.167276e-02,
-5.680524e-02,1.948414e-03,-2.009100e-02,7.230652e-02,-7.881154e-02,-2.973467e-02,6.798563e-02,-1.412487e-02,1.094502e-01,-9.698547e-02,8.013477e-02,-7.798031e-02,1.529312e-01,-1.711113e-01,3.238013e-02,1.308465e-01,-9.283287e-02,3.575077e-02,-3.215885e-02,2.464857e-02,-1.966322e-01,4.869075e-02,2.518663e-01,-3.081578e-03,-4.176022e-02,-2.271492e-02,4.540349e-02,-3.061437e-03,-1.010304e-01,-2.078706e-01,-3.744610e-04,7.603399e-02,6.187718e-02,-6.535243e-02,4.594782e-02,-5.110960e-02,4.172796e-03,-6.791438e-03,-1.513820e-01,1.019838e-01,1.851086e-01,6.143980e-02,3.796258e-02,1.244499e-01,-2.650420e-01,-6.094967e-03,-1.019792e-01,3.721227e-03,-1.213523e-02,1.007325e-01,
8.118818e-02,2.257322e-01,-1.589562e-01,-5.317233e-04,-5.372791e-02,1.015709e-01,-7.720625e-02,1.206371e-02,1.256381e-01,8.970736e-02,-2.309143e-02,2.245173e-01,3.240902e-01,-1.338552e-01,5.260959e-03,2.082717e-01,-9.478183e-02,-1.528899e-01,-6.854792e-02,-5.361506e-02,3.581230e-02,2.571921e-02,2.529379e-02,6.961629e-02,2.887291e-02,2.319373e-02,-2.102079e-02,3.546168e-02,2.651121e-03,3.403753e-02,1.014259e-01,3.285139e-02,-9.032998e-02,-2.116739e-02,6.253611e-02,1.340858e-02,-8.136687e-02,6.613704e-04,-2.359370e-01,-1.489630e-02,2.300807e-03,-4.658194e-02,-1.472508e-01,-9.954570e-02,1.001555e-02,1.614088e-02,-1.137582e-01,-2.393002e-02,6.585136e-02,-5.477522e-02,
2.426628e-02,4.122033e-02,-2.388611e-02,8.740395e-02,1.267872e-02,-3.432728e-02,-4.280174e-02,4.370943e-03,4.293367e-02,-3.096454e-02,4.213260e-02,7.935474e-02,8.357029e-02,-7.328534e-02,-8.399500e-02,-1.221716e-02,-6.032103e-02,-1.184606e-01,2.287675e-02,6.296916e-03,6.194276e-02,7.618783e-02,-2.089902e-01,2.120567e-01,-9.321070e-02,7.372608e-02,-1.043901e-01,4.668620e-02,3.682342e-02,8.116319e-02,-4.362943e-02,-1.955659e-02,-5.234269e-02,4.183849e-02,-8.579617e-02,-6.118289e-02,1.541044e-01,1.294748e-01,1.217463e-01,-7.957739e-02,-1.397079e-01,-9.500306e-02,-1.156645e-01,-5.303436e-02,8.194490e-02,-2.616249e-02,-6.166685e-02,-1.674299e-01,6.759001e-03,5.494519e-02,
6.464879e-02,-4.477674e-02,7.151091e-02,9.199109e-02,1.651608e-01,8.402366e-02,-1.274452e-01,1.216869e-02,-6.192500e-02,4.676690e-02,3.638799e-02,4.788807e-02,1.181677e-03,-1.914848e-02,-1.090628e-01,-8.154423e-02,-4.467567e-02,9.074546e-03,-3.979647e-02,4.165781e-02,1.055141e-01,-1.412032e-02,-1.141951e-02,1.059324e-01,-4.672156e-02,1.146579e-01,7.126768e-03,-9.616602e-02,-8.501398e-02,-8.110675e-03,-3.809753e-02,-1.021551e-01,-6.820129e-02,3.776207e-04,-1.713411e-01,-2.180618e-02,7.066656e-02,9.454933e-02,1.659749e-01,-2.415121e-01,3.546819e-03,-7.090456e-02,4.887307e-02,-2.603405e-03,-7.864232e-02,1.887427e-02,-1.177444e-01,8.428905e-02,-4.931331e-02,2.097679e-01,
5.597119e-03,-5.591122e-03,2.752172e-02,9.631434e-02,6.984757e-02,-2.388763e-02,-1.532866e-02,5.248790e-03,-3.869021e-02,1.241302e-02,-4.535212e-02,2.607731e-02,-8.402583e-03,7.988553e-02,-1.719405e-02,-4.466832e-02,9.833280e-03,4.487441e-02,-5.037674e-03,-1.871808e-04,8.882645e-02,-9.856313e-03,-1.855396e-02,-1.405810e-01,1.733032e-02,8.879991e-02,4.905661e-02,-9.457526e-03,-6.972131e-02,-6.043898e-02,4.050437e-02,-1.247610e-01,-2.063040e-02,-3.376308e-02,-4.249683e-02,2.424501e-02,-8.360591e-02,2.627860e-02,-1.091738e-02,-1.035472e-01,-3.789912e-02,-5.469996e-02,1.823880e-01,1.551757e-01,-1.472807e-01,-1.034447e-02,-3.373413e-02,6.328105e-03,-1.012566e-02,4.693364e-02,
-1.106091e-01,-1.701989e-01,-2.117866e-01,-1.478581e-02,1.250962e-01,9.881476e-02,-5.749777e-02,1.297221e-02,2.070971e-01,4.340912e-02,-1.885796e-02,-1.144353e-01,1.061819e-01,6.851176e-02,-2.601863e-01,6.153104e-02,4.737116e-02,1.050821e-01,-1.760992e-01,2.971009e-02,1.507144e-02,7.611107e-02,-1.675700e-02,-1.013786e-01,1.507392e-02,4.259658e-02,-1.257206e-01,7.193829e-02,9.003156e-02,1.101890e-01,1.865917e-02,6.655892e-02,1.293664e-01,8.499871e-02,4.692193e-02,4.452053e-02,2.316651e-01,2.770827e-02,3.200642e-02,-1.091937e-01,6.426795e-02,1.005141e-01,-3.418499e-02,1.723744e-01,-8.465204e-02,1.570313e-02,-2.772404e-02,5.241806e-02,2.533993e-02,-2.277099e-01,
-1.501280e-02,-2.364628e-02,-2.627571e-02,8.214042e-02,3.635371e-02,-2.574934e-02,-5.026389e-02,-7.699841e-03,4.105517e-02,-3.059711e-02,7.487073e-02,1.321960e-02,4.916658e-02,-2.695764e-02,-6.926793e-02,1.217745e-02,2.448475e-02,1.945096e-02,-2.540821e-02,-2.206406e-02,-2.280457e-02,4.910496e-02,4.931241e-02,-7.677603e-02,-7.657717e-02,7.529293e-02,-2.773885e-02,9.060891e-02,-8.612114e-03,-5.689215e-02,9.930377e-03,9.137819e-03,9.552769e-02,1.140165e-01,-8.984050e-02,-8.455120e-02,1.144149e-01,-1.657994e-01,8.926440e-02,-2.911205e-02,-7.512199e-02,8.309954e-03,-6.132666e-02,9.921585e-02,-5.431731e-02,1.262005e-01,4.019094e-02,-9.974165e-02,1.047772e-01,-1.323280e-01,
-5.244932e-03,1.108517e-03,4.201065e-03,1.380722e-01,6.840478e-02,4.512783e-02,-1.102734e-01,-4.937022e-03,-1.053255e-02,-1.738268e-02,3.066486e-02,9.670690e-03,-2.665461e-02,-2.491284e-02,-9.785285e-03,-2.114489e-02,3.108918e-02,-9.685737e-02,1.536518e-02,-9.571958e-02,6.609353e-03,4.648236e-02,8.529893e-02,-5.760074e-02,-1.832050e-01,7.221212e-02,8.383139e-02,-2.245151e-02,3.090449e-02,-1.879813e-02,5.530857e-02,-4.665935e-02,1.066247e-01,1.204108e-01,-6.204447e-02,-2.515741e-02,-7.941820e-02,-1.480732e-01,6.256277e-02,1.487125e-01,-1.305510e-01,6.659472e-02,-5.897280e-02,-8.424731e-02,-6.380900e-02,3.545929e-02,-4.121397e-02,2.224333e-02,-4.108848e-02,-5.080794e-02,
2.608678e-03,-3.332055e-03,1.841929e-02,9.205809e-02,-1.893086e-02,-2.940239e-02,1.466660e-03,3.758533e-02,3.555393e-02,7.581916e-03,-1.884250e-02,-4.165323e-02,-1.507226e-02,-1.068868e-02,8.596469e-02,-5.127599e-02,4.538495e-02,-1.412075e-01,-4.388090e-02,-1.498588e-01,2.407336e-02,3.862339e-02,3.590673e-02,-6.017246e-03,-1.574186e-01,4.167412e-02,3.422535e-02,-1.357146e-01,8.792274e-02,1.186321e-01,-1.225721e-03,-8.981415e-02,2.834098e-02,7.379264e-02,5.741675e-03,-7.567795e-02,-1.283079e-01,-5.518360e-02,-4.316159e-02,1.060196e-01,-6.921941e-02,9.355854e-02,9.839076e-02,-8.265588e-02,5.347741e-03,-7.014106e-02,-1.015919e-01,1.285150e-01,-1.448809e-01,1.017813e-01,
2.229511e-02,-1.927127e-02,1.492613e-01,4.709120e-02,-1.809755e-02,1.140980e-01,1.052930e-01,3.395352e-02,1.323650e-01,6.743727e-02,-8.305669e-02,3.754282e-02,-1.118188e-01,-1.363845e-01,1.974570e-01,-1.568981e-02,2.705346e-02,-4.728074e-02,4.208098e-02,-4.045630e-02,-1.210273e-01,-1.050322e-01,-8.410631e-02,2.002681e-02,-1.792425e-02,-2.418274e-02,-1.165968e-02,-3.000938e-02,4.400096e-02,1.055231e-01,1.842179e-01,-1.118833e-02,-7.754572e-02,2.776856e-04,8.835727e-02,-1.302550e-01,-8.539362e-03,2.023053e-01,-4.745849e-02,-3.935735e-02,-9.900853e-02,7.377385e-02,1.117866e-01,1.765417e-01,5.430659e-03,-1.068786e-01,8.702291e-02,1.131631e-01,2.409569e-03,-6.101985e-03,
2.502534e-02,-2.325806e-02,5.034835e-02,5.906553e-02,-2.388839e-02,-1.257973e-02,9.914944e-02,-3.185003e-02,2.515615e-02,-4.942734e-02,-1.643527e-01,1.938705e-02,2.415365e-02,1.212758e-03,8.507089e-02,3.634327e-03,9.358786e-03,6.071222e-03,8.751787e-02,8.957645e-03,-9.507421e-02,-3.856656e-02,-5.896398e-02,5.273700e-02,5.890708e-02,-3.220283e-02,-2.076613e-02,3.750899e-06,7.557697e-02,-5.199565e-02,2.000301e-01,8.581398e-02,-8.591251e-03,-1.940199e-01,2.433985e-03,-1.582826e-01,-9.064255e-03,7.416560e-03,1.258128e-01,-1.521359e-01,2.477597e-02,3.094920e-03,1.586566e-02,1.445844e-01,1.096862e-01,-7.503509e-02,-6.254369e-02,2.580430e-02,1.069275e-01,-9.618909e-02,
1.458211e-01,1.915600e-02,-1.512469e-02,-1.073741e-01,-1.305028e-02,1.129354e-01,8.272467e-02,-3.392208e-01,-2.391204e-01,-2.427573e-01,-2.031144e-01,4.508832e-02,1.309054e-01,5.879998e-02,-7.078062e-02,1.679107e-02,5.672155e-03,3.833301e-02,-8.005526e-02,3.200511e-02,-3.248519e-02,-2.851130e-02,-4.394271e-02,8.474035e-03,-7.568830e-02,-8.430960e-02,-1.336954e-01,-5.123606e-02,1.875050e-01,-5.947795e-02,-1.037050e-01,1.257482e-01,4.195388e-02,-2.203789e-01,3.115157e-03,4.222199e-02,-2.018478e-01,-1.082067e-01,1.078705e-01,-5.857475e-02,-1.268755e-02,1.731590e-04,1.018761e-02,8.589629e-02,3.775657e-02,3.212409e-02,-1.821182e-01,2.054892e-02,-1.544977e-01,6.869577e-02,
4.743961e-03,-6.259982e-03,-4.542685e-02,5.522898e-02,2.508731e-03,-2.622177e-02,1.055385e-02,-8.178888e-02,-2.925096e-02,-8.393617e-02,-1.636181e-02,-2.046297e-02,5.724776e-02,-8.594807e-03,-2.902475e-02,-1.394147e-02,-4.210694e-02,5.624343e-02,-1.099168e-01,1.395318e-01,7.795195e-03,-3.128468e-02,-8.344505e-02,1.953040e-02,6.491881e-02,2.096465e-02,-7.477673e-02,1.675238e-01,8.237261e-02,-2.401458e-02,-1.442263e-01,-3.653423e-03,-3.734153e-02,5.737117e-02,1.071760e-01,1.762459e-01,-3.287886e-02,1.226603e-01,-7.618827e-02,-4.090871e-02,9.281876e-02,-4.286882e-03,2.908242e-02,3.985639e-02,-9.303408e-02,-4.039908e-02,3.617130e-02,1.247786e-01,-1.225321e-01,-5.713768e-03,
1.562435e-01,1.486178e-01,-1.784683e-01,-3.950448e-03,-8.927660e-02,9.978227e-02,9.019393e-02,2.122772e-01,-8.712070e-02,1.592982e-01,-1.670157e-01,-1.917069e-01,-2.870930e-02,-8.952374e-02,-6.638861e-03,-1.436629e-01,-6.941289e-03,6.346955e-02,-1.511498e-02,-8.051742e-02,-2.836316e-02,-3.746800e-02,-3.993432e-02,1.538821e-01,1.145745e-02,1.574578e-01,7.836114e-02,6.487052e-03,1.270123e-01,5.637455e-02,1.343115e-01,-1.126699e-01,1.550457e-01,-1.842758e-02,1.377661e-01,-1.415193e-02,1.061474e-01,-3.900340e-02,1.678383e-01,-2.064025e-02,-5.943250e-02,1.250196e-01,6.355701e-02,-3.244981e-02,-1.249022e-01,9.659224e-02,-6.719888e-02,1.786373e-02,3.778679e-02,7.460297e-03,
3.012293e-02,4.835172e-02,-5.850183e-02,9.094152e-02,-4.292134e-02,1.787386e-03,6.708612e-02,3.385196e-02,3.716783e-02,-1.238536e-02,8.540569e-02,-7.300293e-03,-1.241695e-02,-1.211911e-01,-2.177793e-05,-1.179474e-01,-2.434970e-02,-4.420686e-02,1.200455e-01,-4.874761e-02,-8.333245e-03,9.453371e-02,-7.287960e-02,6.027822e-03,-1.487403e-01,-1.380051e-02,1.313579e-02,-3.344022e-02,-1.044004e-01,-6.673161e-02,1.215998e-01,-1.656845e-02,1.682277e-01,-3.877817e-02,-1.668181e-02,-1.234646e-01,-3.328861e-02,-2.584565e-01,-5.315856e-03,-1.295204e-01,-4.519898e-02,1.460538e-01,6.546732e-02,1.036407e-01,1.733216e-01,2.468189e-01,1.159945e-01,4.830535e-02,-4.802812e-02,9.193805e-02,
9.678342e-03,3.890435e-02,-3.123426e-02,1.505295e-01,9.887710e-03,1.054694e-01,1.615079e-02,-2.994094e-02,-5.859940e-02,-3.591454e-02,8.221776e-02,9.782805e-03,-3.661517e-02,-6.077109e-02,-3.760030e-02,-8.680123e-02,5.337980e-02,-1.570516e-01,-3.313952e-02,-1.576394e-01,-9.631994e-02,5.792490e-03,2.656724e-02,-1.107527e-01,-2.516274e-01,-1.136550e-01,-2.802963e-02,-1.262857e-01,3.580463e-02,-3.748773e-02,-5.811862e-02,9.811382e-03,5.331294e-02,-2.544463e-02,2.559715e-02,-2.435585e-03,-1.369679e-01,-4.733498e-02,-8.501391e-02,-1.635630e-01,-1.693889e-02,1.106005e-01,-1.849121e-01,-7.562996e-03,2.030720e-02,5.143632e-02,2.382932e-02,-7.296132e-02,-2.006936e-02,-7.335806e-02,
-2.424531e-02,4.761515e-02,3.305536e-02,9.122606e-02,1.661930e-02,-3.275011e-02,-4.421254e-02,-2.946160e-02,3.738836e-02,-6.874206e-02,7.899208e-02,-2.526804e-02,-8.514566e-03,-5.064609e-03,-3.363671e-02,4.298346e-03,5.069852e-02,-1.043106e-01,-1.504355e-01,-1.035364e-01,-1.140643e-01,-9.656952e-02,3.294849e-02,-9.952612e-02,-5.740656e-02,-1.487106e-03,-9.018972e-02,-1.039263e-01,1.250796e-01,-2.179715e-02,-8.450396e-02,-4.960828e-02,-5.357244e-02,5.064986e-02,9.306335e-02,-2.363769e-02,-4.891481e-02,7.835304e-02,1.484621e-02,-6.044473e-02,-3.786259e-02,-3.353223e-02,-1.143409e-01,-5.028969e-03,3.035252e-02,1.992390e-02,8.833892e-03,-1.368495e-01,-1.569487e-01,-8.213927e-02,
-1.503306e-01,1.669002e-01,1.782403e-01,4.942243e-03,1.101544e-01,7.303216e-02,-2.399070e-01,-2.325692e-02,5.820855e-02,-4.470212e-03,-6.841252e-05,-1.278573e-02,-3.781334e-02,1.191846e-01,-6.537280e-02,2.456287e-02,1.455398e-01,2.240560e-02,-1.741273e-01,3.416440e-02,-1.146043e-01,-5.277905e-02,-7.590784e-02,5.904027e-02,1.359110e-01,9.171661e-02,-5.239133e-02,1.465396e-01,1.354936e-01,-2.073990e-01,7.750570e-02,-9.188038e-02,-1.019723e-01,-1.087082e-01,1.351223e-01,3.964442e-04,4.345158e-05,4.575606e-02,2.807864e-02,1.535053e-04,1.824015e-02,1.261632e-01,-3.592402e-02,8.272714e-02,8.055658e-02,1.287672e-01,7.657223e-02,5.180642e-02,-1.190909e-01,5.032696e-02,
-8.733083e-04,-1.146677e-02,1.493667e-02,8.579045e-02,2.748323e-02,-4.681812e-02,-6.352839e-02,-5.612857e-02,2.862274e-02,-8.204645e-02,-6.277255e-02,5.007611e-02,5.968718e-02,1.216163e-01,-5.231964e-02,9.837432e-02,7.685645e-02,1.705598e-02,3.112333e-02,9.918679e-02,-4.938204e-02,-1.914006e-02,2.656848e-02,1.166194e-01,6.035486e-02,2.045502e-02,7.122649e-03,1.260528e-01,8.912567e-02,-4.827772e-02,1.386566e-01,4.991330e-02,-1.196709e-01,-2.000637e-01,-1.055639e-01,8.249774e-02,5.246011e-02,-8.645088e-02,1.002071e-01,-6.031126e-02,1.468355e-01,8.498779e-02,1.312006e-01,-2.509540e-02,-1.182494e-01,-6.769807e-02,8.592391e-02,3.641947e-02,1.669714e-01,1.898872e-02,
1.180569e-01,-1.888839e-01,8.032285e-02,-4.810724e-02,8.813413e-02,1.088690e-01,1.562121e-02,-3.211036e-01,-1.128180e-01,-2.565855e-01,-2.200784e-01,7.590698e-02,1.391175e-01,6.123221e-02,5.069911e-02,1.774673e-01,-7.281809e-02,3.667466e-02,1.311418e-01,4.585965e-02,-1.743346e-02,4.465475e-02,2.494348e-02,-2.064667e-02,-1.104762e-01,-2.780906e-03,5.426881e-02,5.835465e-02,-1.314224e-01,-4.730802e-03,8.001272e-02,8.282408e-02,6.863248e-02,5.695000e-02,1.009826e-02,-1.474003e-01,1.165302e-01,-1.233160e-01,7.548264e-02,8.966036e-02,-1.298280e-01,-1.547115e-02,1.676826e-02,-1.331745e-01,2.546244e-02,-8.889936e-02,1.223825e-01,8.619587e-02,-2.772466e-02,-9.367897e-02,
4.268762e-02,2.140937e-03,-2.514927e-02,6.579674e-02,-3.099523e-02,-3.650664e-02,6.365719e-02,-3.419545e-02,-7.546101e-02,-8.892780e-02,-1.941596e-01,-5.688221e-02,7.674595e-02,-5.940517e-02,3.351229e-02,-2.202722e-02,-5.995359e-02,7.800309e-02,-3.081410e-02,4.076500e-02,-2.438672e-02,1.924392e-02,-5.275702e-02,2.101327e-02,1.007645e-01,1.717360e-01,4.780607e-02,2.041470e-02,6.179845e-02,1.900322e-02,-5.408873e-02,-5.960280e-02,9.357996e-02,1.459629e-01,1.062552e-01,4.213898e-03,1.300508e-02,2.119114e-01,-4.222503e-02,1.094356e-01,-2.306546e-01,-4.479957e-02,-2.003179e-02,-5.841528e-02,-8.617887e-02,-4.822693e-02,-7.490624e-02,7.453500e-02,-1.059498e-01,-3.508354e-03,
1.635421e-01,-1.505696e-01,1.792805e-01,1.189667e-02,1.024220e-01,1.664995e-03,-1.581339e-01,1.668748e-01,-4.845143e-02,8.807273e-02,-6.362016e-02,-1.278406e-01,-3.287884e-02,6.321276e-02,-4.746043e-02,1.707352e-01,-1.717342e-01,-1.427062e-01,-1.137079e-01,1.432158e-02,-1.272575e-01,-9.227361e-02,-1.107300e-01,4.524923e-02,-2.264460e-01,1.462607e-01,-2.005652e-02,4.246172e-02,-3.272625e-02,-1.089955e-01,5.378303e-03,-1.156752e-01,5.485187e-02,-2.071180e-01,9.409597e-02,-6.877998e-02,3.731931e-02,-3.428225e-03,6.573396e-02,-1.047862e-02,1.398186e-01,6.671349e-02,-6.941525e-02,-4.535611e-02,-4.575250e-02,-2.066460e-02,7.344804e-02,-1.676149e-01,9.541116e-03,6.512251e-02,
4.760340e-02,1.163278e-03,1.434938e-02,6.734202e-02,5.835347e-03,-2.527481e-02,-4.366931e-02,-9.536393e-03,8.403561e-02,-8.327994e-02,7.072446e-02,2.006678e-02,-3.374625e-02,-4.288637e-02,-4.742588e-02,5.964942e-04,-7.023029e-02,-1.988737e-01,-3.183284e-02,4.065026e-02,-3.183490e-02,-4.212093e-02,-1.475850e-01,6.693610e-02,-1.115304e-01,-6.262971e-04,1.047014e-02,5.954715e-02,-4.290213e-02,-3.150621e-02,3.248977e-02,9.720571e-02,1.749644e-02,-1.883222e-01,-1.304861e-01,4.191311e-02,-3.006943e-02,2.047540e-02,-5.185287e-02,-5.726861e-02,8.425317e-02,1.194239e-01,1.232446e-01,-2.092028e-02,1.234243e-01,1.560446e-01,1.909971e-01,1.128141e-01,-2.293851e-02,1.620573e-02,
1.180086e-01,1.966055e-01,-8.625186e-02,-5.542379e-02,4.674251e-03,1.455623e-01,3.883200e-03,-1.916777e-01,7.716296e-03,-1.920169e-01,-5.384697e-02,2.280344e-02,-4.813450e-02,-1.166204e-01,-1.110984e-01,-1.282347e-01,1.019346e-01,-1.158050e-01,-8.955277e-02,-3.273628e-01,-8.061944e-02,-3.195691e-03,-1.626816e-02,4.094487e-02,-1.432386e-03,-4.614294e-02,-5.385792e-03,-1.350081e-01,-1.504684e-03,-2.902854e-02,-4.470970e-03,-7.235043e-02,4.209375e-03,-9.451653e-02,-6.733322e-02,1.511752e-01,-1.670988e-02,1.936589e-01,5.866158e-03,6.186582e-02,1.446854e-01,4.233927e-02,6.976064e-02,-2.768790e-02,-1.546711e-01,-2.092089e-02,1.128037e-01,-4.934679e-02,9.426889e-02,-8.295965e-02,
3.101433e-03,2.170179e-02,-2.011741e-02,7.866661e-02,-2.484141e-02,6.186632e-03,1.082782e-01,-7.064710e-02,3.770025e-02,-1.042763e-01,6.058751e-02,-7.630617e-02,1.334157e-02,-1.235436e-01,-5.038518e-02,-1.382588e-01,-5.350428e-02,-2.059249e-02,5.117272e-03,-1.545120e-01,-5.751842e-02,-2.585727e-02,1.255134e-02,-1.090028e-01,1.740481e-01,6.796483e-02,-3.189298e-02,-4.734351e-02,-3.475313e-02,-1.375204e-01,2.821386e-03,-1.380495e-01,-2.477437e-02,-9.257611e-03,7.146114e-02,-1.184705e-01,1.708866e-01,-9.439565e-02,1.158976e-03,6.051933e-02,1.085842e-02,-9.212674e-02,-1.186916e-01,-4.922988e-02,-3.245027e-02,-1.387615e-01,5.853517e-02,-5.398173e-02,-8.686713e-02,2.852805e-03,
-1.551324e-01,-1.541929e-01,-1.616282e-01,-1.166873e-02,-1.073079e-02,2.120654e-01,1.862639e-01,-5.769447e-03,-7.277953e-03,1.334336e-02,7.456204e-02,-1.644752e-01,1.567001e-01,2.676739e-02,1.337246e-02,-2.999597e-02,-3.144624e-02,1.036464e-01,6.883357e-02,-8.644693e-02,-3.757814e-02,-2.927496e-02,-7.504094e-02,5.681632e-02,6.390526e-02,1.751136e-01,1.876682e-02,1.650598e-01,9.085301e-02,-1.370017e-01,1.197979e-01,-4.701411e-02,-1.844337e-01,-8.223674e-02,1.359326e-01,-1.057544e-01,-1.035706e-02,-1.022040e-01,-6.350928e-02,-6.398958e-02,-7.229480e-02,4.151257e-02,2.677260e-02,-1.802157e-01,8.229227e-02,3.205812e-02,2.127635e-02,2.080569e-02,-2.482473e-02,7.384177e-02,
-2.933736e-02,-5.358561e-02,-4.387429e-02,7.872913e-02,-6.436682e-03,1.489066e-02,7.379689e-02,-2.271626e-02,-1.624408e-02,-4.265775e-02,2.738714e-02,1.042073e-02,1.341757e-01,6.468053e-02,4.016080e-02,-9.409274e-03,2.690936e-02,1.144078e-01,1.521536e-01,6.435756e-02,3.775949e-04,2.362386e-02,6.697450e-02,1.237541e-01,-1.113537e-01,1.282272e-01,1.042724e-01,1.259643e-01,9.188712e-02,1.078373e-01,8.516801e-03,1.520619e-02,7.232955e-03,1.314812e-01,1.071574e-02,4.333214e-02,2.198568e-02,-1.939673e-02,-4.513402e-02,-1.675183e-02,8.948760e-02,2.009885e-01,6.711881e-02,1.265386e-02,-1.407345e-01,1.019947e-01,3.520660e-03,-7.998307e-02,1.385184e-01,7.393571e-02,
1.144087e-02,-3.878415e-02,2.636505e-02,1.522745e-01,6.391299e-02,6.723135e-02,-5.077891e-02,-5.769860e-02,-9.383012e-02,-3.251540e-02,-8.377254e-02,4.788596e-02,-3.116674e-03,9.509231e-02,5.750182e-02,8.465682e-02,3.579186e-02,9.101178e-02,1.114043e-01,1.018517e-01,-9.928656e-05,8.365203e-02,6.148661e-02,3.222350e-02,-4.010867e-02,-8.526192e-02,1.525489e-01,-7.545686e-02,-4.367162e-02,1.584162e-01,7.102917e-02,-8.828134e-02,4.622117e-02,1.839947e-01,1.887940e-01,4.395731e-02,6.381181e-02,2.356649e-02,-6.692017e-02,-1.292492e-01,-5.627163e-02,1.093053e-01,-4.387638e-02,1.302450e-02,-1.803524e-02,1.971023e-01,-6.395529e-02,1.799723e-02,7.137363e-03,8.408602e-02,
2.829285e-02,-4.352906e-02,4.624579e-02,1.028071e-01,1.240721e-02,-9.233007e-02,-6.872053e-02,3.608031e-02,-7.902937e-02,-1.487521e-02,-1.683857e-01,-3.120439e-02,4.061931e-02,8.585156e-02,8.199634e-03,1.830652e-01,3.177367e-02,3.187108e-02,-4.118786e-02,3.415228e-02,-1.062139e-01,3.289847e-02,-4.663284e-02,-5.613935e-02,-1.232044e-02,-3.551360e-02,6.174750e-02,-1.018582e-01,-9.537892e-03,-6.320311e-02,4.972017e-02,-1.294381e-01,8.679704e-02,2.749932e-02,2.341563e-01,-4.970822e-03,-4.971425e-02,1.208089e-01,3.508870e-02,-1.451154e-01,-1.546087e-01,-1.446417e-01,-6.066985e-02,3.611738e-02,4.475459e-02,3.052368e-02,-3.217916e-02,-1.736142e-01,-8.222576e-02,6.994216e-02,
-1.051645e-01,1.720427e-01,2.154438e-01,-2.942840e-03,-3.149286e-02,1.250687e-01,3.372855e-02,-1.020825e-02,6.179430e-02,1.246946e-01,-7.153787e-02,1.099419e-01,1.378893e-01,2.376485e-01,-9.774005e-02,-2.263499e-01,-2.929736e-01,7.223043e-02,1.160863e-01,-8.904342e-02,-8.097255e-02,-7.844743e-02,-8.535119e-02,-2.815877e-01,-1.485449e-01,9.242873e-02,-3.945618e-02,-2.439810e-02,-2.605027e-02,-1.917183e-02,-5.448860e-02,1.278643e-01,8.960756e-04,-8.141719e-02,-8.802554e-03,-4.915729e-02,1.057735e-01,4.254186e-02,-1.337234e-01,-1.616531e-01,-1.282555e-03,-1.401035e-01,1.411227e-01,-1.363232e-01,-1.696254e-01,2.069094e-02,-5.872250e-02,-6.308720e-02,-4.844908e-02,-1.523610e-02,
7.252973e-03,6.337554e-03,3.960422e-02,5.866292e-02,-1.426647e-03,-8.830946e-04,4.028920e-03,-3.975208e-02,3.897628e-02,-6.246393e-02,3.533857e-02,2.435743e-02,3.179330e-02,4.971882e-02,-5.199641e-02,-8.722811e-02,-5.939306e-02,-5.568336e-02,3.004655e-02,-4.138683e-02,2.603991e-02,-6.608533e-02,-8.411016e-02,-4.982896e-02,8.603060e-02,1.448347e-01,2.931919e-02,3.607824e-02,8.255123e-02,1.193097e-01,-2.972268e-02,4.900402e-02,-4.651581e-02,6.137989e-03,-1.590078e-01,2.874412e-02,1.419776e-02,-7.470580e-02,1.649228e-02,-1.362905e-01,-1.353568e-04,8.371320e-02,1.451249e-03,-1.336697e-01,8.189063e-02,1.069212e-01,2.705169e-02,7.964298e-03,-1.665519e-02,-3.894555e-02,
1.630187e-01,-1.450508e-02,2.455449e-02,-1.126156e-01,9.963543e-02,9.886140e-02,-9.988826e-02,-2.595898e-01,3.923185e-02,-3.169706e-01,6.029539e-03,-4.315363e-02,-9.344000e-02,-2.227661e-02,-1.016425e-01,-5.449488e-02,8.294344e-05,-5.727049e-02,3.554167e-02,-1.955832e-01,4.483537e-02,3.588333e-02,-7.141608e-02,5.482643e-02,1.422218e-01,1.392799e-01,8.081689e-02,5.558231e-02,-4.655198e-02,1.152997e-01,4.234073e-02,-2.662479e-01,-4.838469e-03,1.254211e-01,4.419945e-02,-6.197689e-02,1.238012e-01,1.426551e-02,-1.581790e-01,6.879709e-03,7.659120e-02,6.623192e-02,-2.449888e-02,3.364979e-02,5.589509e-02,4.547099e-02,-3.886012e-02,-1.018294e-01,2.036775e-01,3.963029e-02,
3.000293e-02,3.288701e-02,-6.002536e-02,5.425892e-02,2.623237e-02,-5.017293e-02,-5.449736e-02,-2.840611e-02,5.865931e-02,-8.889974e-02,3.823072e-02,-4.193240e-02,-1.049910e-02,-1.146706e-01,-5.423144e-02,-7.465192e-03,-6.286041e-02,-4.017869e-02,-4.300610e-02,-2.315018e-02,1.233565e-02,5.917168e-02,1.659038e-02,9.188959e-03,8.085812e-02,3.177594e-02,1.139133e-01,3.954589e-02,-3.029913e-02,-1.087801e-01,1.107101e-01,-1.562089e-01,1.126305e-01,-5.164851e-02,6.582044e-02,-7.056738e-02,7.438854e-02,-2.902285e-02,-2.113803e-01,-3.658568e-02,1.181540e-02,-1.712226e-01,1.494719e-01,7.868537e-02,-7.072616e-02,-1.006220e-01,2.491513e-02,3.999482e-02,-7.273568e-02,1.508105e-01,
9.877732e-03,1.141700e-02,-1.522518e-01,3.743505e-02,6.716933e-02,5.355422e-02,-1.109684e-01,4.092085e-02,-3.780317e-03,8.706950e-02,2.487155e-02,8.134196e-02,1.747740e-01,-1.165956e-01,7.249907e-02,2.321935e-01,3.574796e-03,-1.326120e-02,-9.076882e-02,-1.043724e-02,-1.120246e-02,6.892584e-02,8.261518e-02,5.239844e-02,-7.345141e-02,6.070015e-02,2.031454e-01,9.189905e-02,1.817829e-02,-5.192046e-02,3.741380e-02,2.144064e-02,1.703233e-01,-8.488169e-02,4.674282e-02,-8.836366e-02,-8.949544e-02,4.472611e-02,-1.119944e-01,-1.267492e-01,3.097141e-02,-1.809571e-01,1.317349e-01,-1.116989e-01,1.456183e-01,-7.208805e-02,1.163063e-01,-1.670896e-02,-1.179301e-01,-7.562846e-02,
-2.342444e-04,4.519479e-04,-2.285171e-02,8.972607e-02,-5.039411e-03,-1.636204e-02,1.301679e-02,7.840959e-03,-1.042516e-02,-2.381684e-02,9.359233e-03,4.290335e-02,9.770881e-02,-2.995452e-02,4.641951e-02,8.976671e-02,2.699358e-02,8.254344e-03,3.101408e-02,4.386160e-02,-3.860451e-02,6.454307e-02,8.976954e-03,1.226510e-01,-1.425120e-01,-2.421035e-02,2.961314e-02,3.070692e-02,-2.072080e-02,3.571474e-02,-9.181429e-02,2.755201e-02,1.242436e-01,-1.492390e-02,9.423245e-02,3.544938e-02,-5.332506e-02,1.991831e-01,9.731572e-02,9.466914e-02,1.336286e-01,2.677066e-02,7.164044e-03,2.362373e-02,1.050033e-01,8.401236e-02,3.804828e-02,-2.629914e-01,7.728502e-02,-2.538261e-02,
-5.799726e-03,9.329676e-04,-1.181355e-02,1.399978e-01,-2.528669e-02,1.014571e-01,9.996936e-02,1.189090e-02,-5.758370e-02,3.611920e-03,-4.406291e-02,-3.195180e-03,3.469333e-02,1.335606e-02,5.356984e-02,1.704230e-02,3.940816e-02,2.981059e-02,6.159090e-02,5.653637e-02,-7.512141e-02,-4.010497e-02,1.388177e-02,9.722987e-02,-1.096226e-01,-7.255776e-02,-3.357479e-02,-1.329957e-01,-5.449928e-02,3.214533e-02,-7.660391e-02,-2.193968e-02,-2.931601e-02,-2.079517e-02,1.363307e-01,1.032771e-01,-1.666612e-02,1.638640e-01,1.591317e-01,7.410799e-02,1.192322e-01,3.569955e-02,-6.116052e-02,7.477888e-02,-4.147035e-02,1.328205e-01,4.166238e-02,-2.464717e-02,1.133002e-01,9.724345e-02,
-1.157147e-02,2.049517e-02,1.637043e-02,8.634037e-02,-2.289126e-02,4.102018e-03,8.889607e-02,-5.334482e-04,6.121266e-03,-5.555896e-04,-2.555474e-02,1.210497e-02,2.473606e-02,7.738984e-02,1.951897e-02,2.443646e-03,-3.962484e-04,5.385821e-02,3.531050e-02,-3.907531e-02,-6.421367e-02,-5.006584e-02,1.190756e-02,-7.098402e-02,-4.244049e-02,8.788582e-03,-2.588810e-02,-1.823909e-01,-2.362329e-02,-6.677370e-02,2.773741e-02,1.406628e-02,-8.215114e-02,-2.416444e-02,7.628964e-02,3.053291e-02,-1.851487e-02,1.918934e-02,-1.156478e-03,-9.967398e-02,-2.956935e-02,-1.029775e-01,3.560062e-02,1.010843e-01,-1.760970e-01,6.810904e-02,1.362871e-02,-2.915287e-03,6.260757e-02,1.356771e-01,
