1.094831e-01,1.637555e-01,2.123365e-01,-1.346975e-02,-1.184493e-01,1.070676e-01,-3.985556e-02,-1.089760e-01,-1.202125e-01,-1.097629e-01,-5.761502e-02,-9.393536e-02,-6.231763e-02,-4.380226e-02,-1.921410e-01,3.499008e-02,-1.831303e-01,-2.110724e-02,1.828223e-02,6.835604e-02,-3.170526e-02,6.768684e-02,-8.351612e-02,-7.292065e-03,-2.432196e-03,2.228351e-02,5.553437e-02,-1.232928e-01,-6.675642e-02,-4.456907e-02,1.764107e-02,7.025856e-02,4.417914e-03,-2.352994e-02,-7.592457e-02,-1.115306e-01,1.346048e-01,1.577178e-01,1.545143e-01,-5.692629e-02,-1.191426e-01,-1.796181e-01,-1.174317e-01,-1.329444e-01,-3.282134e-02,-2.548447e-01,3.044439e-02,-1.229855e-01,-1.736050e-01,6.592108e-03,
-5.549824e-03,6.195140e-03,4.070430e-02,6.863269e-02,-8.254712e-03,-1.880017e-02,3.213412e-02,4.150589e-02,-1.572962e-02,4.001366e-02,-1.325721e-01,4.680281e-02,-2.524474e-02,-6.848487e-02,-1.956936e-02,3.927524e-02,7.114531e-03,4.508413e-02,-1.963481e-02,1.144119e-01,2.492876e-02,4.975013e-02,-1.552688e-01,2.218981e-02,2.833637e-02,7.151837e-02,-4.602977e-03,4.371246e-02,-1.327109e-01,-6.525649e-02,1.531982e-01,9.305783e-04,1.045239e-02,-1.227515e-01,-9.893363e-02,-1.599354e-01,1.531782e-01,-3.082070e-02,2.643426e-02,9.231004e-02,-3.031326e-02,-6.328079e-02,-4.611004e-02,1.629882e-02,2.542500e-02,4.607763e-02,8.248749e-03,3.472870e-02,2.232287e-01,6.782131e-02,
-1.619635e-01,-1.810886e-02,2.900233e-02,-1.128901e-01,2.763588e-03,8.563318e-02,1.184564e-01,2.832040e-01,6.292554e-02,5.094527e-02,-3.365747e-01,2.970069e-01,8.493430e-02,-1.512240e-01,-5.115412e-02,4.895568e-02,-7.292112e-02,5.885866e-02,-1.919551e-02,6.117588e-02,3.892860e-02,-7.160172e-02,4.022471e-02,1.994980e-03,1.544488e-01,4.225104e-02,1.445163e-01,-6.445965e-02,-4.389304e-02,-4.616830e-02,-5.300760e-02,3.498171e-02,-4.612789e-02,-1.706050e-01,-2.814437e-02,-4.917423e-03,5.166251e-02,6.736771e-03,4.658827e-02,-8.154900e-02,1.218824e-01,1.403184e-01,-7.708213e-02,-5.999395e-02,9.259669e-02,1.843596e-01,3.813284e-02,2.140896e-02,9.419511e-02,2.127783e-02,
-2.838414e-02,2.565780e-02,-5.878644e-02,6.500504e-02,-2.873940e-03,-3.717065e-02,9.461437e-02,-1.396453e-03,-3.823925e-02,-7.768989e-02,-5.653879e-02,1.516411e-01,-1.765321e-02,-2.701224e-02,9.480914e-02,-1.169433e-01,2.228031e-02,3.894738e-02,-3.819226e-02,-2.991333e-02,6.985298e-02,-2.405674e-01,2.267604e-01,5.289897e-02,1.636414e-01,6.983544e-02,8.152042e-02,-9.039070e-02,1.528276e-03,2.791061e-02,-1.095378e-01,1.191870e-01,-1.241691e-02,1.546058e-01,-1.380366e-02,2.672909e-02,5.724970e-02,-3.617605e-03,-1.021425e-04,-1.300488e-02,4.006210e-02,1.464071e-01,8.042061e-02,-1.379945e-01,1.130162e-01,-2.211924e-01,3.296017e-02,1.048432e-01,-8.226887e-02,-1.668702e-01,
-1.148241e-02,4.990692e-03,-1.503684e-01,2.408028e-02,-2.995021e-03,9.636783e-02,8.396351e-02,-4.583143e-02,-6.275692e-02,-1.331012e-01,1.505074e-01,8.997158e-03,4.268960e-02,-5.040086e-02,1.694951e-01,-9.834198e-02,1.780007e-01,-9.482289e-05,-1.400105e-01,-1.339646e-02,-4.054000e-02,-1.418107e-01,-1.181278e-02,7.699194e-04,6.186929e-03,2.932651e-03,5.376441e-02,3.344751e-02,-1.060030e-01,5.264809e-02,-1.169142e-01,9.268357e-02,5.117474e-02,1.186594e-01,5.059315e-02,-1.651718e-03,1.234686e-01,-5.782274e-02,-7.769443e-02,5.168188e-02,-3.644481e-02,-4.810769e-02,-2.386266e-02,1.260926e-01,1.154938e-01,-3.098867e-02,-5.942356e-02,-2.462243e-02,-1.146238e-01,-5.513054e-02,
-1.273127e-03,1.382382e-03,-2.888362e-02,8.724278e-02,1.825045e-02,-2.614046e-02,-1.453195e-02,-1.147656e-01,1.562217e-02,-7.984103e-02,3.420090e-02,-8.317082e-03,1.348379e-01,-5.443657e-02,1.933538e-02,8.296551e-02,1.104111e-01,-8.908048e-02,-9.972578e-02,-1.306290e-01,-2.543066e-02,5.290838e-02,-3.921984e-02,-9.661654e-02,-2.475665e-02,-9.253083e-02,-7.168086e-02,2.605482e-02,-4.530758e-02,8.938203e-03,3.803058e-02,5.988499e-02,5.035020e-02,-8.867452e-02,1.215067e-01,1.022377e-01,3.396153e-02,4.482624e-02,1.717480e-02,-6.951618e-02,1.445979e-01,-4.212906e-02,-6.943930e-02,9.302667e-02,8.086291e-02,1.818819e-01,-3.225841e-02,3.876993e-02,-3.719349e-02,1.977768e-02,
6.046668e-03,-3.613136e-03,-1.400985e-02,1.257470e-01,-4.644997e-02,7.363499e-02,-1.299512e-01,-4.230168e-03,-1.995058e-02,4.358972e-02,1.951389e-02,-3.090138e-02,5.957204e-02,2.535718e-02,-5.829878e-02,2.133537e-02,1.884265e-02,-8.018293e-02,-2.769026e-02,-6.915772e-02,-3.040585e-02,4.360179e-02,6.156082e-02,-1.625675e-01,-1.215129e-01,-1.190537e-02,-1.033250e-01,-1.434930e-01,5.681341e-02,6.635491e-02,-1.603401e-02,5.217656e-02,4.400409e-02,-1.071545e-01,9.988719e-02,7.125283e-02,-1.062367e-01,8.228628e-02,1.139349e-02,-1.187151e-02,1.348338e-01,8.205843e-02,5.615651e-02,-8.994649e-02,-6.547995e-04,8.581800e-02,-1.189810e-01,-6.180137e-02,7.566701e-02,-6.442094e-02,
1.249948e-02,1.833315e-02,1.461594e-02,8.423166e-02,-2.506838e-02,-1.363050e-03,-5.927428e-02,6.317719e-03,-7.582105e-02,5.053821e-02,-1.646121e-02,-7.244814e-02,-6.419123e-02,-1.131115e-02,-1.176379e-01,1.598505e-02,-1.797267e-02,-2.160768e-02,2.487726e-02,-1.828112e-02,-6.399595e-02,6.772457e-03,6.385677e-02,-1.015250e-01,-7.741540e-02,5.237624e-02,2.977905e-03,-1.448428e-01,2.817883e-02,1.648450e-02,-2.846816e-02,6.272783e-02,2.254499e-02,-5.421832e-02,9.748937e-02,4.377175e-02,-1.084444e-01,5.563956e-02,5.908932e-02,1.342053e-02,-3.506321e-02,1.898795e-02,5.401062e-02,-1.674856e-01,-9.231401e-02,-7.771138e-02,-7.142097e-03,-1.860061e-01,1.034106e-01,4.076690e-02,
-1.622930e-01,-1.440014e-01,1.742392e-01,-5.041876e-03,7.233604e-02,7.433981e-02,1.093222e-01,-2.608674e-01,2.052406e-01,-5.969211e-02,1.067328e-01,-2.146131e-02,9.017361e-02,-7.579521e-02,2.939580e-02,-6.410586e-02,-3.718967e-02,-7.421570e-02,-8.498190e-02,2.517115e-02,-1.738619e-01,-7.350992e-02,4.437047e-02,3.955368e-02,-9.914569e-02,6.394105e-03,4.969998e-02,-1.278383e-01,-5.788186e-02,-5.654233e-02,1.057051e-01,3.557243e-03,7.800993e-02,2.734237e-02,2.344454e-01,-3.435128e-02,1.103597e-01,-8.758473e-02,4.670414e-02,-1.472104e-01,-5.832724e-03,9.924527e-02,-1.284935e-01,-2.016427e-02,-6.260919e-02,7.710819e-02,-9.433160e-02,-7.873154e-02,4.202985e-02,-2.484378e-03,
-4.566591e-02,1.185215e-03,1.521612e-02,8.038455e-02,6.977509e-04,-5.478046e-02,9.116820e-02,-2.044139e-02,8.094571e-02,4.208198e-02,-1.017384e-01,1.281926e-01,6.234739e-03,-1.570972e-01,6.870383e-02,-1.340449e-01,-1.884436e-02,-6.117546e-03,-5.042274e-02,1.870148e-02,-1.245107e-01,5.902240e-02,-6.595071e-02,-2.405891e-02,-1.728738e-01,3.218343e-03,-1.634734e-01,7.299594e-02,-7.738929e-02,-2.411038e-02,1.788252e-01,1.787225e-01,1.413087e-02,1.219805e-01,2.893357e-02,3.257451e-02,2.184092e-01,1.203625e-01,-4.776768e-03,1.838135e-02,1.067636e-01,6.696064e-02,-3.451779e-02,8.686391e-02,5.090257e-02,4.588632e-02,-7.497890e-03,-4.064313e-04,2.108440e-01,-6.399301e-02,
-1.153075e-01,1.872774e-01,-7.764436e-02,-5.762635e-02,-9.294271e-02,9.810083e-02,-2.512189e-03,2.641149e-01,-4.448975e-03,3.796301e-03,-2.767589e-01,2.633086e-01,2.562777e-02,-6.735280e-02,2.342896e-02,-1.226956e-01,-2.251311e-02,1.032382e-01,3.271799e-02,-1.266104e-01,5.154417e-02,1.054997e-01,1.160477e-01,-1.220328e-01,-1.390414e-01,6.078265e-02,-6.434067e-02,-7.465500e-02,-1.606206e-02,4.204300e-02,-5.182837e-02,4.106366e-02,2.110815e-01,2.482241e-02,-1.120321e-01,3.012044e-02,-5.205606e-02,5.364124e-02,1.246639e-02,-6.175749e-02,4.365825e-02,1.744301e-03,-2.512834e-02,7.983176e-02,-2.209112e-02,3.000204e-02,6.523959e-02,-2.293682e-01,-2.569806e-01,1.051419e-01,
-3.239946e-03,1.992871e-02,-2.407924e-02,8.812976e-02,-1.329788e-02,-3.207164e-02,-7.538450e-02,3.053878e-02,-5.597032e-02,-4.145438e-02,-1.196273e-01,1.443095e-01,-9.210114e-02,1.019216e-01,-8.045717e-02,-5.901197e-02,-1.549284e-02,9.432505e-02,-2.777725e-02,1.140611e-02,4.940019e-02,-5.556644e-02,1.775842e-01,-2.181335e-02,5.726811e-02,1.007655e-01,1.633041e-01,-1.936091e-01,5.407445e-02,-6.284166e-02,5.401337e-02,-6.942376e-02,-4.559628e-02,5.286168e-02,5.328955e-03,-1.009578e-01,1.130752e-02,-1.297838e-01,4.919825e-03,-1.251453e-01,2.098023e-04,-6.196619e-03,7.220562e-02,-9.065175e-02,-6.313017e-02,-7.081439e-02,-2.322689e-02,9.646214e-02,-3.452691e-02,-8.228034e-02,
1.513988e-01,-1.606587e-01,-1.662061e-01,-2.830750e-02,-6.557981e-02,1.026716e-01,-2.250603e-01,-2.444409e-02,-5.837001e-02,-5.336201e-02,-3.618094e-02,5.670726e-02,-2.372325e-02,5.688925e-02,-1.665092e-01,1.011266e-01,3.798296e-03,6.486004e-02,-1.140659e-01,1.284972e-01,-8.099070e-02,-4.442884e-02,-4.556617e-02,9.208668e-02,6.148010e-02,1.649169e-01,6.940226e-02,-1.464574e-01,1.998913e-02,-5.914328e-03,8.683888e-02,3.612775e-02,-1.093495e-01,2.499232e-02,4.578779e-02,-6.322935e-02,1.437526e-01,-6.346851e-02,-1.380189e-01,5.015114e-02,-1.650120e-02,2.457148e-02,-1.415606e-02,1.309417e-01,1.929972e-03,-2.526094e-02,1.116906e-01,-1.464074e-01,1.801100e-01,1.348027e-01,
2.967120e-02,-5.764840e-02,-4.675829e-02,7.916809e-02,-9.397202e-03,-4.485109e-03,-5.677912e-02,3.865814e-03,-1.005786e-01,2.025246e-02,-6.208383e-03,-1.404712e-02,8.916407e-02,-4.319957e-02,-1.159595e-01,1.655155e-01,5.235047e-02,-6.602561e-02,-1.783001e-01,-4.034565e-02,-7.277238e-03,2.127866e-02,-2.297126e-01,-2.331063e-02,1.701717e-01,-1.753641e-02,1.211560e-02,1.643589e-02,-4.585307e-02,2.376016e-02,-2.715076e-02,3.487493e-02,-4.041475e-02,-6.053728e-03,-5.535305e-02,7.309974e-02,2.895022e-02,8.408206e-02,-5.110509e-02,1.359232e-01,9.251720e-03,3.879502e-02,-6.873362e-03,-2.452715e-02,9.532160e-02,5.607743e-02,2.500752e-02,-4.174211e-02,-3.692334e-02,1.359868e-01,
-1.153948e-02,-4.376357e-02,2.499539e-02,1.385828e-01,-1.202755e-02,1.241723e-01,1.250828e-02,5.626821e-02,-4.437077e-03,7.878402e-02,3.186436e-02,-3.801495e-02,9.669923e-02,-8.122204e-02,3.306144e-03,1.306475e-01,-4.397701e-03,-1.713821e-01,-2.549789e-02,-3.196368e-02,-1.550292e-02,-7.287567e-02,-1.168434e-03,-1.037769e-01,1.373006e-01,-1.399534e-01,1.850424e-02,1.681317e-02,1.837512e-03,1.231065e-02,-2.185858e-01,-6.413460e-02,6.022754e-03,-1.468725e-01,2.527811e-02,8.983172e-02,-4.752275e-02,9.515561e-03,5.288051e-02,1.584052e-01,1.660857e-02,7.844984e-02,2.358709e-01,-1.376594e-01,6.646767e-02,-6.603410e-02,-1.227781e-01,5.389236e-02,-3.098686e-02,1.020257e-01,
-2.970716e-02,-4.571396e-02,4.820533e-02,9.763446e-02,2.593584e-02,8.724467e-03,6.120614e-02,-2.814979e-02,-6.265275e-02,4.670649e-02,4.968796e-02,-8.459678e-02,1.652757e-02,-6.446734e-02,7.545200e-02,-1.882670e-02,1.237326e-02,-5.374834e-02,8.445780e-02,3.890820e-03,3.901192e-03,-1.539146e-01,1.422954e-01,1.317052e-02,9.876087e-03,-7.694178e-02,-3.153651e-03,-1.008216e-01,-2.609916e-02,-3.960031e-02,-1.568154e-01,3.759276e-03,1.216314e-01,-1.178411e-01,9.976346e-02,4.452541e-02,-1.715677e-01,-1.614622e-01,-1.109494e-03,-2.904922e-02,-8.163384e-02,-5.211941e-02,-8.597338e-02,4.996297e-02,2.479237e-02,-1.076029e-01,-3.608407e-02,-1.667461e-01,5.540280e-02,3.804911e-02,
-1.588323e-01,1.507393e-01,-1.850769e-01,-2.295037e-02,-7.063758e-02,3.083469e-02,-2.051686e-01,-1.907258e-01,7.089599e-02,-4.664723e-02,6.019659e-02,-4.329920e-02,1.823494e-01,-2.295031e-02,-5.519426e-02,9.235743e-02,-1.367711e-01,1.414162e-01,-8.902466e-02,-1.396630e-01,9.456477e-02,-1.044547e-01,-3.537579e-03,2.191930e-02,2.283510e-02,1.366963e-01,-2.359876e-02,-1.445939e-01,-1.216992e-01,-3.453303e-03,-3.858366e-02,-8.295730e-02,9.711846e-02,-3.406270e-02,1.860831e-02,1.076728e-01,9.473585e-02,-6.819866e-02,-7.595880e-04,1.258349e-01,1.246652e-01,3.228990e-02,1.084170e-01,-3.735958e-02,-4.552614e-02,9.897610e-02,-2.666082e-02,-8.918645e-02,3.049233e-02,1.518926e-01,
-3.040128e-02,4.676485e-02,-5.861989e-02,9.870881e-02,-1.113713e-02,-7.358724e-02,-5.895773e-02,-6.703481e-02,8.132424e-02,-1.514504e-02,-6.219108e-02,9.552051e-02,4.854771e-02,-3.114168e-02,-9.310783e-02,-5.755614e-02,-1.253047e-01,1.172771e-01,-1.059604e-01,5.730267e-02,5.304208e-02,9.043449e-02,-7.286578e-02,-1.005987e-02,6.026646e-02,-1.293560e-01,-1.745273e-01,-8.231566e-02,2.230303e-02,7.177756e-02,-9.522037e-02,-3.713450e-03,7.038678e-02,1.711786e-01,1.245139e-01,5.218006e-02,4.628671e-02,3.525048e-02,-4.762733e-02,1.029951e-01,-9.264051e-02,2.442929e-01,-1.020534e-01,2.682550e-02,4.322373e-02,-8.824794e-02,6.726392e-02,7.177286e-02,3.382848e-02,1.000047e-01,
-8.949614e-03,3.522838e-02,-3.249595e-02,1.398447e-01,-4.826657e-02,9.288260e-02,-3.450784e-02,7.230453e-02,8.022621e-02,9.581744e-03,-5.477648e-02,8.457157e-02,-1.218339e-02,5.820876e-02,-1.117621e-02,-1.211170e-01,-2.308600e-02,1.094108e-02,-1.053292e-01,2.340381e-02,5.894764e-02,1.959709e-01,-1.007141e-02,-1.045185e-01,-8.145133e-02,-1.462769e-01,-6.251716e-02,2.342952e-02,-5.703742e-02,-1.216445e-01,-5.752484e-02,-6.149778e-02,1.661553e-01,6.969568e-02,1.023001e-01,4.551267e-02,6.535997e-03,-3.058257e-02,-5.741565e-02,1.965245e-02,-2.401302e-01,-7.030521e-02,-1.172012e-01,-1.393464e-03,-1.376174e-01,-1.177028e-01,-3.960303e-02,9.244816e-02,-1.044995e-01,6.206294e-02,
2.563594e-02,4.554436e-02,3.001738e-02,9.706234e-02,-8.720623e-03,6.767998e-03,8.671126e-02,1.786775e-02,3.803101e-03,-7.463287e-03,-1.052765e-01,3.602416e-02,-1.376541e-01,1.363600e-01,5.900478e-02,-7.120646e-02,-8.372907e-03,-2.912723e-04,-7.467567e-02,-4.461936e-02,-7.082854e-02,4.717515e-02,8.755210e-02,-1.277189e-01,-7.674065e-02,8.339701e-02,1.259283e-01,-2.816784e-02,-1.398334e-01,-1.997011e-01,9.676489e-02,-6.108444e-03,8.232634e-02,-2.345687e-03,1.172732e-01,4.109312e-02,-2.949499e-02,-9.438452e-02,-2.939295e-02,6.446147e-02,-8.807056e-02,-1.188097e-01,3.695869e-02,-2.037521e-02,-1.308387e-02,4.297989e-02,-2.886642e-01,1.078004e-01,9.201650e-02,-8.229313e-02,
1.543093e-01,1.559936e-01,1.701801e-01,-7.667513e-03,-4.445253e-02,1.844618e-01,2.261966e-01,-5.084764e-02,4.418078e-02,-1.570951e-02,-1.195939e-01,-1.107721e-01,-5.474165e-02,3.962227e-02,5.389373e-03,2.574749e-02,-2.341077e-02,-3.269389e-02,4.858573e-02,-1.437398e-01,-1.992586e-01,-9.682701e-02,5.579024e-02,5.841323e-02,-3.652534e-02,2.181898e-01,3.036815e-02,-1.508417e-01,-6.816698e-02,3.922874e-02,1.175355e-01,2.350920e-02,3.304313e-02,1.145763e-01,6.517345e-02,-5.680825e-02,-4.674441e-02,-5.839406e-02,-3.529835e-02,3.750385e-02,-1.780678e-02,1.031494e-01,1.719733e-01,1.555851e-01,5.453914e-02,6.465146e-02,2.701926e-02,-1.508111e-03,2.010829e-02,1.089925e-01,
1.551389e-03,-1.521053e-02,1.436517e-02,8.588185e-02,1.242984e-02,1.288762e-02,8.944604e-02,3.687712e-02,-8.291761e-02,8.454667e-02,-4.851200e-02,-2.163275e-02,1.535151e-02,-9.364800e-02,-4.371224e-03,4.863400e-02,5.734514e-02,-1.502267e-01,4.193899e-02,-8.236218e-02,-1.894005e-01,-4.395582e-02,-9.138681e-02,6.248372e-02,5.383536e-03,4.751015e-02,-2.055143e-01,1.121282e-02,7.513616e-02,1.558900e-01,2.019132e-02,-4.149345e-02,7.209722e-02,1.168344e-01,1.078174e-02,-1.135093e-01,1.758090e-02,3.610767e-02,1.209487e-01,5.115027e-02,1.204093e-01,4.401524e-02,1.991847e-03,-2.118066e-02,-6.030053e-02,-4.443521e-02,2.183330e-01,-2.015651e-02,-8.051943e-02,9.159859e-02,
-1.183303e-01,-1.974068e-01,8.912543e-02,-6.613487e-02,8.945874e-03,1.391101e-01,-2.192050e-02,1.561379e-01,-1.394836e-01,6.517857e-02,-3.345423e-02,1.363565e-01,1.559873e-01,-1.672733e-01,-7.880646e-02,9.407447e-02,3.574069e-02,-1.873775e-01,-3.732277e-02,-5.025628e-02,-2.174773e-01,-4.963763e-02,-2.395219e-03,-2.643741e-02,1.500056e-01,-1.628644e-01,4.252459e-02,5.541827e-02,3.027165e-02,3.823494e-02,-7.140803e-02,-1.486971e-01,-1.218597e-01,-1.308708e-02,7.920917e-02,-3.688342e-02,6.416297e-02,6.940922e-03,1.782621e-02,-3.687686e-02,-1.226757e-02,4.496560e-03,1.824916e-02,3.223885e-02,-2.164897e-02,3.340007e-03,-6.468014e-02,2.850639e-02,-3.361104e-02,-1.145125e-01,
-4.644118e-02,-2.242263e-03,-2.484577e-02,6.596152e-02,-1.292333e-02,-1.498498e-02,-6.607521e-02,9.984155e-03,-1.659795e-01,4.381220e-02,4.977840e-02,-4.549511e-02,8.506480e-02,-1.055362e-01,1.643402e-03,8.095017e-02,-9.661234e-03,6.069916e-02,-8.347886e-03,-7.098206e-02,1.396932e-01,-2.324498e-01,6.003550e-02,9.430716e-02,1.011715e-01,3.246354e-02,1.125084e-01,-5.144050e-02,-1.199485e-01,-1.413363e-01,-3.455075e-02,-1.889981e-02,-9.931778e-02,-8.126040e-02,-7.000387e-02,1.123010e-01,-2.260505e-02,-1.403689e-01,-6.858112e-02,3.565463e-02,-9.694721e-02,-1.237285e-01,-1.225634e-02,2.245919e-01,-3.465208e-02,-3.407078e-02,6.916196e-02,-1.620565e-01,-3.091348e-02,-5.317353e-02,
1.054925e-01,-1.716252e-01,-2.115237e-01,-2.807965e-02,3.550409e-02,1.286159e-01,5.717713e-02,1.904236e-02,7.314284e-02,-1.171590e-01,-9.553452e-03,7.060486e-02,-2.801036e-01,3.878412e-02,5.619752e-02,7.353874e-02,-1.601221e-01,-1.501999e-01,1.128449e-01,-1.088550e-01,-2.873703e-02,-1.670999e-01,-1.834259e-01,-4.117855e-03,-6.483915e-02,1.249387e-01,-1.439578e-01,-9.765337e-02,-2.460486e-01,-3.790056e-02,-1.336680e-01,-7.145776e-02,-9.491009e-02,2.335903e-03,-9.439732e-02,9.584883e-02,7.504176e-02,5.618882e-02,2.239151e-01,-9.302527e-02,-1.454359e-02,5.060935e-02,6.199587e-03,-3.673948e-02,8.061102e-03,1.872661e-01,-3.778043e-02,8.676713e-02,-6.397981e-02,-3.014149e-02,
1.424005e-02,-2.445190e-02,-2.706017e-02,8.270273e-02,1.008170e-02,5.799920e-03,7.892887e-02,-6.393748e-04,1.510928e-02,-5.875658e-02,-4.306594e-02,8.728098e-02,-6.689400e-02,7.426306e-02,2.009276e-02,-1.399600e-02,-2.313159e-02,-1.197558e-02,-6.119747e-02,2.189755e-02,5.461918e-04,-2.813320e-02,-1.757907e-01,4.643903e-02,1.401461e-01,-1.566159e-02,-5.603936e-02,-1.045227e-01,7.332616e-03,1.227962e-02,-1.521617e-01,-7.508234e-02,1.080094e-02,1.194485e-01,4.226687e-02,-3.417607e-02,-2.495981e-02,-5.270848e-03,2.142732e-03,6.535326e-03,-9.426191e-02,1.138662e-01,-2.202879e-01,2.861383e-02,-3.661191e-02,3.941292e-02,-9.913375e-02,8.524495e-02,3.285840e-02,7.160027e-02,
5.214997e-03,-3.316846e-03,3.097873e-03,1.257235e-01,-1.852492e-02,9.629633e-02,1.067514e-01,2.031215e-04,7.612880e-02,-6.000697e-03,-2.678369e-02,3.450168e-02,1.258892e-02,2.479463e-02,6.191267e-02,-1.607021e-02,-2.080155e-02,3.285607e-02,-1.228909e-01,6.572648e-02,-3.660529e-02,5.116707e-02,-6.948275e-02,2.677670e-03,1.513632e-01,-7.039144e-02,-9.729149e-03,6.739548e-03,-1.775063e-02,-1.127653e-01,-1.008780e-01,-5.723734e-02,1.003682e-01,3.876870e-02,2.563560e-02,1.430581e-01,-7.655696e-03,-2.889840e-02,-2.337105e-01,2.540986e-02,-4.229738e-02,1.591786e-02,-1.085425e-01,-7.954380e-02,-1.950487e-01,-8.288117e-02,1.325623e-01,-2.329573e-02,-1.393990e-02,-4.584327e-02,
-1.087763e-03,-3.987580e-03,1.450455e-02,9.160711e-02,-1.814617e-02,-7.218108e-03,1.987697e-02,3.234082e-04,-1.502358e-02,1.481986e-02,-4.614345e-02,-1.190847e-02,-2.411517e-02,-2.864947e-02,4.113166e-02,3.183076e-02,-1.521834e-02,1.169701e-01,-9.212301e-02,4.055491e-03,-2.375374e-02,1.053359e-01,6.427727e-02,-3.072565e-02,1.949158e-02,-1.492381e-02,1.208864e-01,7.297362e-02,-7.275426e-02,-1.250832e-01,3.166431e-03,3.822079e-02,9.968506e-02,-2.683013e-02,2.109635e-02,1.736645e-01,5.815131e-02,-3.502816e-02,-1.118238e-01,1.329165e-01,7.312497e-02,-2.920448e-02,4.794312e-02,3.678285e-03,-4.297519e-02,5.533149e-02,2.999251e-02,-1.701364e-02,1.950487e-01,-1.003055e-01,
-1.976959e-02,-2.512583e-02,1.500268e-01,3.513694e-02,-5.036081e-02,7.717555e-02,-1.268990e-01,-6.013399e-02,-1.710288e-02,-6.751907e-03,3.702836e-02,-8.393369e-02,-7.470513e-02,-1.201942e-01,-2.495666e-02,-2.423816e-02,6.110043e-02,2.807387e-01,-6.455964e-02,-1.682966e-01,1.140827e-02,1.479971e-01,1.848674e-01,1.208653e-02,-8.150858e-02,4.174229e-02,2.113194e-04,-6.809384e-02,-1.948363e-02,-4.528191e-02,-7.426025e-02,3.020670e-02,-2.955070e-02,-1.091719e-01,2.430515e-02,3.587086e-02,4.117364e-02,6.242219e-03,8.537761e-02,1.487629e-01,5.351931e-03,8.474961e-02,6.896707e-03,1.250759e-01,1.262499e-01,5.756491e-02,1.471798e-02,2.459353e-02,-4.940421e-02,-6.980501e-03,
-2.904541e-02,-2.948645e-02,5.420551e-02,6.500062e-02,-1.132430e-02,-2.831399e-02,-6.530515e-02,-6.019636e-03,-9.735971e-02,6.589812e-02,1.528955e-03,-3.655939e-02,3.918405e-02,-1.060910e-01,-5.028916e-02,2.570421e-03,2.753507e-02,3.273455e-02,3.318548e-02,-3.208881e-02,-2.362527e-02,4.305559e-02,1.133156e-01,1.405407e-01,-3.113547e-02,6.847701e-02,-2.288952e-01,-6.115792e-02,1.876720e-04,1.070645e-01,-1.265037e-02,-5.205944e-02,-9.373480e-03,7.537239e-03,1.535125e-01,-5.261951e-02,8.188497e-02,-2.820898e-02,2.407458e-01,1.187023e-01,-4.383585e-02,-7.028820e-02,-1.353726e-01,1.182621e-01,-2.390680e-02,7.816460e-03,1.322953e-01,1.889994e-01,-1.006024e-01,-1.520191e-01,
-1.462133e-01,1.641681e-02,-1.095353e-02,-1.140025e-01,-5.650614e-02,1.043124e-01,-1.022904e-01,1.879888e-01,-2.029159e-01,8.324339e-02,-1.336537e-01,9.790119e-02,1.979475e-01,-1.094602e-02,-6.012847e-02,4.557626e-03,-1.128290e-02,-1.450610e-01,6.137454e-02,-1.096536e-01,-1.364534e-01,-1.065779e-02,4.193147e-02,9.083146e-03,-9.905010e-02,4.745160e-03,-7.027942e-02,9.231194e-02,-7.440335e-02,9.572527e-02,1.013733e-01,-7.359557e-02,1.397311e-02,1.050307e-01,2.975562e-01,-7.456715e-03,7.046050e-02,-8.553420e-02,-4.924277e-02,6.162824e-02,-1.287801e-01,-2.215742e-01,8.020841e-02,4.575837e-02,-9.968832e-02,-1.306165e-01,-8.443072e-02,7.232114e-03,1.175026e-01,-1.196425e-03,
-6.545337e-03,-5.547897e-03,-4.706977e-02,5.937574e-02,1.004812e-02,6.262335e-03,3.591436e-03,3.715200e-02,-1.069873e-01,2.972712e-02,-3.156922e-02,1.500113e-02,-6.432794e-02,1.277725e-02,-2.350328e-02,3.598441e-02,-5.601434e-02,-8.473501e-02,2.634997e-02,-1.492521e-01,1.854534e-02,-1.766959e-01,-8.585519e-02,-6.966344e-02,-1.155162e-01,4.720661e-02,7.575846e-02,2.104440e-02,-5.089632e-02,-5.464275e-02,1.273206e-01,-1.695466e-02,-1.598028e-01,4.227244e-03,4.124125e-02,-1.139203e-02,-4.066487e-02,1.862123e-02,-1.586271e-02,-9.530168e-02,-1.744870e-02,3.037911e-02,1.518110e-01,7.007320e-02,2.345687e-02,-9.634372e-02,1.939599e-02,1.433887e-02,-4.730624e-02,-6.277992e-02,
2.162915e-03,-1.271967e-02,7.868833e-02,1.121301e-01,-1.956502e-02,1.282916e-01,2.028554e-02,-4.129690e-02,-2.364847e-02,7.364365e-03,-4.021079e-02,-7.275103e-02,4.683576e-02,1.648959e-02,-8.996050e-02,3.639057e-02,-9.490520e-02,4.829525e-02,-3.357999e-02,1.787161e-01,1.542216e-02,-3.567896e-02,-4.039394e-02,-5.392707e-02,3.162464e-02,-9.080997e-02,1.169557e-01,1.280861e-02,-1.763104e-01,1.459523e-01,-2.698018e-02,1.221758e-02,1.091357e-01,-4.627093e-02,9.007158e-03,-4.832748e-02,1.638087e-01,6.559732e-02,6.284074e-02,-1.178226e-01,5.574323e-03,2.872238e-02,1.344977e-02,-1.246601e-01,1.316876e-01,-1.727825e-01,8.539989e-02,-5.280558e-02,-3.259137e-02,-1.839356e-01,
4.172318e-02,2.656816e-02,3.160527e-02,8.205364e-02,-2.551800e-02,-2.016146e-02,-3.047606e-02,4.696164e-02,1.592283e-02,1.133093e-01,-1.304116e-01,-1.275947e-01,-2.040580e-02,-5.017492e-02,-1.132866e-02,1.130708e-01,8.702218e-02,5.982341e-02,-1.495311e-01,1.233328e-01,8.622245e-02,1.842698e-03,-1.390654e-01,-1.027063e-01,-3.556892e-02,4.595173e-02,-2.645538e-02,-4.360786e-02,-1.875457e-01,7.901257e-02,6.539656e-02,-1.117712e-02,5.260832e-02,-8.678315e-02,4.894220e-02,-6.514799e-02,6.293021e-02,-1.096391e-01,-2.433546e-02,-4.212520e-03,-2.002857e-03,-1.292918e-02,2.519669e-02,-8.473218e-02,1.930969e-01,2.026163e-02,-7.913267e-02,4.904464e-02,-1.477062e-01,-1.342703e-01,
2.621171e-01,-3.231116e-03,4.693373e-05,-1.315216e-01,-1.238687e-01,6.525332e-02,-1.717631e-01,7.368642e-02,6.405114e-02,5.086498e-02,-1.022340e-01,-9.848203e-02,-4.161541e-02,-7.016057e-02,-9.565171e-02,4.371201e-02,1.265557e-01,-4.333430e-02,-2.089175e-01,-2.907717e-02,8.995039e-02,-1.214803e-01,3.765507e-02,-1.157622e-02,-5.784101e-02,7.245367e-04,-7.803591e-02,-1.357404e-01,7.362083e-02,7.549698e-02,3.022640e-02,2.515018e-01,3.320975e-02,-3.915013e-02,3.276141e-02,7.797320e-02,-1.224651e-01,-7.791624e-02,-7.972016e-02,-1.313863e-02,1.514813e-01,-4.459731e-02,-1.318887e-01,6.135466e-02,-2.774350e-02,2.970628e-02,-7.304133e-02,2.120886e-01,7.006917e-03,-2.347658e-02,
5.688270e-02,-3.656125e-03,-2.210721e-02,7.889366e-02,-5.884351e-02,-1.105618e-01,-2.662002e-02,7.143169e-02,-1.037213e-01,-1.476143e-02,1.492031e-01,7.322386e-02,-1.011946e-01,2.682262e-02,-5.894485e-02,-2.083376e-01,8.866147e-02,-1.616611e-01,-1.770015e-01,-1.696529e-01,-7.592395e-02,-5.442934e-02,7.773268e-02,-1.449580e-02,3.626930e-02,7.222878e-02,4.121337e-02,-1.257462e-01,1.098403e-01,2.171041e-02,-8.605613e-02,1.239185e-01,4.691990e-02,2.240724e-01,5.104970e-02,1.362253e-01,5.658962e-02,1.725872e-01,5.548641e-02,-7.829220e-02,1.669504e-01,-6.045606e-02,2.649191e-02,-1.898294e-01,1.948385e-02,2.971719e-02,1.187895e-02,-5.267782e-02,1.010604e-01,-5.201088e-02,
-8.071837e-02,2.150418e-01,-1.515480e-01,-5.222093e-03,-1.452559e-01,6.439209e-02,6.823125e-02,1.042223e-02,-2.123499e-01,-2.630360e-01,2.059335e-01,9.856353e-02,-9.924724e-02,-1.430345e-01,1.691603e-01,-1.289825e-01,2.093689e-01,-1.116820e-03,-3.355549e-02,1.516727e-01,-1.421327e-01,1.457284e-02,2.125041e-02,-8.428468e-02,-2.141375e-02,5.033024e-02,5.698479e-02,1.910545e-02,-1.540796e-01,1.156051e-01,-6.767107e-03,-2.064327e-02,-1.580850e-01,-9.152509e-02,-1.875913e-03,-7.637010e-02,8.589793e-02,7.610410e-02,-6.765305e-02,7.769121e-02,-1.422955e-01,3.239832e-02,-2.478543e-03,-3.339637e-02,3.358866e-02,-5.008403e-03,2.341890e-02,-6.261244e-02,2.692048e-02,8.537427e-02,
-2.639202e-02,4.093006e-02,-2.809962e-02,1.024820e-01,1.323991e-02,-6.056676e-02,7.271385e-02,-1.392659e-01,5.884982e-02,-2.385351e-01,-2.483041e-02,1.491067e-01,1.583777e-01,-1.021433e-01,8.269181e-02,1.566625e-01,3.441031e-02,-4.529596e-02,1.039573e-01,-3.086484e-02,4.871917e-02,9.973306e-02,4.181853e-02,-3.050617e-02,1.122872e-01,9.806220e-02,-1.002177e-01,-2.552065e-02,1.156184e-02,-1.260808e-01,1.376813e-01,8.261295e-02,-1.116749e-01,-1.905720e-01,7.928603e-02,-6.221546e-02,-3.977584e-02,-5.971490e-02,-8.161845e-02,-1.056144e-01,1.701302e-02,1.202400e-02,-3.240902e-02,7.095910e-02,6.298693e-02,-1.304434e-01,5.096696e-02,1.283827e-01,3.801499e-03,4.023249e-02,
-6.531095e-02,-4.850312e-02,7.289359e-02,8.384360e-02,5.826574e-02,1.583432e-01,9.751152e-02,-4.916514e-02,7.785536e-02,-5.693700e-02,-1.859504e-02,6.718397e-02,1.622340e-01,-1.864809e-02,6.019206e-02,-2.769107e-02,-1.199874e-01,-6.072660e-02,9.889641e-02,-4.792788e-02,6.103328e-02,-3.842342e-02,-4.503957e-02,2.331463e-02,3.632027e-02,7.853216e-02,-1.173805e-01,-1.115009e-01,1.070473e-01,-8.517900e-02,1.035559e-01,1.965879e-01,3.254770e-02,-5.456478e-02,-1.001874e-01,-1.278232e-02,-1.515471e-01,-3.006992e-02,6.457457e-02,1.584212e-01,-9.114078e-02,-1.219393e-01,-8.079966e-02,-1.588844e-01,1.339722e-02,4.386457e-02,-1.707949e-02,-2.070203e-02,1.244770e-01,-3.116995e-02,
-6.678980e-03,-8.247174e-03,2.612341e-02,9.690721e-02,4.662862e-02,5.308734e-02,4.360380e-02,-7.788204e-03,-6.730207e-02,4.139259e-02,-2.034078e-02,-2.513886e-02,5.125909e-02,2.050660e-02,-4.180493e-02,-1.643966e-02,-1.251981e-01,3.123988e-02,6.890674e-02,1.567599e-02,2.410214e-02,-8.434625e-02,1.668081e-02,1.833777e-02,-7.680375e-03,-7.708676e-02,-1.026436e-02,-4.573635e-02,-5.985636e-02,2.341893e-02,2.121908e-02,1.468920e-01,1.325782e-02,-5.373436e-02,-1.083220e-01,-5.791267e-02,-3.589117e-02,4.092938e-02,1.509448e-01,8.831328e-02,-4.467409e-02,6.450042e-02,-3.120047e-02,-5.591819e-02,-4.577939e-02,-8.233986e-02,-2.265549e-02,-2.671791e-02,1.982709e-01,3.556742e-02,
-1.329665e-01,-1.922848e-01,4.477134e-02,6.940344e-03,-1.860347e-01,-1.294447e-01,3.664885e-02,-1.242338e-01,1.335596e-01,-1.718454e-02,3.157254e-02,4.875442e-02,-2.173402e-03,-4.238567e-02,-7.351723e-03,-8.246255e-03,-3.411975e-02,-2.601244e-02,-4.639621e-02,7.761162e-02,-1.151374e-01,-5.586546e-02,7.689058e-02,9.814219e-02,-1.896048e-02,2.419022e-02,5.725959e-02,1.520232e-02,2.961870e-02,-1.473826e-03,2.743135e-02,-6.301260e-02,2.612480e-02,-7.035367e-02,6.793256e-02,-7.177331e-03,1.062523e-01,-6.831472e-03,-3.714431e-03,-5.347463e-02,-1.676573e-02,8.492360e-02,7.364893e-02,-1.082417e-01,-5.702014e-02,-5.348582e-02,7.551534e-03,-6.863538e-02,-1.893405e-02,1.328695e-01,
3.919492e-02,2.468306e-03,3.142020e-02,7.738862e-02,-1.240979e-02,-8.387121e-02,2.773673e-02,6.371403e-02,9.278756e-02,9.502692e-02,-5.418593e-02,-4.480465e-02,-4.148372e-02,-2.785159e-01,6.527873e-02,-5.769825e-02,1.659932e-01,-6.457658e-02,-9.560429e-02,1.357930e-01,-4.183050e-02,-3.694700e-02,-1.407928e-01,-3.800419e-02,-5.223592e-02,1.805200e-01,-8.562222e-02,-5.186091e-02,5.066333e-03,-1.117506e-01,1.416463e-03,2.745130e-02,-8.434408e-02,-5.159637e-02,-5.346425e-02,8.171125e-02,6.524134e-02,5.224958e-02,-7.840613e-02,4.380544e-02,-3.921031e-02,-6.835165e-02,1.212678e-01,-1.096484e-01,-4.488678e-02,-1.340963e-01,-1.017779e-01,-5.229827e-02,3.467165e-02,2.793606e-02,
1.868752e-01,1.151639e-01,1.303025e-01,1.975902e-03,9.166958e-02,1.616678e-01,-2.323658e-02,1.533300e-01,1.092969e-01,4.659609e-02,-1.692727e-02,-1.006013e-01,-1.100103e-01,-9.300440e-02,-1.398206e-02,-6.688648e-02,1.743816e-01,-2.330538e-01,-4.687593e-03,2.715391e-02,1.488633e-01,-7.315048e-02,6.223320e-02,-6.278628e-02,2.479625e-02,-3.228453e-02,-8.012888e-02,-1.097979e-01,3.793906e-02,-4.407391e-02,-2.992581e-02,2.574650e-02,-7.363912e-03,-9.101208e-02,1.663009e-02,-4.938681e-02,3.496136e-02,-4.424327e-02,-1.252417e-01,1.648364e-02,-1.074338e-01,2.632508e-02,-3.258830e-03,6.181714e-02,1.484148e-02,-3.464601e-02,1.428461e-01,1.131415e-02,7.992378e-02,1.416628e-01,
4.631105e-02,-2.718441e-03,-2.588224e-02,1.475785e-01,2.257930e-01,-1.398108e-02,-1.001377e-01,1.509167e-01,-1.274519e-01,6.189456e-02,9.416563e-02,4.378587e-02,-1.643040e-01,2.296149e-01,-1.451326e-01,-3.304120e-02,-2.089841e-03,-9.277913e-02,4.532327e-03,2.216684e-02,-5.189069e-02,4.178908e-02,6.564980e-02,3.116822e-02,1.102436e-01,-5.636442e-02,2.222260e-02,-6.360274e-02,1.004512e-02,9.083640e-02,1.505102e-01,-1.194240e-01,1.530532e-01,-4.880920e-02,5.185211e-02,-5.559926e-02,5.827093e-02,-7.046910e-02,-2.478100e-02,2.738674e-02,5.317314e-02,9.012704e-02,-4.935624e-02,-4.049587e-02,1.667845e-01,4.368386e-02,7.178410e-02,3.591980e-03,9.965051e-02,4.817205e-02,
7.522582e-02,-8.650320e-02,-1.195728e-01,1.447106e-01,1.444954e-01,1.852318e-01,-8.055393e-02,-1.642596e-02,-7.733764e-02,-1.503098e-02,-2.997217e-03,8.921667e-02,4.045081e-02,6.408294e-02,-1.026015e-01,8.820326e-02,1.274738e-02,1.717516e-01,-4.091606e-02,1.841160e-01,-1.589190e-01,4.171194e-02,2.266452e-02,3.344392e-02,-1.895463e-01,7.990764e-02,4.702994e-02,-2.350402e-02,1.013070e-01,1.162119e-01,6.141650e-02,-2.988435e-03,-6.563612e-02,8.217875e-02,-8.222912e-02,7.159791e-02,3.611188e-02,2.330890e-02,-1.284316e-01,-6.845501e-02,2.707126e-02,-8.011273e-02,3.460212e-02,1.008994e-01,3.567159e-02,7.969378e-02,3.673606e-02,-2.899081e-02,-5.531063e-02,-2.879968e-02,
2.660090e-02,-4.173031e-02,-6.677876e-02,1.233057e-01,4.942699e-02,-2.982580e-02,-4.596917e-02,-1.536926e-01,8.437347e-02,-1.450032e-01,-1.243237e-01,4.420385e-02,1.761788e-01,-1.265902e-03,6.580918e-03,1.473053e-01,6.681518e-02,-1.897479e-02,2.790197e-02,-6.673390e-02,4.548417e-02,1.356130e-01,-2.290029e-02,-9.150163e-02,2.919241e-02,1.156152e-02,3.872970e-02,-1.031638e-01,-2.396196e-03,-8.921877e-03,-4.117006e-02,1.209533e-01,-7.052208e-02,8.467971e-02,4.185301e-02,1.648553e-02,4.405898e-02,3.956765e-02,-1.280641e-02,-5.352742e-02,-8.480037e-03,-1.478628e-01,7.981602e-02,-2.091816e-02,-2.813188e-02,-3.718050e-02,7.588871e-02,6.250011e-02,-1.069438e-01,-1.185897e-01,
9.560323e-03,-6.233282e-02,-1.643579e-01,5.752097e-02,-1.219740e-01,1.233348e-01,-8.474061e-02,-4.326560e-02,1.141493e-01,-6.448032e-02,7.804234e-03,2.190979e-02,1.697482e-01,2.087089e-02,4.129634e-02,-4.108561e-02,-6.376702e-02,-3.645872e-02,-8.015665e-03,-6.988138e-02,1.119788e-01,-6.200175e-02,8.408058e-02,-1.087454e-01,4.492843e-02,-7.210029e-02,-1.299297e-01,-2.168167e-02,1.100593e-01,-6.750572e-03,2.862106e-02,3.746546e-02,3.885672e-02,-1.368766e-02,-1.132912e-01,-3.028516e-02,1.916451e-02,5.719320e-02,1.164511e-01,7.791975e-02,-5.392808e-02,-2.056453e-02,1.091123e-01,6.707449e-02,1.301834e-01,-3.347269e-02,-4.566210e-02,-6.829026e-02,8.899952e-02,-8.880353e-02,
-2.630777e-02,-8.391067e-02,-1.622130e-02,8.518427e-02,-1.372732e-01,-9.857328e-02,6.361935e-02,-3.324377e-02,-4.828602e-02,3.538829e-04,3.049390e-02,2.937762e-02,8.920056e-02,-1.506477e-02,4.735107e-02,-1.229488e-01,-8.625597e-02,4.891392e-02,4.882967e-02,-5.016141e-02,5.763798e-02,-2.129163e-01,1.516455e-01,8.900985e-02,-1.470778e-01,-1.043647e-01,-6.842435e-02,6.546359e-02,6.463918e-03,1.100708e-01,6.733638e-02,-3.415668e-02,9.463233e-02,-4.520592e-02,-1.469157e-01,-1.068209e-01,-5.129116e-02,-5.527507e-02,4.114852e-02,7.560597e-03,-4.593486e-02,-2.472347e-02,-4.673985e-02,5.750708e-02,8.902177e-02,3.213966e-02,1.136360e-01,-5.101336e-02,1.419643e-01,5.705002e-02,
-1.225657e-01,2.044894e-01,-4.119640e-02,2.464745e-03,2.573143e-01,2.096777e-02,-7.060093e-02,-5.214709e-03,-5.453805e-04,1.995301e-02,5.094092e-02,-5.285383e-02,8.582761e-02,7.634761e-02,-3.933577e-03,2.820070e-04,-6.936512e-02,1.226703e-02,-1.476579e-02,-7.496996e-02,6.162161e-02,-6.345269e-02,-3.082177e-02,1.846653e-02,-2.493148e-02,1.430268e-01,-3.084696e-02,-1.836489e-02,6.229574e-03,8.797110e-02,6.009902e-02,-1.212903e-01,5.778706e-02,-5.304143e-02,1.105362e-01,-2.356853e-03,1.289781e-01,4.071787e-02,-5.813170e-02,4.768134e-02,-6.395605e-02,4.810414e-02,5.600905e-02,-1.231780e-01,-1.916025e-01,4.360926e-02,5.138841e-02,4.236583e-02,9.540045e-03,-3.790271e-02,
-3.047462e-02,9.820036e-02,-8.840971e-05,7.686221e-02,1.943917e-01,-5.060743e-02,-7.749852e-02,5.436006e-02,6.150104e-02,8.988329e-02,6.547224e-02,-8.455457e-03,3.416038e-02,-2.112123e-01,2.879452e-02,-1.211045e-01,-2.164730e-02,1.591014e-02,4.309568e-02,1.197252e-01,8.051472e-02,-4.926054e-02,-6.324228e-02,6.162961e-02,-8.064785e-02,1.957755e-02,-1.070757e-01,-1.200067e-01,1.479312e-01,7.764918e-02,2.851739e-02,-3.936707e-02,-1.572351e-01,6.500492e-02,-1.239625e-01,6.594703e-02,9.022164e-02,-1.379848e-01,-3.536916e-02,2.289259e-02,4.112648e-02,4.749424e-02,3.253015e-02,2.286172e-02,4.262513e-02,-1.251871e-01,5.111381e-03,-3.270628e-02,8.238401e-02,-1.919077e-01,
1.135266e-02,5.736327e-02,1.611884e-01,7.625022e-02,5.970385e-02,1.839843e-01,-2.079645e-02,1.030639e-01,1.200543e-01,3.182270e-02,9.155509e-02,-4.636104e-02,-1.564884e-02,-1.155331e-01,2.628670e-02,-9.819827e-02,1.296905e-01,-9.906084e-02,4.387264e-03,4.445284e-02,9.518488e-02,1.633330e-02,8.885003e-02,6.811440e-02,-6.559774e-02,-1.613385e-01,-5.439110e-02,-5.190375e-02,-4.422763e-02,-1.299089e-01,-3.002983e-02,-6.121940e-02,-2.683599e-02,7.912752e-02,-1.008599e-01,4.059271e-02,9.994532e-02,-7.237032e-02,-1.538766e-02,-5.179127e-02,-4.816293e-02,4.750827e-03,-2.246501e-02,8.140850e-02,1.391550e-01,1.053352e-01,1.678705e-01,-4.181927e-02,-2.427723e-02,-7.573899e-02,
2.785525e-02,4.125791e-02,5.301313e-02,1.195779e-01,-2.603327e-02,3.541116e-03,2.157129e-02,4.138910e-02,-4.802419e-03,5.613795e-02,5.098832e-02,9.027931e-03,-8.030901e-02,5.868953e-02,-1.647220e-02,1.079652e-01,6.999307e-02,-6.083684e-02,1.581892e-02,-3.432247e-02,-8.533512e-02,-4.975817e-02,1.591970e-01,2.367607e-02,4.582632e-02,-5.597921e-02,-4.615789e-03,1.341910e-01,-1.413642e-01,-1.275193e-01,8.114049e-02,-6.639425e-02,1.522407e-01,-4.277765e-02,-1.132163e-01,6.461656e-02,6.744949e-02,-1.099883e-02,-6.222882e-02,3.898782e-02,1.519191e-02,7.724888e-03,-1.563829e-01,-5.162349e-02,6.519564e-02,9.305981e-02,-7.812560e-02,2.437077e-02,-2.078587e-02,9.750142e-02,
7.480065e-02,8.121214e-02,1.080504e-01,1.442971e-01,-2.023474e-01,9.391157e-02,2.754211e-02,-2.497882e-02,1.057127e-01,4.571909e-02,-4.079752e-02,-6.700317e-02,3.864470e-02,3.669954e-03,1.747157e-03,7.041044e-02,6.496501e-03,7.103188e-02,1.684886e-01,-1.400946e-01,-2.226354e-01,-1.165611e-01,-1.994853e-02,1.274440e-01,-7.472130e-02,7.282212e-02,1.463786e-01,1.993810e-02,3.686657e-02,5.352253e-02,-6.652058e-02,-5.299878e-02,3.659052e-02,-7.408048e-02,-6.089038e-02,-4.339956e-02,3.099568e-02,-1.071549e-02,-2.016193e-01,5.774940e-02,4.811418e-02,9.231316e-02,-6.654723e-02,-1.604483e-02,7.143998e-04,-1.365801e-02,7.908015e-02,8.454077e-02,-6.453290e-02,-1.334703e-02,
4.191190e-02,4.849500e-03,1.652084e-02,1.525181e-01,-1.937900e-01,-1.371859e-01,1.454686e-01,-1.715331e-02,4.931961e-02,-6.870207e-03,-1.551280e-01,-4.551124e-02,-1.542250e-03,7.188147e-02,5.486241e-02,-2.140877e-02,-2.369126e-02,-2.783652e-02,6.853234e-03,-8.033558e-03,-3.669484e-02,1.182783e-01,-1.408241e-01,-6.469936e-03,4.578066e-02,-4.611218e-03,2.054734e-02,-1.576019e-01,9.435163e-02,5.353790e-02,-1.594388e-01,-1.111080e-01,-6.746228e-02,9.863827e-02,4.087259e-02,-1.882219e-02,-2.980224e-02,-1.420085e-01,-2.772005e-02,1.349270e-01,-5.958380e-02,-3.978286e-02,2.203295e-01,7.313422e-02,-8.034571e-03,-2.850830e-02,1.630734e-01,-9.416664e-03,4.921106e-02,-1.364611e-02,
1.810975e-01,-1.165812e-01,-1.266435e-01,-8.643510e-03,-1.642734e-01,9.078570e-02,-1.694845e-03,-2.871794e-02,-7.112918e-03,-8.931967e-02,-7.286903e-02,-1.395219e-02,7.169655e-02,6.735533e-02,3.936086e-03,-7.171778e-02,-9.622782e-02,-6.654533e-02,-9.953741e-02,4.012756e-02,6.453996e-02,-1.595646e-02,1.008997e-01,-1.541476e-01,1.290520e-01,-7.372059e-02,-2.049544e-01,7.203758e-02,1.231813e-01,-8.937991e-03,1.444133e-01,-1.156641e-01,-2.932707e-02,4.999347e-02,-4.912238e-02,-1.013455e-01,3.095960e-02,1.845820e-02,-4.767282e-03,-4.478915e-02,-2.181988e-01,2.629720e-02,1.260075e-01,6.667808e-02,7.315361e-02,-2.421396e-02,-8.106049e-02,-5.890055e-02,8.998987e-02,1.232126e-02,
4.636779e-02,-1.016529e-02,-4.839777e-02,6.862823e-02,3.391533e-02,-1.466488e-02,-6.422595e-03,-4.304459e-02,-1.668387e-01,-6.637926e-03,-3.367805e-02,1.898313e-02,7.868999e-02,6.689019e-02,-6.362358e-02,-4.472929e-02,-2.931858e-02,8.810165e-02,-2.046205e-01,-1.203804e-01,8.545871e-02,-2.098397e-01,3.636810e-02,-1.166434e-02,-7.110739e-02,-1.330241e-02,-1.773369e-02,1.491922e-01,-4.336479e-02,-7.910235e-02,5.487287e-02,-5.082609e-02,-2.508895e-02,-1.164947e-02,1.459545e-02,-6.161432e-02,-7.740333e-02,1.471591e-01,-2.852564e-02,-1.138375e-01,-1.894727e-01,3.883146e-02,-1.306193e-01,-2.398285e-02,-3.881598e-02,1.100700e-01,1.108713e-01,1.472924e-01,-4.170685e-02,-7.328248e-02,
1.994184e-03,9.975376e-03,-8.139427e-02,1.059212e-01,-3.794202e-02,8.063838e-02,-7.361794e-02,1.664426e-02,1.312966e-01,-2.438412e-02,2.346069e-02,7.368266e-02,-9.664519e-02,9.079132e-02,-6.603985e-02,-3.776006e-02,-2.786291e-02,-4.820572e-02,8.392107e-02,-6.530071e-02,5.453655e-04,-6.613269e-02,-7.886607e-02,-6.807309e-02,-2.088891e-01,3.763188e-02,-5.682627e-02,-3.039970e-02,-3.540300e-02,-5.407426e-02,-1.678592e-01,-1.156202e-01,-1.558697e-02,-1.560244e-01,1.286820e-01,-3.103079e-02,8.334739e-02,-6.929729e-02,6.261314e-02,9.473715e-02,-4.600300e-02,1.687374e-02,5.665184e-02,6.952270e-02,1.649777e-02,2.476381e-02,1.442692e-02,-4.208012e-02,9.744863e-04,-3.849737e-02,
-6.868919e-03,7.093900e-03,-3.483565e-02,9.425319e-02,-6.555957e-02,-1.010967e-02,-4.792097e-02,1.495218e-02,5.003700e-02,-4.655804e-03,-2.103615e-02,6.229562e-02,-7.253993e-02,1.513785e-02,-2.283863e-02,-4.428129e-02,-2.603719e-03,-1.093906e-02,1.436612e-01,-1.338077e-02,4.874405e-02,-7.260926e-02,-8.704933e-02,1.182109e-01,-2.753880e-02,-4.262339e-02,-4.978147e-02,-1.209897e-01,1.435925e-02,9.349266e-02,3.219044e-03,-7.824357e-02,-9.071193e-02,7.598006e-02,9.036908e-02,-3.550517e-02,4.170495e-02,-1.118576e-01,-3.147878e-02,-3.521848e-02,-6.994807e-02,-3.039343e-02,-1.452271e-01,7.460667e-02,9.154789e-02,-5.003928e-03,-2.792882e-01,9.457499e-02,-5.270416e-03,-3.146503e-02,
-7.229410e-02,4.892040e-02,-8.157581e-02,6.443394e-02,-1.342660e-01,1.025781e-01,-1.538844e-01,3.695623e-02,1.381065e-02,4.810500e-02,5.417251e-02,-4.662402e-02,5.357509e-03,-6.476807e-02,2.785108e-02,2.618498e-02,-5.053605e-02,-3.733936e-02,4.890969e-02,1.847344e-02,6.694426e-02,3.745477e-03,1.509546e-03,1.603431e-01,5.326336e-02,-6.320259e-02,-4.024417e-02,-8.596330e-02,-7.171676e-02,-1.310285e-01,1.176380e-01,-1.394405e-01,-1.754738e-01,1.503946e-01,1.347277e-02,2.058860e-01,-1.768299e-02,-7.722173e-02,-5.114367e-02,-1.359313e-01,3.709313e-02,8.975143e-04,-1.348313e-01,-2.076481e-01,-1.108400e-02,7.223442e-02,3.651628e-02,2.599848e-02,-2.688617e-02,-1.026136e-01,
-2.562335e-02,-3.715298e-02,1.204484e-02,8.723781e-02,-3.706306e-03,-3.786053e-03,-5.785501e-02,1.230655e-02,-1.041806e-01,5.532836e-02,2.607940e-02,-5.274478e-02,-4.967222e-02,-1.528077e-01,-1.448599e-02,9.708117e-02,-6.602312e-02,-6.277399e-02,-2.684918e-03,-7.939390e-02,9.988159e-02,-5.610120e-02,9.827774e-02,-1.094904e-02,-6.433305e-03,-4.127595e-02,2.998701e-02,8.349116e-02,-9.958887e-02,-1.120147e-01,2.473737e-01,7.474083e-02,4.736019e-02,1.789569e-01,7.084376e-03,1.108558e-01,7.912622e-02,-9.039599e-03,-3.792863e-02,5.076361e-02,-6.151917e-02,4.566089e-03,5.127537e-02,-9.390025e-02,-8.485484e-02,4.155834e-02,1.413259e-01,3.277906e-02,-2.282573e-03,4.128410e-02,
-8.284128e-02,-2.324712e-01,1.541398e-01,-2.362311e-03,7.940841e-02,1.271484e-01,-4.440920e-02,-1.935645e-03,-1.130047e-01,-5.132584e-02,6.894978e-02,-2.953420e-02,-2.127625e-01,-2.198990e-01,1.351115e-02,1.119241e-02,-3.196348e-02,2.207458e-01,-1.768327e-02,-2.718305e-01,5.060367e-02,7.371553e-02,6.590610e-02,-4.085598e-02,5.627075e-02,2.721849e-02,-1.149691e-02,-7.207565e-03,5.000435e-03,6.657057e-02,-5.602344e-02,2.646545e-02,2.324702e-03,-2.526200e-03,-7.143781e-03,-7.697245e-02,-2.898225e-02,1.864813e-01,-9.324850e-02,7.041573e-02,-1.220974e-01,5.852412e-02,5.864634e-02,2.551133e-02,-4.180681e-02,-1.158071e-01,-1.867683e-02,2.550269e-01,1.091936e-01,1.082653e-01,
5.295563e-02,-1.208073e-02,5.376399e-03,8.226228e-02,5.716029e-02,-2.011947e-02,1.056690e-01,-3.645196e-02,-1.524593e-01,1.467302e-02,-9.826169e-02,-4.124558e-02,-1.286581e-02,-2.523133e-02,1.139450e-01,-4.828595e-02,6.265504e-03,1.400124e-01,-1.806428e-01,-9.493199e-03,-1.434473e-01,1.172134e-01,6.136302e-02,2.143372e-01,1.869567e-01,1.309646e-01,-1.759945e-01,-1.027878e-01,7.778851e-02,7.961163e-02,-1.266943e-01,-1.669966e-01,7.329512e-02,-2.349852e-01,-6.428258e-02,3.036871e-02,2.359002e-02,4.886871e-02,8.531387e-02,3.243792e-02,-4.921085e-02,-1.518755e-01,-1.175174e-02,-1.018026e-05,-8.888117e-02,1.636386e-01,-3.757415e-02,7.823293e-02,3.719874e-03,-2.127397e-01,
2.598789e-01,-2.909058e-03,1.045193e-02,-1.188581e-01,1.316961e-02,1.763586e-01,1.813188e-01,-6.385800e-02,-5.790226e-02,-7.051506e-02,-1.492483e-01,-5.966052e-02,4.864488e-02,1.156048e-01,8.782598e-02,-9.875517e-03,-5.216001e-02,6.319596e-02,-1.341035e-01,6.652435e-02,-1.445906e-01,-2.133354e-02,2.122027e-01,2.157446e-02,1.014599e-01,1.674760e-02,-1.603534e-01,1.836581e-01,9.780587e-02,-9.238867e-04,4.727029e-02,-2.711017e-02,-1.024398e-01,1.974975e-02,3.696445e-02,1.433892e-01,1.425887e-02,-1.540862e-01,4.669709e-02,6.504201e-02,8.457360e-02,-6.235855e-02,2.023555e-02,-1.534207e-01,1.084882e-02,1.414625e-02,7.322601e-02,-4.936664e-02,1.677881e-02,-3.553403e-02,
4.012302e-02,-2.757228e-02,-3.657221e-02,8.505399e-02,-3.670443e-03,4.547147e-04,6.948342e-02,-7.468195e-03,-2.935316e-02,-1.162838e-02,-6.480355e-02,3.620421e-02,-6.232733e-02,1.400787e-01,-2.589900e-03,-2.386029e-02,-3.465391e-02,-7.722567e-03,-6.998324e-02,-5.407726e-02,-1.514007e-02,-1.041447e-01,-8.994289e-02,-1.548008e-01,-1.980180e-01,-3.187492e-03,1.880208e-02,1.541896e-01,-2.104201e-02,-1.880806e-01,-9.973689e-02,4.083755e-03,-1.519547e-01,-9.472277e-02,1.081159e-01,5.556768e-02,-9.566844e-02,-3.895985e-04,1.792114e-02,1.361360e-01,5.364773e-02,1.216802e-01,-5.615863e-02,-2.552335e-02,-4.637059e-02,-3.078203e-02,3.276237e-01,4.562090e-03,3.670486e-03,-5.643228e-02,
-3.294991e-03,-1.259668e-02,-8.105663e-02,1.081413e-01,-1.871883e-02,1.304291e-01,4.273159e-02,8.571904e-03,-1.886463e-02,1.356722e-02,-7.932621e-03,-1.044781e-01,6.435057e-02,8.795746e-03,7.130057e-02,1.166769e-03,3.531309e-02,9.994567e-02,3.151528e-02,1.822053e-01,-1.139332e-05,-6.264110e-02,4.143952e-02,-8.005457e-02,-4.277199e-02,-1.387914e-01,6.683542e-02,-4.917301e-02,-1.560820e-01,1.164261e-01,1.094179e-02,-1.956236e-02,1.104531e-01,-6.735154e-03,7.124852e-02,4.277268e-02,-1.187122e-02,3.778959e-02,1.388422e-01,-9.701593e-02,1.219500e-01,8.484476e-03,8.965129e-02,-6.669625e-03,-1.008241e-02,-8.030587e-02,2.847004e-02,1.365388e-01,8.917005e-02,3.453499e-02,
7.272599e-03,-1.001735e-02,-3.634919e-02,9.070609e-02,3.682078e-02,5.316309e-02,5.158242e-02,2.619585e-03,-5.072336e-02,3.373762e-02,-1.560547e-02,-5.306714e-02,9.017694e-02,-7.770710e-03,6.783076e-02,6.255975e-02,3.811547e-02,6.923184e-02,-9.718799e-03,2.296083e-02,-3.569099e-02,6.649721e-03,-8.061955e-02,-8.862165e-02,-6.741074e-02,1.984159e-02,9.874827e-02,-1.045871e-01,-2.602761e-02,1.359099e-01,5.446972e-02,5.125280e-02,2.697094e-02,2.006061e-02,5.491268e-02,-3.378690e-03,-1.398105e-01,-7.437164e-02,9.017857e-02,-1.142947e-01,-1.367694e-01,-2.106047e-02,-7.427060e-02,-8.144986e-02,8.064816e-02,8.374096e-02,-4.845904e-02,-9.811608e-02,-6.158340e-02,-8.356612e-02,
7.223481e-02,-5.447987e-02,-8.522104e-02,6.357373e-02,5.567096e-02,1.617700e-01,8.900329e-02,8.378500e-02,3.583736e-02,2.832611e-02,1.433172e-01,4.386482e-02,1.611249e-01,4.734543e-02,4.255786e-02,-3.785509e-02,3.042078e-02,-6.637812e-03,-8.198629e-02,-1.405298e-01,-6.205257e-02,3.643924e-02,-9.555741e-02,-3.864670e-02,8.016137e-02,5.737185e-02,1.208659e-01,-1.137537e-01,4.939943e-02,3.110008e-02,8.549224e-02,1.988519e-01,-5.629517e-02,-6.704186e-03,-8.156070e-02,-1.119769e-01,-9.773475e-02,-4.204783e-02,-6.205311e-03,1.914357e-03,-5.732152e-02,-4.395731e-02,-2.458087e-01,-3.613600e-02,-1.101748e-02,8.436207e-03,4.855276e-02,-8.164253e-03,-6.419066e-02,8.186400e-02,
2.684843e-02,3.599344e-02,1.180868e-02,9.861947e-02,2.396220e-02,-5.009520e-02,5.829937e-02,1.476042e-01,-5.870792e-02,-2.567460e-02,2.723471e-01,1.040776e-01,6.859440e-02,9.094880e-02,-3.806625e-02,-1.370602e-01,-1.202953e-01,-2.926024e-02,2.875384e-02,-1.517902e-01,-9.166855e-02,1.827090e-01,-2.204828e-02,-5.353754e-02,6.733328e-02,2.319471e-02,8.365644e-03,-1.594900e-01,5.555717e-02,-1.455980e-01,8.446375e-02,8.588301e-02,-1.001693e-01,-1.210209e-01,1.098901e-02,1.648345e-02,1.129770e-01,-4.972641e-02,3.358946e-02,2.665969e-02,8.943322e-02,-6.559103e-02,-1.152566e-02,5.301479e-02,4.139464e-03,-7.508354e-02,8.874999e-02,-4.429898e-03,4.314304e-02,-1.999883e-02,
8.268868e-02,2.217073e-01,1.466206e-01,7.517910e-03,-1.603870e-01,6.172762e-02,5.311193e-02,-6.037296e-02,-2.286826e-01,-3.050255e-01,1.419353e-01,1.255943e-01,-7.599847e-02,-1.777421e-01,-2.404457e-01,-5.923268e-02,-1.911470e-01,-6.566042e-02,1.903361e-02,1.477203e-01,4.533395e-02,-1.166750e-02,-4.206651e-02,-2.361338e-02,-1.533621e-02,-1.468456e-01,-3.216367e-02,-1.190477e-02,1.293143e-01,-3.202307e-02,-4.419354e-02,-1.845701e-02,1.347255e-02,-1.386772e-01,-3.411921e-03,5.532016e-02,1.267464e-02,1.990133e-03,-3.144617e-02,-3.190969e-02,9.587797e-02,-3.491437e-02,2.381424e-02,1.587064e-02,-6.862524e-02,2.060841e-01,-1.365418e-01,8.103161e-03,1.849101e-02,-4.061787e-02,
-5.296334e-02,7.701586e-03,5.591288e-03,8.066096e-02,-6.313581e-02,-9.636707e-02,-3.859133e-02,-7.386227e-02,3.296236e-04,-1.505626e-01,-3.284412e-02,1.238399e-01,-8.873155e-02,-9.205800e-02,-4.727912e-02,5.846021e-02,1.285955e-01,-1.579966e-01,3.340289e-02,7.061262e-02,1.002569e-01,-2.494692e-02,2.865337e-02,4.970669e-02,6.721001e-02,2.056212e-01,-5.820106e-02,1.207776e-01,3.196138e-02,9.703972e-02,1.144846e-01,2.130182e-02,1.625081e-01,-2.251360e-02,1.367083e-01,1.961739e-02,-1.732936e-01,-1.160773e-01,-4.760820e-02,4.515509e-02,-6.211735e-02,1.292855e-01,4.954683e-02,-1.127644e-01,4.952884e-02,4.322212e-02,1.150604e-01,8.864022e-02,-9.706440e-02,6.436711e-02,
-2.628943e-01,-3.222959e-03,1.566262e-02,-1.238779e-01,-1.143777e-01,5.584333e-02,-1.696907e-01,-7.216836e-02,7.245173e-02,1.260256e-01,-3.561263e-02,-5.371081e-02,-1.575711e-01,7.916177e-02,2.560099e-03,-2.029676e-01,-2.900376e-02,-8.848203e-02,-1.059644e-01,2.847166e-02,-6.115918e-02,-4.762157e-02,-1.431200e-01,5.323069e-02,1.327371e-01,1.550878e-01,2.112896e-02,1.297328e-01,4.910729e-02,7.044262e-02,-1.134649e-02,2.349965e-01,6.380110e-02,-3.362398e-02,-1.621383e-02,3.659455e-02,-3.805908e-02,-4.145463e-02,6.190863e-02,1.479635e-01,-1.568735e-01,-1.663977e-01,2.595591e-03,-9.990752e-02,1.930053e-01,7.772139e-02,6.283830e-02,-5.792299e-02,-5.659804e-02,-1.195770e-01,
-4.498774e-02,2.771156e-02,-3.872782e-02,7.996168e-02,-2.040757e-02,-2.610026e-02,-1.218748e-02,-6.968418e-02,1.778596e-02,1.630067e-01,-8.292670e-02,-1.076388e-01,-5.608366e-02,5.166283e-02,-6.409407e-04,-1.226214e-01,-1.376861e-01,5.961370e-02,-5.889922e-02,7.288420e-02,-4.496142e-02,-1.529393e-01,2.371596e-04,-2.608569e-02,9.509017e-02,-1.371781e-01,1.114316e-02,2.691718e-02,-9.245505e-02,-3.753838e-02,-6.053527e-02,1.569967e-01,-2.218210e-02,6.329465e-02,-9.488426e-02,-3.589398e-02,1.254407e-01,1.764572e-02,1.131982e-01,2.986642e-02,1.205088e-01,-2.531362e-02,2.808208e-02,9.473406e-02,-7.875864e-02,-2.329914e-02,-4.096931e-02,1.306921e-01,6.034503e-02,1.313753e-01,
1.244385e-01,-1.972078e-01,-4.548669e-02,3.509074e-03,-1.953985e-01,-1.314995e-01,3.322008e-02,1.346096e-01,1.054143e-01,-3.068399e-03,9.884005e-02,-4.037489e-03,2.850759e-02,-4.165552e-02,-4.449912e-02,-5.311960e-02,8.109353e-02,5.522244e-02,-2.714829e-03,8.831420e-02,8.412983e-03,7.278703e-03,3.688465e-02,3.632252e-02,-5.278359e-02,-5.022823e-03,1.581478e-02,-5.623595e-02,1.114065e-01,-5.572777e-02,5.062547e-02,-8.419434e-02,8.749190e-02,-1.523286e-01,1.078813e-01,9.557737e-03,2.268165e-02,1.103469e-01,4.261176e-02,-9.144116e-02,-1.193900e-02,-9.746635e-04,5.817702e-02,-3.913606e-02,-2.105035e-02,2.712320e-02,7.406421e-02,-3.257387e-03,-1.010705e-01,2.013351e-02,
3.146111e-02,-9.469923e-02,-5.761792e-03,7.435947e-02,-1.310013e-01,-9.322903e-02,5.379320e-02,2.586598e-02,-6.352226e-02,2.078380e-02,3.585500e-02,3.453111e-03,1.127897e-01,-4.930478e-02,2.193850e-02,-4.047576e-02,5.025111e-02,-3.781623e-02,-1.659076e-01,-1.021918e-01,4.946575e-02,5.301108e-03,-1.049658e-01,7.574698e-03,-2.344205e-01,2.704702e-02,1.584982e-01,1.707749e-02,5.896676e-02,6.640894e-02,1.957694e-02,-5.480157e-02,7.463337e-02,-1.052316e-02,-1.512680e-01,-5.761841e-02,5.006528e-02,-2.091370e-03,2.789042e-02,-4.358373e-02,-6.695387e-02,-8.511395e-02,-2.781518e-02,-1.379904e-01,8.501724e-02,9.888843e-02,2.189892e-02,7.823457e-02,8.084188e-02,6.138504e-02,
-5.445424e-03,-5.899216e-02,1.576711e-01,7.311269e-02,-1.232725e-01,1.184658e-01,-6.857747e-02,6.549925e-02,8.784633e-02,3.009550e-02,1.101485e-01,6.356566e-03,1.037826e-01,9.155254e-02,1.337904e-01,1.481256e-02,-9.630152e-02,-1.398915e-01,-1.135718e-01,-3.349476e-02,5.829043e-02,8.805408e-02,-6.229888e-03,-3.046894e-02,3.261538e-04,8.803584e-02,9.295499e-02,-2.722962e-02,-5.374548e-02,8.623997e-02,1.897971e-03,3.989213e-03,-3.498913e-02,-1.287268e-03,-1.402448e-01,-1.153953e-01,4.818033e-02,-7.779343e-02,-6.901965e-02,-6.035104e-02,4.990829e-02,5.519545e-02,2.106898e-02,1.518408e-02,-7.358639e-02,-2.587935e-02,2.934655e-02,1.843957e-01,-2.243899e-02,-6.939189e-02,
-2.513104e-02,-3.979694e-02,5.450272e-02,1.324280e-01,4.314441e-02,-3.265165e-02,-2.773849e-02,1.565437e-01,-6.665708e-03,5.381118e-02,1.869472e-01,3.023915e-02,5.113828e-02,2.058451e-01,4.002947e-02,3.319838e-02,-1.036176e-01,1.640961e-02,1.367574e-01,3.485864e-02,-9.334943e-02,1.103899e-01,1.663075e-02,-2.494961e-02,1.385543e-01,7.997927e-02,-4.835144e-02,1.089289e-02,-5.307600e-02,4.964722e-02,5.270065e-02,1.249344e-01,7.912886e-02,-3.710724e-02,-3.378511e-02,6.704279e-02,2.708350e-02,-9.098441e-02,-3.282438e-02,-4.259680e-02,-2.742673e-02,1.238543e-01,3.025821e-02,5.345761e-02,1.216355e-01,-1.558346e-02,-3.729722e-02,-2.005550e-02,-9.155792e-02,-1.521184e-02,
-7.156141e-02,-8.514372e-02,1.080591e-01,1.635693e-01,1.525258e-01,1.802975e-01,-8.981123e-02,-1.455136e-03,-7.746709e-02,-4.182429e-02,-3.114395e-02,7.553533e-02,4.165502e-02,4.422234e-02,6.636707e-02,5.814199e-03,5.690372e-02,1.438787e-01,1.113049e-01,2.442265e-01,-1.384646e-01,-4.590983e-02,-2.170076e-02,1.699110e-02,-1.678230e-01,-3.462549e-02,-9.613434e-03,3.084677e-02,1.951224e-01,-5.040984e-02,-7.625950e-02,8.606897e-02,-2.908939e-02,1.156708e-01,-8.062093e-02,1.682169e-01,-7.055179e-02,4.187631e-02,-2.410270e-02,-9.917522e-03,-1.235577e-01,1.554354e-02,1.928357e-01,-7.501525e-03,7.394308e-02,1.691158e-01,-5.418207e-02,2.898050e-02,-4.251619e-02,1.424773e-01,
-4.383804e-02,-4.739828e-03,1.725818e-02,1.529887e-01,2.207675e-01,-1.771855e-02,-9.758302e-02,-1.681737e-01,-2.150787e-02,-1.327018e-01,-2.087171e-01,3.955821e-02,-6.731730e-02,3.439912e-02,5.642502e-02,6.931079e-02,2.300480e-01,-1.633228e-01,7.287743e-02,8.166974e-03,8.252271e-02,-9.800286e-03,1.173605e-01,3.595794e-02,1.539008e-02,-4.063940e-02,9.996476e-02,-2.278919e-02,4.970907e-02,-8.862951e-02,-3.579513e-02,-9.554653e-03,-1.052818e-02,2.047954e-02,-1.768200e-02,-8.364369e-02,9.539871e-02,1.395699e-01,1.297720e-01,-6.231120e-02,6.842557e-02,-1.744086e-01,5.843784e-03,-5.499949e-02,-6.632763e-02,3.075112e-03,1.010648e-01,2.332845e-02,8.034040e-02,4.503587e-02,
-1.869362e-01,1.132791e-01,-1.235360e-01,-1.386563e-02,7.974210e-02,1.567490e-01,-9.089061e-03,-1.532658e-01,1.381966e-01,6.549552e-02,-6.963200e-04,-1.599163e-02,-1.332937e-01,-1.877033e-02,-1.313324e-01,-1.309078e-01,1.186771e-02,-1.575426e-01,-1.359474e-01,-5.909203e-02,-4.790299e-02,2.312884e-02,3.815333e-03,-5.281072e-02,1.472430e-01,5.204615e-02,4.238761e-02,1.165204e-01,7.874674e-02,3.078954e-02,5.527476e-02,-5.373223e-02,6.867571e-02,-1.045025e-01,-4.326693e-02,-1.190351e-01,-5.518164e-02,3.450074e-02,-5.064400e-02,-8.610201e-02,1.185531e-02,-6.175581e-02,3.442227e-03,1.418759e-01,3.038383e-02,-3.025168e-02,9.426268e-03,-2.439223e-02,-4.190968e-02,-7.477536e-02,
-4.934679e-02,1.154838e-02,-4.929376e-02,6.770295e-02,-1.228652e-02,-7.962990e-02,4.154229e-02,-5.956022e-02,5.218036e-02,1.585993e-01,3.659346e-02,-1.930383e-02,-8.514719e-02,-1.544852e-01,-1.934353e-01,-1.689546e-01,-1.477469e-01,5.421580e-02,-6.799615e-02,7.828402e-02,-1.139906e-01,-1.059746e-01,1.083786e-02,-1.062119e-01,1.071164e-01,1.245312e-02,-3.663427e-02,-1.514496e-02,7.978546e-02,-5.432069e-02,5.793514e-02,-1.349031e-02,-1.137444e-01,-5.734828e-02,8.324333e-02,-9.103905e-02,-1.283314e-01,-4.219696e-02,-1.242436e-01,-1.085939e-01,2.278352e-02,1.236269e-01,5.687564e-02,6.547609e-02,-8.136212e-02,9.411455e-02,1.295984e-02,5.874919e-03,-6.715515e-02,-3.443707e-02,
1.318487e-01,1.994414e-01,4.233482e-02,8.316806e-03,2.463329e-01,8.289150e-03,-6.429607e-02,-1.231168e-02,2.210610e-02,-2.364705e-02,-1.987720e-02,-4.624310e-02,1.282469e-01,7.583197e-03,8.603955e-02,-6.292634e-03,-1.760719e-02,3.004208e-02,-3.279114e-02,-1.041247e-01,-2.648093e-02,-8.767929e-02,-5.500623e-02,5.234569e-03,6.171277e-02,4.500708e-02,-1.570135e-02,7.830809e-02,6.890867e-02,-7.687461e-03,-1.144332e-01,-6.662455e-02,8.314616e-02,-5.500426e-02,2.981707e-02,-1.193830e-01,8.304705e-02,1.059305e-01,-1.155881e-01,-6.483899e-02,1.999844e-03,9.276047e-02,-3.474146e-02,-6.601970e-02,-4.691611e-02,-2.708869e-03,-7.812369e-02,-1.393765e-01,4.049786e-02,9.554731e-03,
-3.650604e-02,-1.549530e-03,2.767098e-02,8.432228e-02,3.002262e-02,-2.702027e-02,5.749065e-03,-1.896917e-03,-1.500723e-01,1.381677e-02,-5.887983e-02,1.843174e-02,2.062904e-02,8.455036e-02,1.489662e-01,-1.106395e-01,-1.461839e-02,-3.430069e-02,-1.666831e-01,-1.095958e-02,1.118936e-01,-8.802177e-02,-1.302651e-01,1.616329e-01,-1.140128e-01,-4.751552e-02,-1.229512e-01,3.265965e-02,3.677230e-02,6.870154e-02,3.361421e-02,1.132841e-02,5.321443e-02,-1.645939e-01,-6.247589e-02,-2.324648e-02,6.525508e-02,-1.685699e-01,-1.265823e-01,-1.294216e-01,3.434804e-02,-1.334021e-02,8.589920e-02,-9.529675e-02,-1.117292e-01,-1.050121e-02,-2.879062e-02,-7.539846e-02,-3.221363e-02,1.611319e-01,
-1.816137e-01,-1.212394e-01,1.308880e-01,1.503250e-03,-1.737800e-01,8.554166e-02,-9.708002e-04,1.889223e-02,-3.190682e-02,2.954234e-02,8.310678e-02,-4.680295e-02,2.595777e-02,1.217230e-01,9.392612e-02,2.697776e-02,-2.856935e-03,-1.198446e-01,-1.753052e-01,3.340683e-02,1.028986e-01,1.063610e-01,6.641910e-02,-6.750969e-03,-8.340431e-02,1.230389e-01,-6.265121e-02,-1.034302e-01,-5.302261e-02,-3.549744e-02,-1.146593e-02,-1.634884e-01,1.110508e-03,2.625863e-02,-2.160029e-01,-8.426380e-02,1.525489e-02,2.205360e-02,-3.439766e-02,-7.714759e-02,9.275119e-02,2.557173e-02,7.808174e-02,1.010085e-01,-1.622072e-01,7.714652e-03,7.064333e-02,-2.162460e-02,2.036501e-02,-7.618090e-02,
-4.580191e-02,2.575873e-03,-2.599767e-02,1.426079e-01,-1.936131e-01,-1.264425e-01,1.412893e-01,3.720570e-02,-3.753640e-02,9.068674e-02,3.445381e-02,-9.050375e-02,-1.155031e-02,3.608665e-02,-9.266861e-02,2.084018e-01,7.639122e-02,5.857975e-03,1.083403e-01,1.109871e-02,-1.162840e-02,-9.359489e-03,1.008533e-01,-1.713501e-01,1.178388e-01,1.599682e-01,-1.321003e-01,7.929796e-02,4.012703e-02,-4.612626e-02,3.509606e-02,-3.249993e-02,6.332927e-02,8.001089e-02,-1.432380e-01,1.088986e-01,7.750740e-02,1.296594e-01,-5.692796e-02,-6.987802e-02,-4.352899e-02,2.969695e-02,-4.990029e-02,1.066401e-01,4.729109e-02,-8.044653e-03,-9.973306e-02,-8.846648e-02,1.106130e-02,-1.357438e-01,
-7.829636e-02,8.453426e-02,-1.181861e-01,1.350085e-01,-2.002726e-01,9.018247e-02,3.308586e-02,5.726050e-02,7.954892e-02,5.831906e-02,9.366677e-03,-7.218382e-02,1.954501e-02,-7.373459e-03,-5.112513e-02,1.498246e-02,5.493258e-02,1.167890e-01,2.379705e-01,-8.150238e-02,-2.897485e-02,-9.259962e-02,-8.581664e-02,1.009054e-01,-4.223339e-02,-2.686764e-02,1.116001e-01,9.199218e-02,2.658474e-01,8.240264e-02,2.113452e-02,1.953989e-02,2.900546e-04,-3.922628e-02,2.792602e-02,2.765377e-02,2.942054e-02,1.567781e-01,-1.618866e-01,-1.168649e-02,1.058190e-02,-8.274207e-02,-1.288355e-01,-1.232907e-01,-3.120009e-03,-2.797515e-02,-2.834482e-02,1.208210e-01,6.423097e-02,-4.178074e-02,
-3.031662e-02,4.431543e-02,-6.357543e-02,1.201247e-01,-2.659974e-02,-4.498884e-03,3.105364e-02,-2.784827e-02,5.313614e-02,-1.861375e-02,-9.946670e-02,-2.095959e-02,-6.044879e-02,1.425006e-02,-1.592044e-02,-5.643387e-02,5.055036e-02,-3.195441e-02,4.575049e-02,-4.447612e-02,1.182167e-01,7.586251e-02,-4.056057e-02,1.816696e-01,-1.946196e-02,-1.955751e-01,1.426817e-01,-6.976260e-02,3.958044e-02,-1.387251e-02,-7.278407e-03,-7.698415e-02,-4.999513e-02,3.092025e-02,1.019008e-01,-1.405816e-01,-3.419406e-02,2.644492e-02,9.521635e-03,1.038354e-01,2.582067e-02,-1.273053e-01,9.789810e-02,2.307316e-04,5.996381e-02,1.945491e-01,1.004494e-01,-5.639299e-02,5.129988e-02,-3.231685e-02,
-1.667820e-02,6.230274e-02,-1.655504e-01,5.532972e-02,5.663416e-02,1.972879e-01,2.305899e-04,-9.007388e-02,1.526631e-01,-1.109348e-02,3.961297e-02,2.683225e-02,-8.163736e-03,-6.236796e-02,-1.319499e-01,-2.797648e-02,-2.838400e-02,-5.979713e-02,-7.206226e-02,5.053735e-03,-5.193008e-02,8.618461e-02,1.074482e-01,2.003547e-02,-1.639323e-02,-2.634708e-03,3.014315e-02,1.298028e-01,-1.472232e-02,-3.356007e-02,8.965085e-02,-1.798002e-01,2.926714e-02,2.514179e-02,-1.297022e-01,-7.083343e-02,-1.356759e-01,4.976241e-03,3.985683e-02,2.464526e-02,2.766370e-02,-3.694652e-02,7.417357e-02,-2.522582e-03,8.807160e-02,-2.377723e-02,5.183375e-02,6.862982e-02,-4.027528e-02,3.487168e-02,
2.473427e-02,8.803308e-02,-1.730481e-02,8.030581e-02,1.947584e-01,-4.796553e-02,-7.077966e-02,-4.843209e-02,6.719637e-02,5.733273e-02,4.986378e-02,3.778247e-02,5.310226e-02,-1.795705e-01,-5.500818e-02,-7.141332e-02,-4.613772e-02,3.740729e-02,-4.316839e-02,2.406386e-02,-1.487604e-01,-3.243985e-02,1.544055e-02,-1.689084e-01,-4.773227e-02,1.630175e-01,3.079779e-03,7.267799e-02,-1.634312e-02,-3.252631e-02,6.811900e-03,-1.715381e-01,-2.677555e-02,3.516961e-02,-1.923385e-01,4.920745e-02,-1.809112e-01,7.401902e-03,8.132250e-02,3.928899e-03,-8.163362e-03,-5.845197e-03,9.230063e-03,1.030460e-02,4.002127e-02,-1.004455e-01,-5.306821e-02,1.051636e-01,-4.521509e-03,-2.323402e-02,
-8.269492e-04,9.429800e-03,7.874938e-02,1.120863e-01,-3.313405e-02,7.589423e-02,-6.229979e-02,1.195920e-02,1.140045e-01,-4.070626e-02,3.278192e-02,8.090315e-02,-3.922629e-02,4.931875e-02,-8.113956e-02,1.071996e-02,9.238345e-02,1.192295e-01,1.790887e-02,-7.143795e-02,2.421341e-02,-1.055077e-01,-2.341933e-02,-1.173896e-01,6.554938e-06,3.434530e-02,-6.727254e-02,1.796967e-01,4.898108e-02,-1.201662e-02,-1.282571e-01,-4.960971e-02,-3.109054e-02,-9.355327e-02,6.115786e-02,-1.295163e-01,9.131820e-02,-4.852717e-02,-1.106742e-02,2.996653e-02,4.390396e-02,-6.959365e-02,-3.470087e-02,-8.738032e-02,6.656783e-02,3.314753e-02,3.019793e-02,-9.205715e-02,9.523672e-02,-2.072584e-01,
-3.775206e-02,-2.533419e-02,2.858614e-02,8.900712e-02,1.496759e-02,1.202024e-02,5.461655e-02,-1.199321e-02,-5.284644e-02,-4.342925e-03,-3.525350e-02,6.961815e-02,-9.452661e-02,1.309366e-01,-6.198326e-02,-1.238584e-02,8.510609e-02,1.101839e-01,-4.551422e-02,-4.626088e-02,9.101102e-02,-9.897054e-02,-9.851750e-03,1.249742e-01,-5.077478e-02,-6.998304e-03,-2.057313e-01,2.783217e-02,-2.490289e-02,6.717504e-02,5.217709e-02,4.925655e-02,-6.132583e-02,-2.125268e-01,6.134055e-02,5.020058e-02,-2.916733e-03,4.533669e-02,-5.946371e-02,-1.418548e-01,-1.577194e-04,-4.114537e-02,5.672600e-03,-6.596010e-03,1.150993e-01,-2.050435e-01,-1.039498e-01,3.023302e-02,1.425733e-02,2.768418e-02,
-2.595524e-01,-7.003387e-03,4.914848e-03,-1.216646e-01,6.184199e-03,1.760177e-01,2.106501e-01,2.822875e-02,-1.217254e-01,4.133731e-02,4.299913e-02,-1.028456e-01,9.525567e-03,1.602729e-01,-1.071543e-02,1.959622e-02,1.143349e-02,-2.123752e-02,-1.417371e-01,7.848150e-02,1.448839e-01,9.024435e-02,-3.344940e-02,1.082450e-01,-1.346513e-01,1.206669e-01,-6.191837e-02,-1.044836e-01,5.760845e-02,-1.141518e-01,-4.485590e-02,-9.679954e-02,-2.041352e-01,-6.559765e-02,7.123492e-02,1.541301e-01,-1.095355e-01,1.570223e-01,1.326916e-02,3.026073e-05,5.667398e-02,6.675174e-02,-1.083689e-01,-3.041979e-02,1.633608e-01,-9.850202e-02,2.455613e-02,1.439130e-02,7.360985e-02,8.594706e-02,
-5.725868e-02,-4.562834e-03,-2.293171e-02,7.527664e-02,4.334716e-02,-1.361475e-02,1.023150e-01,-1.626904e-02,-1.818553e-01,1.014951e-01,-3.003534e-02,-1.627705e-01,-3.424956e-03,-1.034062e-01,6.730494e-02,7.355320e-02,-1.621306e-01,-6.532048e-02,-6.060817e-02,7.018547e-02,1.502124e-01,5.724602e-02,1.322456e-01,-1.606371e-01,-1.016037e-01,1.100633e-01,2.738269e-02,3.698221e-02,1.919598e-01,-1.426877e-02,-3.438946e-02,-9.133294e-03,-1.057372e-01,1.416149e-01,1.107358e-01,-1.404064e-01,1.294200e-01,-1.109926e-01,9.664214e-03,1.069354e-01,1.226607e-02,1.007237e-01,-1.306785e-01,-1.153095e-01,3.619548e-02,1.426712e-01,-2.155166e-02,-5.884269e-02,-1.533847e-01,2.221115e-02,
8.114209e-02,-2.246946e-01,-1.598004e-01,-1.110522e-02,6.308366e-02,1.121442e-01,-4.851732e-02,-4.816284e-03,-8.913844e-02,-4.445999e-02,-1.930164e-02,-5.995313e-02,-2.464699e-01,-2.228524e-01,2.226067e-01,4.033912e-02,-2.406393e-01,-2.724810e-02,1.465256e-01,-1.112863e-01,1.478123e-02,6.819784e-02,-4.677572e-02,-4.491540e-02,-1.067716e-02,1.856247e-02,-2.045631e-02,2.594913e-02,5.019863e-02,2.839025e-02,-7.387679e-02,3.814102e-02,2.046935e-01,-1.212842e-02,-4.018809e-02,-7.174214e-03,1.287749e-01,-2.408397e-02,-2.198968e-01,-8.989424e-02,4.325200e-02,-1.528093e-02,-6.527610e-02,-1.116330e-02,-7.158393e-02,-8.115133e-03,3.418636e-02,-1.178888e-01,-7.314025e-03,-5.341014e-02,
2.495478e-02,-4.065566e-02,-2.481257e-02,9.415813e-02,4.160943e-03,-1.794896e-02,-6.057472e-02,-9.237601e-03,-6.773187e-02,6.388191e-03,-5.797299e-02,1.615306e-02,-6.583077e-02,-1.046170e-01,1.146690e-01,-7.820112e-02,-4.629386e-02,6.609862e-03,7.643767e-05,-1.127182e-01,-5.262869e-02,1.082251e-01,-1.496438e-01,2.162066e-01,1.372296e-01,-1.088066e-01,6.026959e-02,-9.068228e-02,-1.112506e-01,-4.357771e-02,1.346378e-01,-1.065084e-01,9.656730e-02,2.884598e-02,-3.255970e-03,2.114814e-02,-2.573123e-01,1.173292e-01,-6.178629e-02,-5.619283e-02,1.000043e-02,-5.010984e-02,1.498455e-01,5.022762e-03,1.160335e-01,5.441898e-02,-2.300268e-03,-1.154006e-01,5.877944e-02,-1.015716e-01,
6.494135e-02,4.359983e-02,7.074479e-02,7.780566e-02,-1.282190e-01,1.065804e-01,-1.580799e-01,-3.171324e-02,5.831252e-02,-1.335217e-02,-4.508983e-02,-6.103448e-03,-5.509619e-03,-7.688808e-02,1.381025e-02,-1.019151e-01,7.249958e-02,6.988673e-02,-2.454604e-02,-5.791960e-02,-8.756807e-02,4.470800e-02,3.914967e-02,1.548516e-01,8.818846e-02,-1.505481e-02,-2.665010e-02,1.774914e-02,-7.029106e-02,-6.570609e-02,1.385775e-01,-1.524932e-01,-9.680214e-02,1.004818e-01,-4.307538e-02,7.604615e-02,-7.592002e-02,-5.014444e-03,1.787898e-01,-3.178535e-02,5.779786e-02,5.282222e-02,-4.929877e-02,-1.218964e-01,1.102185e-02,-5.774527e-02,-6.652470e-02,-3.009861e-02,-1.015716e-01,2.087253e-01,
5.866381e-03,5.191470e-03,2.653306e-02,1.004028e-01,-7.007571e-02,-2.154073e-02,-3.653669e-02,1.549139e-02,4.454292e-02,-4.982391e-03,3.260543e-02,7.496409e-02,-1.903893e-02,-1.466786e-02,-8.440425e-02,5.587195e-03,9.426088e-02,4.875731e-02,6.585342e-02,-3.607449e-02,-9.204007e-02,-4.596372e-02,-3.995063e-02,-9.324561e-02,2.629647e-02,5.168882e-02,-6.356625e-03,1.528953e-01,-1.134751e-02,-4.275528e-02,-7.379140e-02,-9.032633e-02,-1.293786e-01,9.642579e-02,-7.441998e-02,3.520445e-02,-2.779612e-02,-1.193441e-01,1.328422e-01,1.223352e-01,6.373710e-02,-1.045492e-01,-2.237742e-01,-2.558050e-02,-1.037887e-01,-1.106317e-02,2.115461e-02,-7.639547e-02,7.354370e-02,1.561779e-02,
-1.102281e-01,1.677126e-01,-2.084046e-01,-3.463363e-02,-1.228978e-01,1.095667e-01,-7.066617e-02,5.848744e-02,-1.452056e-01,-5.354334e-02,7.581802e-02,-1.183350e-01,-5.135143e-02,-5.012581e-03,1.687225e-01,3.021934e-02,1.575302e-01,6.686275e-02,6.210732e-02,1.121670e-01,-1.081985e-01,4.790036e-02,-3.584184e-02,-8.685819e-02,5.657802e-02,-1.337085e-01,-4.339863e-02,-6.960298e-02,-8.546269e-02,3.157978e-02,8.718637e-02,8.291320e-02,3.011741e-02,-3.764602e-02,-3.458076e-03,-1.828277e-01,-1.321170e-01,-1.119741e-01,1.105313e-01,7.207619e-02,1.157435e-01,1.840744e-01,-7.214979e-03,-2.252938e-02,-1.528658e-01,2.135442e-02,8.502444e-02,1.466502e-01,9.111787e-02,-9.354260e-02,
-1.530139e-02,2.239467e-02,-2.783271e-02,8.128455e-02,-3.476252e-02,-5.363152e-03,-5.269448e-02,-1.213560e-02,-5.765318e-02,2.722556e-02,-5.563740e-02,-8.770192e-02,-3.071136e-02,-4.407891e-02,2.268359e-02,-7.073143e-03,4.450568e-02,2.869515e-03,3.987142e-02,1.383064e-02,-2.228644e-02,5.439801e-02,-1.171076e-02,-4.501402e-02,7.651556e-02,1.651051e-02,1.415583e-02,9.647388e-03,2.264719e-02,4.733006e-03,5.671946e-03,1.160730e-01,-6.433832e-02,-2.978762e-02,4.263273e-03,1.682808e-02,-1.219357e-01,-1.369917e-01,1.172968e-01,-1.358642e-01,-1.920616e-01,1.780357e-01,-2.043855e-02,-3.473415e-02,-1.847592e-01,1.584507e-01,6.395625e-03,-1.287131e-01,8.336277e-02,-1.191890e-01,
-5.740971e-03,-1.969997e-03,1.615171e-03,1.299650e-01,-5.059254e-02,6.634412e-02,-1.101283e-01,-7.502298e-03,4.953080e-03,1.657204e-02,-3.779582e-02,-3.848817e-02,2.441612e-02,1.259613e-02,-2.528291e-02,-1.069894e-01,2.901151e-03,-3.661186e-02,6.400663e-02,-3.618199e-02,3.254885e-02,9.057569e-02,5.554214e-02,4.303682e-02,7.168378e-02,9.705758e-02,2.470175e-02,1.371116e-01,2.016146e-02,3.333144e-02,-9.623783e-03,1.225493e-01,-1.354011e-01,-9.664272e-02,-2.497693e-02,3.015932e-02,1.181453e-01,7.578036e-03,6.498026e-02,-7.000711e-02,-1.772823e-01,9.594423e-02,3.111536e-02,-7.880483e-02,-6.874654e-02,8.674225e-02,-8.278570e-03,5.366232e-02,3.553041e-02,1.162643e-01,
2.696129e-03,3.912202e-03,1.712680e-02,9.997281e-02,2.015179e-02,-3.522879e-02,1.681980e-03,8.408357e-02,-4.624574e-03,-2.683011e-02,5.641053e-02,-2.827508e-02,2.611118e-02,8.139837e-02,-4.942727e-02,-1.481638e-01,-6.222044e-02,-3.421732e-02,9.331707e-02,-2.648212e-02,6.707910e-02,1.197824e-01,4.587715e-02,9.750126e-02,6.932540e-02,6.214037e-02,3.616162e-03,1.293833e-01,-1.080513e-01,2.397161e-02,-6.845495e-02,1.350696e-01,-9.846584e-02,-3.458926e-02,6.346737e-02,1.000167e-01,1.806563e-01,-4.753412e-02,5.503861e-02,3.974102e-02,1.289601e-02,-1.313256e-02,1.492465e-01,2.609001e-02,8.073252e-02,4.822300e-02,-7.737012e-03,5.946850e-02,-1.330136e-01,8.991116e-02,
2.221072e-02,1.744927e-02,1.483062e-01,4.156534e-02,-1.603162e-03,1.001534e-01,9.065791e-02,1.711757e-02,-5.002754e-02,-1.838714e-01,7.114963e-02,4.776777e-02,5.059497e-02,-5.553051e-02,-1.566781e-01,-9.253477e-03,-1.918480e-01,-5.986442e-02,-3.299630e-02,9.406788e-02,1.205268e-01,-8.084323e-02,-1.211502e-01,1.092251e-01,2.244962e-04,5.598858e-02,2.357421e-02,1.374952e-01,-3.447946e-02,5.232891e-02,-4.691020e-02,8.179231e-02,1.501963e-01,1.380898e-01,3.639491e-02,5.198235e-02,-1.196012e-01,-1.088326e-01,-1.773350e-02,8.467489e-02,1.646825e-01,-1.049323e-01,7.865370e-02,1.233546e-01,7.382821e-03,1.988039e-02,2.808261e-02,7.865403e-02,-2.369824e-02,-9.793698e-02,
2.585629e-02,2.277325e-02,5.123201e-02,6.291894e-02,9.835501e-03,-1.533381e-02,8.190272e-02,2.155861e-02,-4.654711e-02,-3.179038e-03,1.020490e-01,1.236449e-01,-3.017069e-02,-4.838738e-02,-4.615077e-02,8.058863e-02,-9.270711e-03,5.669257e-03,-3.829100e-02,8.058174e-02,1.213011e-01,-4.542690e-02,-1.008114e-01,-3.221512e-03,-6.702132e-03,1.331305e-01,8.150133e-02,6.092164e-03,5.624456e-02,5.962335e-02,9.453791e-02,-9.012929e-02,2.391946e-01,-3.908629e-03,4.780170e-02,1.429020e-01,-7.993735e-02,1.049339e-02,1.348175e-01,-6.781883e-03,3.782114e-02,-3.227729e-04,-7.011679e-02,7.025862e-02,1.830620e-03,-7.890463e-02,1.501726e-01,4.541790e-02,5.594387e-02,1.053710e-02,
1.457732e-01,-2.184612e-02,-1.401535e-02,-1.180461e-01,-2.477819e-03,9.106193e-02,1.015171e-01,-2.108717e-01,2.854395e-02,3.605246e-01,1.328804e-01,2.632016e-01,-5.277862e-02,-3.184967e-02,1.163235e-01,-2.870279e-02,5.497413e-02,9.314033e-02,6.796855e-02,4.672117e-02,6.584433e-02,-7.570340e-02,6.408621e-03,-1.197316e-01,1.131195e-01,-2.252481e-02,8.694738e-02,-1.188440e-01,3.381768e-02,6.835697e-02,1.128640e-01,-8.274635e-02,1.841635e-02,-1.204899e-01,1.576972e-01,1.644227e-01,1.221698e-01,5.664986e-02,7.580423e-02,7.951133e-02,-5.182502e-02,-1.478851e-01,-2.827208e-03,6.032926e-02,-6.866693e-03,2.469552e-02,1.099903e-01,-6.489189e-02,-1.119201e-01,6.139909e-02,
4.614068e-03,6.300057e-03,-4.752745e-02,5.360586e-02,-7.195648e-03,-1.229251e-02,1.262076e-02,-4.950985e-02,-5.219726e-02,1.274220e-01,2.865877e-02,4.229400e-02,-4.891369e-03,7.092762e-03,4.382777e-02,-1.431150e-02,-4.038485e-02,7.647337e-02,-4.547076e-02,7.602023e-04,-8.281141e-02,-1.100548e-01,-2.080976e-02,-7.390332e-02,2.751665e-02,-1.879531e-01,-3.177928e-02,-1.108917e-01,5.209386e-02,-1.520618e-01,2.537941e-02,4.696448e-02,-1.354218e-02,9.098692e-03,1.882545e-02,-2.057535e-01,1.378697e-02,4.202288e-02,2.819890e-02,4.034079e-02,1.681226e-01,-1.274957e-01,-4.134514e-02,3.713925e-02,-7.521326e-03,4.894091e-03,5.656374e-03,7.943919e-03,-1.427987e-01,7.104383e-02,
1.565181e-01,-1.446243e-01,-1.780468e-01,-2.018068e-02,7.731389e-02,8.463834e-02,7.606999e-02,2.640990e-01,1.651210e-01,-7.440418e-02,1.693008e-01,-5.324501e-02,9.239476e-02,-1.013352e-01,-1.020204e-01,-4.155075e-02,5.888240e-02,1.316489e-01,-2.743766e-02,6.473462e-02,8.279144e-02,-1.200606e-02,-7.697306e-03,2.053493e-01,-6.552250e-03,8.146434e-02,7.563819e-03,1.015802e-01,-3.740909e-02,-1.091069e-01,2.149960e-02,5.358368e-02,1.118246e-01,-2.705504e-02,1.415052e-01,-1.043641e-01,9.364538e-03,1.652456e-02,1.884683e-01,3.045236e-02,-7.002812e-02,2.892069e-02,1.135886e-01,-7.893962e-02,-1.615641e-01,-2.379508e-02,-2.535147e-03,-5.982539e-02,-5.308326e-02,-4.273591e-02,
2.987957e-02,-4.824655e-02,-6.220889e-02,9.639764e-02,3.079246e-02,9.756315e-03,8.296013e-02,2.375449e-03,-3.164366e-02,-9.292374e-03,-7.545119e-02,-1.066092e-01,-4.263134e-03,-9.911814e-02,-1.292904e-01,-8.001568e-02,6.492419e-02,-1.314603e-02,-7.213142e-02,-7.949813e-02,6.402246e-02,1.249729e-01,-6.000987e-02,4.441153e-02,1.384401e-02,1.768761e-02,2.617000e-01,1.456846e-01,5.407572e-02,4.748219e-02,-6.537209e-02,8.250275e-02,-1.296339e-02,-1.093832e-02,5.713697e-02,1.324897e-01,-1.537697e-03,-8.842209e-02,2.414006e-01,-1.632365e-01,-7.369041e-02,1.243460e-01,-3.416117e-02,2.643986e-01,-8.819232e-02,-3.516866e-02,-3.710802e-02,-1.069052e-01,8.611770e-02,2.840241e-02,
9.269610e-03,-4.007037e-02,-3.420707e-02,1.457462e-01,-2.215705e-02,1.043543e-01,4.625562e-02,-4.450103e-02,3.088490e-02,4.734163e-02,-9.743291e-02,-8.588039e-02,2.604269e-02,2.888467e-02,-4.552126e-03,-2.106119e-01,1.170927e-02,-7.481315e-02,8.347437e-02,4.879564e-02,1.228325e-01,5.283757e-02,6.426489e-02,-6.900002e-02,8.452547e-02,5.872052e-02,9.110052e-02,6.902740e-02,-5.106525e-03,2.162071e-01,3.371028e-02,-3.809141e-02,-1.149519e-01,-1.125256e-01,3.278985e-02,5.175441e-02,6.048273e-02,7.597532e-02,-6.781037e-02,-7.542330e-02,2.175465e-01,-2.964932e-02,-2.746708e-02,1.207691e-01,-1.975781e-01,3.238275e-02,-5.251699e-02,4.533833e-02,-1.647136e-03,2.133090e-02,
-2.528969e-02,-5.009007e-02,3.226864e-02,9.859069e-02,-1.751619e-02,-2.475054e-02,-3.723174e-02,-2.946333e-02,-7.844722e-02,2.552388e-02,-6.759566e-02,-8.236494e-02,3.956509e-02,7.022076e-02,6.539792e-02,-1.461349e-01,-1.883265e-02,-3.203232e-02,1.629680e-01,1.247271e-01,6.966549e-02,-7.386711e-02,4.174346e-02,-3.567013e-02,1.353328e-01,4.797199e-02,-1.345675e-01,1.388487e-03,-1.437202e-01,1.188023e-02,3.410968e-02,9.132777e-02,-7.908463e-02,-2.907220e-02,9.658116e-02,4.533013e-02,-7.495329e-02,1.658348e-01,-1.113453e-01,5.563162e-03,5.155659e-02,-1.100673e-01,-5.207436e-02,4.597678e-02,-5.008770e-02,1.669562e-01,8.571404e-02,-4.925005e-02,-1.304053e-01,1.361767e-01,
-1.502141e-01,-1.670167e-01,1.777030e-01,-1.000379e-02,-5.738025e-02,1.064377e-01,-2.446012e-01,-1.087810e-02,-5.523522e-02,-5.677820e-02,-1.200589e-03,3.157207e-02,-2.802072e-02,9.771977e-02,7.404529e-02,-3.460849e-02,7.664420e-02,2.043278e-02,4.454962e-02,1.753808e-01,-6.580536e-02,-1.420207e-01,-1.067781e-01,-6.568602e-02,5.909837e-02,8.231392e-02,-1.275421e-02,-1.386382e-02,1.505909e-01,-2.237363e-01,-1.665672e-02,7.040365e-02,1.409898e-01,2.216060e-02,6.834093e-02,-6.230649e-02,-2.631895e-02,7.844321e-02,2.691535e-02,-6.973923e-03,-3.913118e-03,2.677082e-02,3.701499e-03,1.622002e-01,-8.499409e-02,1.210258e-02,3.740103e-02,7.718979e-02,-9.232771e-02,-5.426218e-02,
-9.726196e-04,1.311126e-02,1.477224e-02,8.547595e-02,-1.338792e-02,-2.209860e-02,-8.183785e-02,-2.465222e-02,-6.731864e-02,1.990764e-02,9.162560e-03,1.510155e-01,-9.773428e-02,3.515770e-02,1.449789e-01,1.258142e-01,5.591202e-02,-4.446252e-02,-5.428861e-02,5.025361e-02,4.047409e-02,-6.134112e-02,-4.151841e-02,-2.716127e-02,4.913739e-03,2.317628e-02,4.561815e-02,-5.068693e-02,2.175598e-01,-1.090963e-01,1.028129e-01,-7.680437e-02,1.444760e-01,-5.332747e-02,-8.910248e-02,-3.507613e-02,8.960253e-02,-5.748474e-02,1.886116e-01,1.168878e-01,3.795716e-02,8.496422e-02,3.445316e-02,5.122495e-02,-3.456338e-02,-4.005008e-02,-9.301499e-02,-2.478402e-02,-3.674307e-02,3.710536e-02,
1.172368e-01,1.860665e-01,8.148818e-02,-5.927221e-02,-1.017324e-01,9.787003e-02,1.611000e-02,-2.127876e-01,-4.321809e-02,2.991258e-01,1.335453e-01,2.791375e-01,-5.933384e-02,-1.296767e-02,1.146841e-01,1.397129e-01,-4.460367e-02,1.649884e-03,3.802421e-03,-5.045106e-02,1.291963e-01,9.190625e-02,-4.067702e-02,-2.638732e-02,-3.439179e-03,-4.876290e-02,3.004364e-02,5.941728e-02,6.268786e-02,1.231791e-01,-5.247564e-02,5.916035e-02,-6.021814e-02,5.296633e-02,1.869698e-02,5.068958e-02,2.815516e-02,-4.253074e-02,7.272359e-02,-1.758907e-01,-1.807722e-01,3.045157e-02,1.142545e-01,-3.398452e-02,9.090559e-03,1.005434e-01,6.632886e-02,1.299647e-01,1.087789e-01,2.496064e-02,
4.355345e-02,-1.055207e-03,-2.586597e-02,6.995255e-02,1.441038e-02,-3.719055e-02,6.484640e-02,4.038805e-02,-1.292130e-02,1.683851e-01,1.432309e-01,1.221740e-01,3.343765e-02,-8.174570e-02,-6.055111e-02,2.938639e-02,-6.594764e-02,9.288557e-02,-3.942046e-02,3.174148e-02,-4.708896e-02,1.839297e-02,-1.030931e-02,3.446966e-02,-3.196089e-02,2.534280e-02,-9.807239e-02,2.626245e-02,-1.185802e-01,-1.202569e-01,-8.761749e-02,1.127895e-01,-7.779595e-02,1.624740e-02,4.192904e-02,-2.144480e-01,-1.184589e-01,-7.083121e-02,-9.197470e-02,-6.227193e-02,2.745494e-02,-1.832109e-01,1.930408e-01,-1.280161e-01,-9.212266e-02,7.567939e-02,-3.153786e-02,1.191838e-01,-7.591191e-02,8.028032e-02,
1.644908e-01,1.489283e-01,1.824899e-01,8.449704e-03,-7.291162e-02,1.260387e-03,-1.775338e-01,1.886965e-01,6.328466e-02,-6.617731e-02,3.509040e-02,-6.769444e-02,1.247176e-01,6.441260e-03,3.215238e-01,-6.211905e-02,-1.189345e-01,9.659995e-02,-1.666050e-02,-7.799120e-04,9.134363e-02,-9.477110e-02,-1.079021e-01,-3.475154e-02,1.039495e-01,1.198807e-01,7.672928e-02,1.243653e-01,6.388263e-02,-6.673944e-02,9.432909e-02,-1.345414e-01,-4.002151e-02,6.716779e-02,2.148273e-01,-7.825758e-02,2.495354e-02,2.183975e-01,1.014104e-01,-3.451660e-02,4.943659e-02,4.939870e-02,1.932040e-02,3.639549e-02,6.351538e-02,9.078328e-02,-3.825435e-02,-4.659261e-02,1.643766e-02,-2.938817e-02,
4.837300e-02,-2.759295e-03,1.197929e-02,7.111930e-02,6.293827e-03,-7.574851e-03,-3.797067e-02,-4.071165e-02,-1.265440e-01,-1.033891e-02,-1.049687e-01,-1.418943e-02,6.025714e-02,-1.268997e-02,1.283114e-01,-1.560309e-01,-4.406536e-02,-4.571547e-02,-3.107377e-02,-7.052186e-02,-1.613485e-03,-1.569984e-02,-1.764651e-01,-2.455371e-02,-4.393723e-02,-1.153969e-02,1.265329e-01,6.568685e-02,1.097491e-01,9.715230e-03,1.027851e-01,-7.177088e-02,-3.187705e-02,-7.043827e-02,-3.104518e-02,1.289879e-01,-4.252187e-02,-7.052252e-02,7.475927e-02,4.614011e-02,7.459670e-02,7.587260e-02,-1.096768e-02,1.160477e-01,-3.933752e-02,-1.214504e-01,-1.013748e-01,7.568954e-02,-1.550317e-01,6.652846e-02,
1.171530e-01,-1.995946e-01,-8.702029e-02,-6.669263e-02,-3.990301e-03,1.314602e-01,3.681360e-02,-1.527342e-01,-1.016717e-01,1.147816e-01,-3.473218e-03,7.520428e-02,7.825245e-02,-2.920819e-02,-5.627866e-02,-2.140392e-01,9.024689e-02,-6.121151e-02,2.204986e-01,9.094728e-02,1.869891e-01,1.273519e-01,7.160149e-04,-1.406817e-02,-6.489840e-02,1.307931e-01,8.143072e-02,1.483777e-02,-8.581230e-02,-1.308351e-02,3.713207e-02,-6.395647e-02,6.225711e-02,-2.494697e-02,-5.351086e-02,-5.890475e-02,-4.212411e-02,2.013469e-02,-7.668048e-02,2.514947e-01,1.471471e-01,8.151688e-02,-1.239881e-02,-1.468869e-01,-8.248283e-02,-3.267365e-02,-1.083952e-01,3.703490e-02,-6.287248e-02,-9.449608e-02,
2.277153e-03,-2.572034e-02,-2.281004e-02,8.153187e-02,-7.156606e-03,1.936172e-03,1.287212e-01,-6.148338e-02,-1.114784e-01,7.990861e-02,-8.325408e-03,-1.177635e-01,9.279949e-02,-5.034580e-02,-1.482808e-01,-8.759604e-02,6.963700e-02,3.561592e-02,1.098558e-01,1.211846e-02,9.381137e-02,2.896335e-02,-5.012447e-02,-9.128976e-02,4.723875e-02,1.163122e-01,-8.869567e-02,-8.194339e-02,-8.003988e-02,-1.065990e-01,-6.485183e-02,-7.267029e-02,8.565526e-02,1.096847e-01,3.944104e-02,-1.551524e-01,-2.625024e-03,8.359799e-02,-3.163682e-02,-1.466054e-01,-4.861382e-02,1.997726e-02,2.987002e-02,3.096674e-02,1.536335e-01,1.441336e-01,5.919077e-02,-2.668468e-02,-1.205510e-02,3.658111e-02,
-1.554769e-01,1.513357e-01,-1.582751e-01,-3.219859e-02,-4.222251e-02,1.875948e-01,2.052082e-01,5.782982e-02,-2.024030e-02,6.324974e-02,5.312608e-02,-1.560567e-01,-4.147887e-02,2.130562e-02,-4.713156e-02,9.859695e-02,9.640319e-02,9.503635e-02,3.160538e-02,-3.178994e-02,6.719062e-02,-2.398660e-02,-1.163627e-01,3.860039e-02,9.978501e-02,5.713544e-02,-5.959520e-02,1.534520e-02,1.946005e-01,-2.047334e-01,2.804718e-04,3.430170e-02,1.434356e-01,1.208307e-01,4.443425e-02,2.703309e-02,1.131357e-01,-3.110279e-03,6.163314e-02,-1.699688e-01,4.810204e-02,-1.088542e-01,1.382743e-01,4.828625e-02,-3.737714e-02,-4.876455e-02,-2.838004e-02,1.019844e-01,8.812022e-02,8.899528e-02,
-3.018107e-02,5.494376e-02,-4.443331e-02,8.053546e-02,-3.843589e-03,2.394718e-02,7.041475e-02,6.796047e-03,-1.887620e-02,6.909186e-02,-3.710141e-03,4.260262e-02,-1.302799e-01,4.221567e-04,8.415485e-03,1.776152e-01,3.901816e-02,8.837875e-03,-6.748867e-02,-5.980413e-02,6.512007e-02,4.877797e-02,2.934959e-02,1.968985e-01,-3.301184e-02,-9.396566e-02,-1.458349e-02,9.650836e-02,1.276684e-01,-1.190785e-01,6.740195e-02,1.603541e-01,-4.352478e-02,-1.134065e-02,2.798617e-02,-1.680843e-01,7.452071e-02,-6.119404e-02,6.074730e-02,9.256952e-02,6.514236e-02,1.204173e-01,6.252931e-02,9.288100e-03,-3.193227e-02,3.708114e-02,-1.722303e-01,-1.102866e-01,-1.930435e-01,-8.166991e-02,
1.077138e-02,4.011973e-02,2.454196e-02,1.414913e-01,-5.162178e-02,8.672898e-02,-6.105365e-02,-6.032833e-02,8.339496e-02,7.681052e-02,4.282984e-02,1.579626e-01,-5.171970e-02,4.590321e-02,1.644237e-02,1.465793e-01,2.200662e-02,-3.862017e-02,-1.257270e-01,1.432583e-02,-6.544684e-03,6.460129e-02,1.008199e-01,1.812979e-01,-6.499182e-02,-3.563615e-03,-8.020517e-02,1.178906e-01,-7.862937e-02,9.982467e-02,-1.384218e-01,1.232577e-01,-4.818777e-02,2.058678e-02,-1.945726e-02,-1.004754e-01,-6.838978e-02,4.593816e-02,-7.769092e-03,-1.093081e-01,7.196505e-02,4.438069e-02,7.761683e-03,3.558776e-02,-1.293228e-01,-6.330602e-02,-2.578362e-03,-2.113372e-01,-4.236623e-02,-1.962577e-03,
2.880640e-02,4.497485e-02,4.639652e-02,1.079054e-01,-8.231118e-03,-7.659078e-02,-9.022087e-02,8.529659e-02,6.125199e-02,7.569487e-02,9.406379e-02,9.584866e-02,-2.684884e-02,-2.554244e-03,1.199607e-01,7.446564e-02,-2.924240e-02,2.531508e-04,-4.440146e-02,1.215639e-01,4.457855e-02,-1.624265e-02,3.987035e-02,-1.004261e-02,2.882647e-02,1.761263e-01,-4.314311e-02,6.838303e-02,-1.357753e-01,8.576906e-02,-1.662701e-01,2.859753e-03,-2.676145e-02,6.247852e-02,5.717527e-02,-7.489929e-02,-1.953555e-01,7.987763e-02,7.084738e-02,-9.342553e-02,7.084131e-02,-1.622631e-01,-1.525637e-02,9.088002e-02,-7.158281e-02,-1.823657e-02,-1.317752e-02,-3.349774e-02,1.771219e-01,7.632650e-02,
-1.046961e-01,-1.718953e-01,2.138209e-01,-7.959749e-03,2.198163e-02,1.134951e-01,4.891553e-02,6.129773e-03,3.836785e-02,-1.298236e-01,4.395610e-02,1.879525e-02,-1.495025e-01,1.305905e-02,-2.327301e-02,-4.055736e-02,1.271976e-01,2.939586e-01,-1.213729e-02,-1.694294e-01,1.563563e-01,1.995722e-02,-1.390208e-01,-2.386904e-01,1.244809e-01,-6.076204e-02,-7.750303e-02,7.270326e-02,-8.650062e-04,1.506555e-01,9.972867e-02,-9.005373e-02,-1.114755e-01,1.339075e-01,7.310699e-02,-8.219136e-02,-4.585882e-02,-2.074519e-01,-1.604564e-02,-5.993181e-02,1.865511e-01,-7.094036e-02,5.101009e-02,-1.535702e-01,4.968334e-02,-8.281118e-03,8.311444e-03,-1.879357e-01,4.619725e-02,7.752640e-02,
7.391574e-03,-7.116520e-03,3.883973e-02,6.499518e-02,4.214312e-03,3.782114e-03,1.652254e-02,-3.525086e-02,-7.006471e-02,2.377103e-02,-4.668291e-02,1.139084e-02,-1.168559e-02,1.639347e-02,-2.884913e-02,-6.775912e-02,9.944959e-02,7.484478e-02,4.293424e-02,-1.161106e-01,-4.142372e-02,-7.343996e-03,-1.859376e-01,-1.272367e-02,-1.205222e-03,-4.864859e-02,-1.907406e-01,3.297141e-02,-5.698835e-02,-6.568168e-02,1.611521e-01,1.633857e-02,5.811566e-03,-7.859210e-02,-7.415102e-02,1.170700e-01,2.499400e-02,-7.091417e-02,7.393578e-02,-9.842367e-02,6.635423e-02,7.004989e-02,6.439458e-02,1.351510e-02,-6.540115e-02,-1.398810e-01,3.558880e-02,-5.561374e-02,-1.266353e-01,-5.840951e-02,
1.627190e-01,1.304370e-02,2.604697e-02,-1.202971e-01,-7.185429e-02,9.423141e-02,-8.432594e-02,-2.111446e-01,-2.051702e-01,1.721424e-01,-1.957536e-02,1.390654e-01,1.446387e-01,5.491512e-02,-5.054249e-02,-1.084497e-01,1.609130e-01,-2.598227e-02,1.279827e-01,-4.064558e-02,3.900739e-02,8.223763e-02,-8.969819e-02,1.380487e-01,7.113309e-03,8.279387e-02,-6.264402e-02,8.069680e-02,-9.903069e-02,-2.103688e-01,-1.543055e-01,1.402176e-02,8.380779e-02,7.273262e-02,3.460122e-02,-6.754182e-02,-1.180898e-02,-1.797528e-02,-4.609069e-02,-6.313571e-02,8.766477e-02,2.143399e-01,-2.408367e-02,-9.894828e-03,5.663620e-02,-8.023250e-02,-6.530192e-02,-6.261380e-02,1.698332e-01,-1.464273e-01,
3.046642e-02,-3.355690e-02,-6.289542e-02,5.700341e-02,-9.636523e-03,-3.272630e-02,-6.457270e-02,-4.044715e-02,-1.341434e-01,5.264740e-02,-2.373497e-02,-4.241726e-02,7.468302e-02,-7.035504e-02,2.837322e-02,-8.369505e-02,-3.111917e-02,-2.055259e-02,2.891199e-04,1.318508e-02,-2.517258e-02,7.672477e-02,3.133719e-02,1.349931e-02,1.069106e-03,1.341488e-01,5.671603e-02,5.637690e-02,5.373544e-02,-1.464330e-01,-1.938297e-01,-4.756753e-02,5.340741e-02,4.341625e-02,3.109427e-02,-1.558576e-01,-1.054693e-02,-1.519703e-01,2.016476e-02,-7.353782e-02,1.199357e-01,-5.291646e-02,-9.821211e-02,-1.557150e-02,2.569923e-01,-5.171316e-02,-8.874647e-02,2.968532e-02,-7.976516e-03,2.330771e-01,
9.464818e-03,-1.089991e-02,-1.521946e-01,2.390620e-02,-5.528432e-02,6.898088e-02,-1.055120e-01,1.842754e-02,2.434389e-02,1.262525e-02,-2.070603e-02,-6.554854e-02,-1.248502e-01,-1.075339e-01,1.762970e-01,8.631109e-02,-2.304710e-01,-3.580331e-02,2.589302e-02,7.338621e-02,-5.167267e-02,1.164385e-01,6.806957e-02,2.006413e-02,-4.154113e-02,7.633039e-02,-2.891550e-02,1.094927e-01,8.102098e-02,-3.378137e-02,-3.797094e-02,-1.516915e-02,1.296887e-03,-9.790696e-02,1.572823e-01,5.177297e-02,-1.929052e-02,-1.154972e-01,6.119563e-02,-1.613244e-01,1.153734e-01,-1.327294e-01,-1.102153e-01,-4.327104e-02,1.626045e-01,-1.544398e-01,8.782337e-02,5.362856e-02,8.599775e-02,5.992493e-02,
-6.349809e-04,8.326862e-04,-2.409504e-02,9.309648e-02,-4.911664e-03,-4.833934e-03,1.888940e-02,9.580088e-03,-8.202284e-03,5.857566e-02,-1.985037e-02,3.739907e-02,-9.784596e-02,-2.203272e-02,9.914044e-02,9.618359e-02,-1.357984e-01,-3.837449e-02,-7.498751e-02,4.295838e-02,2.114391e-02,7.444931e-02,2.503898e-02,5.633445e-02,-4.352723e-02,-4.269130e-02,4.622218e-02,4.906266e-02,-6.029749e-03,-2.437024e-02,1.030243e-01,5.131001e-02,-1.079783e-01,3.668945e-03,1.616878e-01,-8.051146e-02,-1.555504e-01,2.027344e-01,-4.944978e-02,1.488766e-01,4.200743e-02,5.688954e-02,-2.363270e-02,1.046295e-01,1.258984e-01,-9.921204e-02,-6.835981e-03,-1.224396e-01,3.169699e-03,-1.275255e-01,
-6.141681e-03,-6.313173e-04,-1.322714e-02,1.270016e-01,-6.011876e-03,1.084963e-01,1.020116e-01,2.132708e-02,6.248828e-02,2.875148e-02,3.068610e-02,3.871254e-02,-4.412345e-02,-7.552114e-03,7.143414e-03,4.739190e-02,-2.682450e-02,-3.930016e-02,-5.778202e-02,3.288973e-02,1.041263e-01,-4.470777e-02,4.528305e-02,1.103822e-01,1.467293e-02,1.645833e-02,1.740284e-02,-2.992528e-02,-1.927499e-02,7.830003e-02,8.820954e-02,-2.656953e-02,-8.087316e-02,6.509150e-02,4.779159e-02,-1.563492e-02,-6.087055e-02,2.227932e-01,-2.715827e-02,1.725248e-01,-1.498710e-02,5.500883e-02,-5.386416e-02,3.461939e-02,-5.540414e-02,-5.554156e-02,-2.039589e-01,-8.993951e-02,-4.870393e-02,2.330972e-02,
-1.237084e-02,-2.129634e-02,1.596271e-02,8.760092e-02,4.180582e-04,6.806769e-03,8.000585e-02,1.865416e-02,5.145010e-03,-1.697707e-02,2.002103e-02,3.774181e-02,-5.666800e-02,1.300311e-02,-2.625147e-02,8.181883e-02,5.437807e-02,8.186252e-03,1.824460e-02,2.188548e-02,1.371583e-01,-4.609988e-02,3.447030e-02,-3.488261e-02,5.853668e-02,8.899797e-02,-2.354970e-02,7.266548e-04,-1.298921e-02,1.294560e-01,2.658366e-02,-6.190470e-02,-1.927524e-02,1.272201e-01,-4.174972e-02,2.976028e-04,1.297523e-02,-7.191541e-02,5.485238e-02,1.150418e-01,2.832576e-02,-1.016038e-01,-1.066571e-01,5.887700e-02,-1.628165e-01,4.349561e-02,-1.685447e-01,-6.352080e-02,2.665669e-02,3.859105e-02,
