-6.211767e-02,-6.238502e-02,5.632391e-03,-3.940403e-02,8.393415e-02,8.992817e-02,3.479058e-02,-2.356074e-02,-1.059077e-02,2.882816e-01,1.010855e-01,1.326671e-02,-1.847508e-03,6.713365e-03,1.063481e-01,-2.570693e-02,-5.968003e-02,1.461654e-02,-1.993396e-02,-3.038276e-02,-2.442867e-02,2.701822e-02,9.915852e-02,-1.948066e-02,-1.560050e-02,3.117625e-02,-1.188150e-01,-1.970683e-02,-9.629996e-02,-5.867997e-02,-4.023171e-02,1.065772e-01,6.102396e-02,7.132661e-02,1.420836e-01,4.149686e-02,-3.415579e-02,2.016371e-01,-1.008481e-02,1.359567e-01,4.620093e-02,-9.060061e-02,-9.711881e-02,-2.413222e-02,-6.214868e-02,-4.264065e-02,-3.638936e-02,-1.227620e-01,7.457729e-02,3.783978e-02,
-7.178372e-02,-4.749936e-02,-4.989544e-02,-5.613852e-02,9.999687e-02,9.097715e-02,-7.911700e-02,-2.741546e-02,-4.414412e-02,-5.176927e-02,1.617151e-02,1.557115e-02,-1.261970e-01,-1.330849e-02,-3.789041e-02,1.848747e-02,-4.854675e-02,-6.846503e-02,-8.117730e-02,-4.968801e-02,-1.212994e-02,-2.064072e-02,-1.310237e-02,4.156704e-02,-5.317898e-02,-4.873472e-02,1.217466e-02,-2.855659e-02,-1.310410e-01,3.603277e-02,-1.544702e-01,1.093907e-01,8.570397e-02,-9.443285e-02,-6.384688e-02,5.784857e-02,-7.022197e-02,-4.314292e-02,-5.008981e-02,-1.079034e-02,6.000287e-02,-1.681261e-02,1.531498e-02,6.778062e-02,-7.496045e-02,1.232438e-01,4.021468e-02,1.063429e-02,7.010081e-02,9.121779e-02,
-7.216846e-02,1.139746e-02,-5.446227e-02,-1.170546e-02,-3.467477e-02,9.511201e-03,-7.061589e-02,1.986102e-01,2.737120e-01,-5.429850e-02,1.969765e-02,-6.379501e-02,-1.674819e-01,-5.415716e-02,-1.598297e-01,-3.650397e-01,9.951866e-02,-1.145474e-01,3.535057e-02,-2.825734e-01,-3.826691e-02,-8.431001e-02,-9.015729e-02,7.195583e-02,-1.682746e-02,-2.577927e-01,-3.464045e-03,-1.025713e-01,-2.212590e-02,1.566933e-02,-3.108819e-02,-3.941041e-02,3.636357e-02,-2.477675e-02,-8.917972e-02,2.968561e-02,-2.259059e-02,-2.545522e-03,-1.231662e-01,1.111952e-01,5.553060e-02,2.396588e-02,1.022832e-01,3.187800e-02,-1.387754e-01,2.070525e-02,2.589812e-02,-5.284305e-03,2.626944e-02,1.156380e-01,
-1.186042e-01,-7.369686e-02,8.316346e-03,-6.288408e-02,-1.521346e-01,-4.467470e-02,-3.997892e-02,1.567526e-02,1.723034e-02,-4.010571e-02,-4.183699e-02,8.441898e-02,-4.524847e-02,7.844281e-02,-1.238373e-01,-5.529788e-02,9.703414e-02,-1.087528e-02,-1.362389e-01,1.848813e-02,-6.585816e-02,-3.555795e-03,-2.958533e-02,6.800388e-02,3.230775e-02,7.833115e-04,3.519187e-02,3.906273e-02,-2.670379e-02,-3.984484e-02,4.636464e-02,-8.075891e-02,-7.550489e-02,2.294731e-01,-5.945721e-02,4.091513e-02,5.139039e-02,-1.708131e-02,-2.045321e-02,1.067303e-01,-2.646813e-02,-1.265733e-02,-2.359674e-02,6.463828e-02,4.903484e-02,-7.266324e-02,-7.890191e-02,-4.843045e-02,-1.103112e-01,-1.299059e-01,
-8.305020e-02,-4.572846e-02,8.829098e-03,3.941204e-02,-2.503339e-02,-5.093195e-02,-1.104757e-02,9.937198e-02,-5.078437e-02,-6.445408e-02,1.982229e-02,1.987854e-01,5.501165e-02,1.807629e-02,-4.443550e-02,2.559521e-01,1.362876e-01,-9.914028e-02,-5.431236e-02,2.872774e-02,-4.083284e-02,9.061803e-02,-4.319962e-03,1.458925e-01,-4.681082e-02,1.543246e-02,3.254480e-02,6.515554e-02,2.400165e-02,-7.586686e-02,4.568877e-02,-1.297104e-01,-2.394368e-02,-9.692521e-02,-6.045448e-02,7.347636e-02,1.821349e-01,2.250244e-03,3.232192e-02,8.312396e-02,-2.634692e-02,1.208769e-01,1.963041e-02,-3.430238e-02,3.453517e-03,-4.074539e-02,2.506066e-02,9.175471e-02,-6.319089e-02,3.649771e-02,
-4.134722e-02,7.874022e-02,-2.918260e-02,-1.377018e-02,3.576329e-02,-6.032605e-02,-7.223378e-02,-4.148437e-02,-3.173118e-02,-1.563951e-02,9.872469e-02,-1.383541e-02,6.378448e-02,5.954000e-02,-6.493167e-03,6.557887e-02,-3.654583e-02,-5.848157e-02,1.196986e-01,-1.181176e-02,-2.324974e-01,-7.645646e-02,-9.118004e-02,-1.445252e-01,-3.162166e-02,-1.770518e-02,-9.112465e-02,5.385264e-02,1.616406e-01,4.522312e-02,1.833119e-01,-1.325490e-01,-2.436706e-02,3.676687e-02,-2.623180e-02,1.066377e-01,-7.374465e-02,-5.866051e-02,-5.379012e-02,-6.715020e-02,7.004468e-02,-2.475488e-02,6.948319e-02,-3.450612e-02,-5.808710e-02,-8.748282e-02,-6.500397e-02,4.685167e-02,1.317043e-01,8.537153e-02,
-3.354689e-02,1.084940e-01,-5.545418e-03,-2.205512e-03,1.050978e-03,1.784482e-03,-4.684244e-02,-2.867949e-02,-2.170832e-02,-6.033777e-03,-3.400581e-02,-2.578755e-02,1.381291e-01,-3.116170e-02,2.247967e-01,4.775383e-02,-1.531928e-02,-3.925326e-02,6.663686e-02,-1.196029e-02,4.003929e-03,-7.529434e-02,-3.271887e-02,-1.043898e-01,1.637749e-01,-2.842041e-02,-7.952156e-02,-5.014213e-04,8.356983e-02,1.047842e-01,-4.385295e-03,5.077361e-02,-1.483550e-03,4.553470e-02,-1.011383e-01,1.066921e-01,-1.934613e-02,-6.463021e-04,9.478050e-02,6.945718e-02,-4.063683e-02,-1.956676e-02,-4.577773e-02,5.348845e-02,5.273997e-02,-5.246042e-02,5.353921e-02,-5.946327e-02,8.098650e-02,-8.389337e-03,
-3.501792e-02,8.412452e-02,1.293529e-02,-1.115547e-02,3.017307e-02,8.834122e-03,-3.085008e-02,-2.970839e-02,-2.252822e-02,1.458636e-02,-2.043103e-02,1.046480e-02,4.349230e-02,2.422196e-04,8.021439e-02,3.105170e-02,-6.566530e-02,3.126077e-02,-5.746885e-02,-2.000173e-02,2.379688e-02,3.524811e-02,4.523239e-02,-5.905324e-02,7.678788e-02,-1.490779e-02,-4.341671e-02,-2.339745e-01,5.045849e-02,2.688626e-02,2.566033e-02,-7.809460e-02,-2.063486e-03,2.772374e-02,-4.925240e-02,1.250179e-01,5.150762e-02,1.468957e-01,7.961588e-02,-8.251952e-02,-1.564701e-01,-7.509602e-02,-2.521758e-02,6.783659e-02,1.337024e-02,7.849570e-02,5.057055e-02,-1.823684e-01,8.639767e-02,6.615670e-02,
-8.183113e-02,-9.168672e-03,-5.382960e-02,-6.250816e-02,5.699913e-02,-1.172986e-01,2.891329e-01,-8.717462e-02,-5.619334e-03,-1.604901e-03,1.585946e-02,-9.866826e-02,7.000172e-02,1.207110e-02,-2.657681e-02,-4.639050e-02,1.790272e-01,-1.042034e-02,-1.456238e-02,-2.043015e-01,-2.470267e-01,-3.976483e-02,-1.712192e-02,-6.489464e-02,-2.764535e-02,1.010067e-01,-4.479443e-02,6.762114e-03,-1.331482e-02,6.554128e-02,9.682542e-02,-1.824508e-01,1.232549e-01,-7.036583e-02,-8.837413e-02,1.262813e-01,-1.251927e-02,-9.246437e-04,1.180133e-01,2.167738e-02,-6.255455e-03,-7.289309e-03,2.896292e-03,-4.840512e-02,1.272732e-01,-4.979765e-02,-5.304617e-02,-1.478875e-02,-3.229280e-02,1.596644e-01,
-4.935245e-02,-4.649018e-03,-1.411742e-01,-5.672652e-02,2.554410e-01,-1.763746e-01,-1.776301e-01,-7.157108e-02,-7.535086e-02,-4.647248e-02,-7.026035e-03,-8.919318e-02,-3.900681e-02,3.480146e-02,-5.377457e-02,5.131051e-02,-3.212320e-05,9.944074e-02,-6.224512e-02,-1.576344e-01,1.101598e-02,8.229052e-02,5.104870e-02,1.306997e-01,-2.003791e-02,-1.920526e-01,2.723984e-02,-1.271951e-02,3.162301e-03,1.529927e-02,-2.886822e-02,1.381022e-02,1.424839e-01,8.259577e-03,1.853108e-02,6.758461e-02,-1.878326e-02,-7.404766e-02,2.397770e-01,-3.064563e-02,1.377906e-01,-2.012433e-02,2.240873e-01,-3.384327e-02,2.716109e-02,-2.642066e-02,1.152595e-01,4.230384e-02,-2.020796e-01,-4.746259e-02,
-7.838421e-02,1.314218e-02,-1.408194e-02,-4.346910e-02,8.667821e-03,-4.206387e-02,-7.196662e-02,2.920457e-01,2.944391e-01,2.228309e-02,-3.249519e-02,4.604113e-02,-2.085016e-02,-5.581686e-02,-1.392729e-02,-6.730965e-02,-2.570965e-02,-4.224412e-02,1.123099e-01,3.352501e-02,3.668393e-02,2.901525e-02,-2.461390e-02,4.603181e-02,9.928713e-02,-5.847566e-02,-6.278399e-02,-3.449722e-02,-3.851056e-02,-6.605140e-05,-4.844986e-02,5.048514e-02,4.859958e-02,6.679293e-01,-3.806250e-02,-3.943277e-02,2.488488e-02,-6.822464e-02,1.497669e-02,-8.964414e-02,-1.453194e-02,3.729978e-02,-3.527722e-02,-8.608014e-02,4.640068e-02,3.037636e-02,2.388918e-02,-2.624086e-02,3.507411e-02,4.282624e-03,
-1.408895e-01,-1.333329e-01,9.137489e-02,-6.119263e-02,-1.383401e-01,8.720943e-02,1.079291e-02,7.595841e-03,3.708582e-02,-7.918504e-02,-4.970251e-02,2.337906e-02,4.042309e-02,1.155866e-02,8.268191e-02,-1.839014e-01,-4.769982e-02,4.233027e-02,-3.452125e-02,-3.967959e-02,-1.210721e-02,-1.573348e-01,-5.908144e-02,7.594650e-02,5.312393e-02,2.878465e-02,-6.911011e-03,-3.421728e-02,-4.272691e-02,-6.214848e-02,3.459008e-02,1.146841e-01,1.045450e-01,2.859830e-02,-5.822037e-03,-1.161849e-02,-1.239874e-02,5.897963e-02,-1.118539e-01,3.131365e-01,-1.649743e-01,-1.661030e-02,-2.215544e-02,-8.255748e-02,4.937293e-02,-1.101307e-01,5.050438e-02,-3.016791e-02,-1.173659e-01,4.561052e-02,
-1.362881e-01,-1.936183e-01,6.204921e-02,2.419011e-01,-7.191070e-02,6.032160e-02,3.206237e-02,8.540216e-03,-1.373396e-01,-1.255724e-01,-1.110394e-01,4.292058e-02,-5.555647e-02,4.137828e-02,2.408210e-01,-7.769755e-02,-1.000983e-01,-7.068552e-02,-1.130963e-01,-5.336932e-02,-2.233970e-02,-5.505226e-02,5.558770e-02,3.266585e-02,-6.748147e-02,-2.276301e-02,4.029641e-02,-1.054953e-01,-1.393034e-02,1.683448e-01,-9.441317e-02,1.613062e-02,2.158068e-02,4.648930e-02,-7.810976e-02,1.025376e-01,9.938090e-02,8.815335e-02,-5.446889e-02,-1.201112e-01,7.807313e-02,-1.370317e-01,6.014585e-02,3.218736e-02,-1.441544e-01,-4.047443e-02,-3.282731e-02,-1.226550e-01,7.930611e-02,1.607096e-01,
-4.392069e-02,8.423750e-02,-2.443453e-02,4.370299e-02,1.299550e-02,2.089950e-01,-3.388165e-02,1.428204e-02,-7.704744e-02,-7.649562e-02,1.017030e-01,6.217011e-03,-1.574123e-01,1.172197e-03,1.800577e-02,2.475626e-02,-9.576519e-02,-9.261293e-02,9.108113e-02,4.373139e-02,-5.343577e-02,1.138487e-01,2.742899e-02,1.640425e-02,-9.307294e-03,2.694382e-02,-9.786659e-03,3.046421e-02,3.968882e-02,9.154088e-02,1.121988e-01,-2.124740e-02,1.670422e-02,3.128002e-02,2.894501e-02,3.611474e-02,2.129155e-01,-7.815216e-02,9.944614e-02,-2.498182e-02,5.029965e-02,-4.027153e-02,-2.834971e-03,6.049623e-02,-4.512939e-02,2.964000e-03,-1.265406e-01,2.991857e-02,1.706035e-01,-2.554515e-02,
-3.408047e-02,2.863000e-01,7.481003e-03,1.969837e-02,-1.354803e-01,3.223039e-01,-9.719377e-03,4.079164e-02,-3.176506e-02,-5.065569e-03,-3.884676e-02,3.735394e-02,-1.161038e-01,-8.328355e-02,4.443737e-02,3.730149e-02,1.394748e-01,-6.546464e-02,-1.343546e-02,3.303962e-02,-4.523981e-02,-2.816098e-02,-3.027489e-03,-1.116584e-02,1.229504e-01,-1.615014e-02,-1.786732e-02,2.043894e-01,-4.810518e-02,-9.534076e-02,2.017925e-01,7.587914e-02,-5.776954e-02,-5.942970e-02,-8.738165e-03,-3.461658e-05,-5.766766e-02,-1.112101e-01,1.147441e-01,1.062638e-01,1.718357e-02,1.172610e-01,-5.017438e-02,-6.958444e-02,-1.305593e-02,-1.084520e-01,-3.559201e-02,-5.052244e-02,1.922203e-02,1.096270e-01,
-5.182548e-02,2.424268e-01,2.177402e-02,-8.654707e-03,-1.383099e-01,-2.222877e-02,7.783483e-02,-6.791276e-02,2.804572e-02,4.926349e-02,-4.266981e-03,7.787845e-02,9.478908e-02,2.568719e-02,-1.067432e-01,5.661940e-03,3.278811e-02,9.238674e-02,-1.160319e-01,-3.092281e-02,3.369854e-02,1.087466e-01,3.919235e-02,1.300725e-02,3.723711e-02,9.303278e-02,-1.006479e-01,5.884742e-02,-2.754702e-02,5.883521e-02,-8.591350e-02,-1.830537e-01,-1.304335e-01,1.106603e-01,-3.402018e-02,9.421181e-02,3.469742e-02,6.690320e-02,-5.709490e-02,-4.808758e-03,-1.151615e-02,-1.396456e-02,1.074708e-01,-9.840640e-02,-5.335092e-02,1.176335e-01,1.146814e-01,-7.827900e-02,2.270608e-03,8.148871e-02,
-8.274938e-02,6.372584e-02,1.645799e-02,-3.320939e-02,-1.378473e-01,3.387999e-03,6.554656e-02,3.019762e-01,-2.482430e-02,1.820483e-02,-2.935605e-02,-2.065967e-01,4.250855e-02,1.466782e-01,1.812666e-01,2.932515e-02,-1.785339e-02,-1.410456e-01,1.685472e-02,2.162060e-01,-1.755011e-01,-7.484663e-03,3.115980e-02,1.272118e-01,-4.324048e-02,-2.840224e-03,-2.786712e-03,-2.305416e-02,-6.334810e-02,2.463760e-03,-6.703152e-02,-1.726299e-02,5.440670e-02,-7.669113e-02,1.198346e-01,1.886171e-01,-1.005059e-03,5.793931e-02,1.573869e-01,-5.965233e-02,5.974900e-02,6.505763e-03,6.394381e-04,-1.174744e-02,-7.695091e-02,6.974287e-02,-1.307970e-01,-6.301916e-02,-1.152349e-01,3.773971e-02,
-1.061303e-01,-5.205127e-02,-1.180506e-02,-7.224273e-02,-5.343895e-02,-7.788971e-02,-7.088680e-02,-7.735851e-03,-3.119051e-02,-3.805278e-02,1.644711e-02,-4.408973e-02,9.476262e-02,6.957840e-02,3.972459e-02,-8.103775e-02,-4.805099e-02,-7.557846e-02,1.916961e-02,2.787457e-02,-7.493949e-02,2.229459e-01,5.365256e-02,-4.417779e-03,-1.591513e-01,-7.878278e-02,3.213517e-03,8.041935e-03,1.148923e-01,-8.216067e-02,-6.391472e-02,5.828143e-02,-3.490682e-02,1.741543e-01,-2.254516e-02,6.903633e-02,-6.448294e-02,-2.556589e-02,2.512826e-01,1.308409e-02,2.669211e-02,1.231205e-01,-1.115818e-01,-6.537913e-02,7.204938e-02,-1.516575e-01,-1.366987e-01,1.807284e-02,-2.629281e-02,1.380084e-01,
-7.949242e-02,-1.948809e-02,-2.623672e-02,-4.958396e-02,-1.950194e-03,-5.206368e-02,-7.212940e-02,-1.221040e-02,3.204423e-01,-9.788938e-02,4.141920e-02,-2.532394e-02,7.936908e-02,-1.745219e-01,1.362399e-01,8.841088e-02,1.056320e-02,1.621721e-02,2.694025e-02,2.980549e-02,5.128786e-02,1.967082e-01,-8.713386e-02,-4.503360e-02,3.190742e-02,2.586325e-02,-5.076342e-02,3.899727e-02,-1.700965e-02,-8.687828e-02,-1.074192e-02,8.163831e-02,1.158524e-02,-2.698982e-02,8.817877e-02,3.426644e-03,3.144749e-02,3.575650e-02,3.597133e-02,-2.640599e-02,1.014537e-01,-5.469228e-02,-5.513827e-02,-1.270747e-01,5.118908e-02,-1.256229e-01,4.046650e-03,3.222501e-02,7.126435e-02,-3.789279e-02,
-1.198401e-01,-1.293446e-01,1.500552e-02,-8.085804e-02,-2.089990e-02,4.105248e-02,-4.503993e-02,-4.463692e-02,1.041069e-01,-4.414767e-02,-5.006425e-02,2.199688e-02,8.261852e-04,-1.758284e-01,-2.913412e-02,-7.200774e-03,4.315206e-03,1.740252e-01,-5.142185e-02,-1.638846e-02,2.815598e-02,-2.134149e-03,1.991775e-02,-1.140783e-01,1.752083e-01,1.194137e-02,-8.155747e-02,-3.478325e-02,-4.944695e-02,3.220683e-02,9.005952e-02,4.395689e-02,4.977947e-02,-4.567942e-02,-2.227632e-02,5.043381e-02,7.995875e-02,9.477742e-03,-8.265744e-03,-4.552746e-02,7.286518e-03,-3.688446e-02,6.689992e-02,-8.163368e-02,6.243361e-02,1.303213e-01,4.166551e-02,9.768395e-02,-1.319252e-02,-6.037139e-02,
-8.268510e-02,-8.426698e-02,1.994691e-02,1.299099e-02,1.824234e-01,9.254050e-02,-4.162878e-02,-2.046279e-02,-4.816563e-02,2.462818e-01,2.140070e-03,2.266234e-02,-2.072525e-02,-6.832425e-02,-5.526835e-02,2.042230e-03,2.154726e-01,5.138663e-02,-1.271772e-01,-5.059036e-03,-2.442977e-02,-1.482613e-01,1.477552e-01,1.203053e-03,-2.315793e-02,-1.925014e-02,-1.118183e-01,4.031097e-02,1.284681e-02,-4.783280e-02,-3.618200e-02,-1.178154e-01,8.111618e-02,1.010094e-01,1.977856e-01,3.152897e-02,-4.258761e-02,3.329314e-02,2.099620e-02,3.432893e-02,-9.768858e-02,-6.063254e-02,1.050877e-01,3.379035e-02,1.111021e-02,1.149761e-01,-1.023561e-01,4.719062e-02,-8.446612e-02,9.641399e-02,
-5.154600e-02,5.606165e-02,7.775707e-03,-3.713327e-03,1.696197e-01,1.567105e-01,-4.415785e-02,-3.280646e-03,-8.642330e-02,-8.049311e-02,-8.634271e-02,4.842815e-02,6.065659e-02,-4.270829e-02,-2.702592e-02,3.353007e-02,7.504001e-03,-1.105937e-01,-3.278759e-02,-1.973291e-02,-2.944066e-02,-7.229944e-02,-1.827522e-02,1.505271e-01,6.810625e-02,5.525539e-03,-4.415144e-02,4.925831e-02,6.082296e-03,4.405764e-02,4.498157e-02,-1.490714e-01,1.583037e-02,6.780883e-02,7.151319e-02,8.122470e-02,-1.634616e-02,-1.221893e-01,5.869388e-02,-7.195612e-02,-6.852953e-02,-1.187059e-02,-1.593910e-01,7.024859e-03,-1.042381e-02,-6.769533e-02,-6.967468e-02,-5.181986e-02,5.022899e-02,-9.826648e-02,
-5.049245e-02,1.401257e-01,-2.404615e-02,7.323564e-02,-1.403603e-02,1.226095e-01,4.483075e-02,8.166321e-02,-6.097672e-02,-4.463633e-02,-8.779628e-03,3.272442e-02,-2.535378e-02,5.606167e-03,1.015026e-02,-6.445896e-02,5.937249e-02,-1.447476e-01,5.025801e-02,-4.138233e-01,-6.659884e-03,-2.182239e-02,2.166870e-02,-6.475713e-02,1.788015e-02,-3.851973e-01,2.937186e-02,9.796737e-02,-3.546040e-02,1.419850e-03,1.083901e-02,3.858436e-02,-1.551162e-01,-2.449369e-01,6.734471e-02,-3.585867e-02,6.878278e-02,5.437609e-02,-2.392535e-04,4.663118e-03,-2.509167e-02,-9.630676e-03,-1.321148e-01,-1.066426e-01,1.580569e-01,-6.914674e-03,4.744583e-02,-8.721261e-02,-3.658312e-02,-7.656155e-02,
-6.536022e-02,1.839996e-01,-1.303995e-02,-1.762883e-02,-1.593895e-01,2.276955e-02,2.212896e-02,2.256805e-02,-4.249273e-03,3.062292e-02,-3.253632e-02,-1.829559e-02,-7.159327e-03,1.492981e-01,-6.792627e-02,-6.680378e-03,-1.663482e-02,-9.984559e-02,-2.258408e-02,7.972005e-02,1.137417e-01,9.373027e-03,1.839724e-02,1.213383e-02,-1.185039e-01,3.482184e-02,-8.033515e-02,1.325843e-01,-1.393497e-01,-6.599209e-02,-9.576935e-02,9.271156e-02,-1.355173e-01,4.525660e-02,1.001408e-01,3.965891e-02,5.591136e-03,1.221358e-01,-9.796073e-02,-1.376824e-02,6.252791e-02,-8.212069e-02,1.549318e-01,-6.778432e-02,-2.194014e-02,5.592240e-02,5.939198e-02,3.675210e-02,1.088493e-01,1.407586e-02,
-7.127226e-02,-4.104700e-02,2.623613e-03,2.795369e-01,-5.585140e-03,-1.106733e-02,-3.184558e-03,3.176581e-02,-4.539991e-02,-1.651155e-01,-1.120070e-01,9.323135e-03,-3.979611e-02,-7.426342e-02,-4.115803e-02,3.413007e-02,9.355240e-02,9.094844e-02,-1.019341e-01,4.026632e-02,-1.527993e-02,1.238134e-01,6.252805e-02,-1.057768e-03,-6.790700e-02,-4.565530e-02,2.203761e-02,6.920145e-02,2.337447e-03,6.621204e-02,1.112135e-01,1.215756e-01,-2.850213e-02,4.084288e-02,-1.306948e-03,2.215978e-02,-2.776400e-01,-2.040455e-02,-2.723147e-03,6.850422e-02,2.118317e-02,-3.363513e-02,1.145226e-01,-4.670944e-03,2.565917e-02,1.261965e-01,-1.151891e-01,-4.763959e-02,1.307933e-01,1.484795e-01,
-1.128494e-01,-1.600979e-01,-2.027738e-02,-5.717985e-02,-6.976205e-02,-3.016543e-02,-4.786753e-02,-6.547652e-02,-2.352496e-02,-7.519032e-02,3.163665e-02,2.021351e-02,2.621550e-02,-5.613415e-02,-4.781107e-02,-3.992502e-02,6.024768e-02,-4.825697e-02,-4.903247e-02,4.351493e-03,1.414423e-02,1.190331e-01,9.224918e-04,-1.347039e-02,-1.589790e-01,-5.244121e-02,-1.043776e-02,9.470469e-02,1.087097e-01,-2.955559e-02,3.446237e-02,-3.630551e-02,-8.408586e-02,1.182689e-02,-6.477071e-02,3.834018e-02,6.004007e-02,2.992660e-02,-6.050298e-02,1.453069e-02,2.499838e-02,8.011041e-02,-8.855036e-02,-1.145315e-01,-5.817102e-02,1.090954e-01,1.792935e-02,-1.214455e-01,1.362344e-01,-8.172145e-02,
-6.323410e-02,-5.285522e-02,-3.424147e-02,-4.612312e-02,-4.339290e-02,-9.214829e-05,-4.506889e-02,-4.262414e-02,1.199773e-01,-4.989673e-02,7.810703e-02,-1.204321e-02,-6.547331e-03,-9.152851e-02,4.684586e-02,2.565550e-03,1.938868e-01,7.370611e-02,4.269773e-02,3.097312e-03,4.688969e-02,1.777639e-01,1.096309e-02,4.094164e-02,-1.033564e-01,-1.833084e-02,-3.138041e-02,-6.609396e-03,-2.687492e-02,1.047755e-01,-4.676345e-02,-1.539292e-01,-4.072010e-02,-6.506057e-02,-1.111310e-02,3.648444e-02,4.793558e-02,6.933477e-02,-7.343758e-03,-1.306406e-02,1.259373e-01,-9.953426e-02,-9.098840e-02,-8.629050e-02,-9.921812e-02,-1.163009e-01,-4.359136e-02,1.470030e-02,-5.099833e-02,-1.603151e-01,
-4.763790e-02,-4.939270e-03,-2.075780e-02,-3.434914e-02,4.337320e-02,2.364410e-02,-4.804831e-02,-3.768819e-02,3.397987e-02,-4.822547e-02,-4.857576e-02,1.106316e-02,-7.268784e-02,5.580815e-02,2.113752e-02,2.680856e-02,4.043498e-02,-3.028629e-02,9.303279e-02,1.490280e-02,6.089625e-02,1.048030e-01,2.526402e-02,-8.331538e-02,9.013307e-02,-4.108802e-02,-2.738039e-03,-1.351635e-01,-1.008857e-01,1.553360e-01,-6.111648e-02,-9.307009e-02,1.976592e-02,-8.135932e-02,-5.055883e-03,3.351502e-02,9.876701e-03,-2.138642e-02,4.929783e-02,-8.159114e-02,3.608850e-02,1.049243e-01,3.404627e-02,-3.196734e-03,7.649384e-02,6.351808e-02,1.277007e-02,-5.665344e-02,-1.699440e-02,6.992820e-02,
-3.233952e-02,3.520863e-02,-2.123778e-03,-1.801420e-02,1.706418e-01,-1.948758e-02,1.765660e-01,-7.921630e-02,1.750940e-01,2.573731e-02,8.280818e-04,8.513021e-02,1.136815e-02,1.098893e-01,1.392687e-01,-3.140475e-02,-9.818969e-02,-2.595709e-02,4.032432e-02,1.547910e-01,1.232473e-02,-5.036292e-02,-2.000795e-02,-3.808214e-02,4.955143e-02,4.869391e-03,-8.046079e-02,-6.774819e-02,-1.105915e-01,-4.636661e-02,3.883699e-02,1.939256e-02,3.200649e-03,6.798965e-02,1.192336e-01,7.936983e-02,6.534189e-02,-8.483529e-03,4.131935e-02,3.306977e-02,1.413994e-01,6.474599e-02,-2.110492e-02,1.419488e-01,1.016680e-01,4.130913e-02,7.500702e-02,-9.029898e-02,-6.374109e-03,5.072305e-04,
-3.637806e-02,7.094437e-02,-4.001542e-02,-2.424840e-02,1.372149e-01,-5.275263e-02,-1.597204e-02,-6.729318e-02,2.337406e-02,-2.744505e-02,-4.476730e-02,2.710251e-02,2.143150e-01,3.726659e-02,1.855237e-02,2.298392e-02,-1.200811e-01,-1.158944e-01,2.910989e-02,-1.155887e-01,1.266945e-02,-1.142959e-01,-7.932611e-02,-4.754017e-03,-1.215355e-01,5.265189e-03,-1.463407e-01,1.662543e-02,-1.060630e-01,-1.675714e-01,-2.312214e-02,1.572829e-02,7.648500e-02,-4.867105e-02,1.018901e-01,8.541902e-02,-1.577048e-01,2.963207e-03,-5.861169e-02,-3.403574e-03,9.005879e-03,4.355693e-02,-1.526753e-01,-5.294954e-02,2.801344e-02,-1.030897e-01,-3.726371e-02,2.749702e-02,1.244729e-01,-1.180870e-01,
-4.501637e-02,1.455546e-01,-3.531179e-02,1.804987e-02,-2.646299e-02,2.283554e-03,-3.358953e-02,2.438534e-01,4.642990e-02,4.156185e-02,2.145105e-02,-1.150667e-02,-4.845199e-02,-4.128735e-02,2.222937e-03,2.295855e-01,-1.153933e-01,-5.874507e-02,-2.815773e-02,-2.892952e-01,1.011340e-01,-2.901241e-02,2.406159e-02,-1.914604e-02,3.260122e-02,-2.831684e-01,-3.373896e-02,-3.530430e-02,8.202258e-02,-4.921697e-02,-1.495773e-02,-7.323334e-02,3.808514e-02,9.011983e-02,1.180202e-01,2.478853e-02,-2.585362e-02,8.321842e-02,9.043348e-02,-9.621382e-02,-4.969809e-02,-4.372315e-02,-9.729021e-03,1.763894e-01,-1.603941e-02,3.636984e-02,-8.129020e-02,1.072855e-01,1.051013e-02,-4.923369e-02,
-7.853711e-02,4.160765e-02,2.831738e-02,-3.598041e-03,-2.067697e-02,3.070377e-03,-4.084892e-02,-8.279151e-05,-9.143338e-03,-5.462341e-02,4.119519e-02,-2.089429e-02,-8.684984e-02,1.420933e-02,-2.629970e-02,-2.471580e-03,-5.681685e-02,3.249171e-02,-1.318239e-01,2.753696e-02,6.842255e-02,-5.618373e-02,-2.937139e-02,-4.020517e-02,1.072828e-01,-3.894837e-02,-1.410506e-02,8.693118e-02,4.629419e-04,-2.146143e-02,5.375648e-02,-4.897040e-02,6.717516e-02,6.426840e-03,8.957858e-03,5.635482e-02,2.821292e-02,1.071927e-01,-4.724044e-02,-3.499702e-02,-6.957675e-02,-6.490827e-02,1.716369e-01,1.856958e-01,-5.026358e-03,-1.497327e-01,-8.930956e-02,9.927102e-02,-9.151651e-03,-2.239436e-02,
-6.623529e-02,-1.803752e-02,-3.479525e-02,-4.059301e-02,5.891235e-03,4.619321e-02,3.633476e-02,-5.584416e-02,-1.937024e-02,2.920092e-02,1.550696e-01,7.436248e-03,-7.262733e-02,-4.365778e-02,1.070720e-01,-9.646192e-03,1.068326e-01,-6.690025e-02,2.304453e-02,-4.904233e-02,8.811836e-03,2.308727e-02,-1.930410e-02,-9.406271e-02,4.754049e-02,9.072957e-02,-1.241323e-02,-1.057585e-01,-4.025894e-02,-7.554213e-02,4.350973e-02,-7.014377e-03,-2.957827e-01,8.869990e-02,-2.971898e-02,8.961294e-02,-1.316015e-02,1.018327e-01,6.795699e-02,1.834372e-01,-3.887466e-02,-1.056501e-01,9.695374e-02,3.888163e-02,-3.170084e-01,-5.212230e-03,4.164922e-02,9.110166e-02,-1.438091e-01,-9.524657e-02,
-4.159399e-02,-2.538113e-03,-6.994552e-02,-1.305414e-02,1.535668e-01,9.981614e-02,-8.324022e-02,-3.159594e-02,-5.343351e-02,-6.310653e-03,2.560698e-02,1.030517e-02,-8.394590e-02,-5.742221e-02,2.206287e-02,3.108230e-02,-8.273645e-02,-5.610814e-02,1.327766e-01,2.328386e-02,-6.502600e-03,2.736679e-02,3.959955e-02,-1.493557e-01,1.751645e-02,1.020385e-02,-7.428422e-02,2.525390e-02,1.288719e-01,-5.623868e-02,-7.401360e-02,1.049219e-02,-1.253493e-01,1.587980e-02,-2.530762e-01,1.299795e-01,-9.246428e-02,2.046546e-01,4.395027e-02,8.407127e-02,-2.664434e-02,4.451672e-02,-8.267554e-02,-8.965071e-02,-2.966336e-01,7.692591e-02,7.982365e-02,3.143182e-03,-1.532642e-01,6.210058e-02,
-5.698036e-02,5.115859e-02,-1.569388e-02,2.994521e-01,5.924863e-02,7.844060e-02,-2.285797e-02,1.947494e-02,1.832989e-01,1.678501e-01,-8.058035e-02,1.754653e-02,-2.451831e-02,-5.245759e-02,2.310571e-02,-5.638866e-03,-2.284338e-01,-3.808638e-02,-2.327702e-02,5.287407e-02,-7.890923e-02,-3.973602e-02,7.842128e-02,-1.308281e-01,-9.251967e-02,2.209566e-02,-1.968082e-01,-1.443673e-02,6.471378e-02,6.486153e-02,-1.473483e-01,-1.168493e-02,7.097701e-02,-1.117677e-01,-2.074887e-01,1.085056e-01,7.449362e-02,-8.492478e-02,-4.909628e-02,1.648529e-02,-1.671258e-01,-5.136996e-02,-4.435943e-02,3.512061e-02,5.793745e-02,-1.433067e-01,-7.660054e-03,9.252367e-02,4.566801e-02,-8.430199e-02,
-9.078019e-02,-4.345715e-02,-5.679124e-02,-5.600011e-04,2.005570e-03,9.290920e-03,-7.842603e-02,-4.501846e-02,-3.701151e-03,-1.541122e-02,-1.023488e-01,2.747812e-02,2.608174e-01,-3.079389e-02,-2.548816e-02,9.572369e-03,-9.073819e-02,-7.633991e-02,-5.591967e-02,5.475521e-03,-1.658606e-02,-8.159623e-02,-3.510165e-02,1.372664e-01,-8.373509e-02,-5.290780e-02,1.027757e-01,-9.466885e-02,5.565226e-02,1.573549e-01,2.329423e-01,-9.558298e-02,5.225509e-02,6.118191e-02,1.817916e-02,-6.170265e-02,2.103225e-01,1.118648e-02,-6.912033e-03,1.272544e-01,-9.977969e-02,-1.248867e-01,5.037815e-02,-6.447775e-03,1.042869e-01,1.711832e-02,-8.498191e-02,2.343296e-02,1.020553e-01,-9.265474e-02,
-1.286958e-01,-1.372951e-01,-3.206456e-02,-7.644901e-02,1.456727e-02,-1.252031e-01,-7.810871e-02,2.460863e-01,2.034558e-02,2.770526e-02,-1.346872e-02,3.871076e-01,7.613040e-02,1.167245e-01,-6.030360e-02,2.466579e-01,1.836612e-02,1.995748e-02,1.691378e-02,-3.880492e-03,1.847209e-02,8.831061e-02,4.378965e-02,-5.374505e-03,1.345945e-02,2.321096e-03,-5.402419e-03,4.675320e-02,-3.657312e-02,-8.416890e-02,1.544525e-01,1.665471e-02,5.032869e-02,-1.069732e-01,-1.179122e-01,-1.205564e-01,-8.374164e-02,8.586992e-02,-9.465945e-03,4.237924e-02,8.889705e-02,1.988603e-02,-1.024951e-02,5.015503e-02,8.621805e-04,4.886445e-02,4.562266e-02,-4.318231e-02,5.804734e-02,1.749061e-01,
-8.847589e-02,-4.780964e-02,-1.957840e-02,-6.368411e-02,-1.810767e-02,-5.310148e-02,-4.644462e-02,-9.854859e-03,-1.857762e-02,-2.168603e-02,-3.251524e-02,1.045866e-02,-1.784999e-02,2.190654e-01,-4.296680e-02,1.485234e-02,1.278462e-01,1.435735e-01,2.329652e-01,-3.849231e-02,-2.651823e-01,-5.348375e-02,-2.185053e-02,-9.662639e-02,1.906833e-01,2.343024e-03,-2.466714e-02,8.865471e-02,3.309947e-02,1.207939e-02,-7.767956e-02,8.740638e-02,-2.039701e-02,1.488743e-03,3.686121e-02,1.399654e-01,-7.094860e-02,-4.975616e-02,-1.384320e-01,-9.331324e-02,2.120973e-02,-1.262537e-01,-4.629707e-02,-3.691331e-03,2.790968e-02,3.567085e-02,2.474628e-01,2.551608e-02,8.055662e-02,6.579737e-02,
-5.409531e-02,1.534780e-01,-4.710188e-02,-2.984272e-02,-8.420630e-02,-3.701945e-02,9.160701e-02,-4.394190e-02,6.432028e-03,5.448855e-02,-6.534508e-02,5.450241e-03,-6.252849e-03,-8.922668e-02,-3.985473e-02,4.467897e-02,2.635604e-01,6.920453e-02,-6.468170e-03,-9.459268e-04,-7.885164e-02,-7.065761e-02,-2.979022e-02,1.638326e-01,-2.134717e-02,4.878533e-02,-5.134468e-02,4.903183e-02,4.381514e-02,6.566463e-02,-4.948264e-02,1.398088e-01,2.366591e-01,2.773872e-02,-2.860856e-02,8.855564e-02,-5.317501e-03,1.790359e-02,-3.603935e-03,-1.924019e-02,-3.831242e-02,-5.859617e-02,-8.419263e-02,4.620746e-02,-8.582287e-02,3.567302e-02,1.546908e-01,-1.254124e-02,-1.388215e-02,-3.310784e-02,
-7.749739e-02,1.577695e-01,1.387627e-02,-3.368015e-02,-1.387441e-01,-1.109620e-02,-6.878533e-03,-6.459402e-02,-6.546848e-03,3.743439e-02,1.474163e-01,1.272190e-02,-6.856179e-02,-9.844592e-02,-8.416490e-02,4.021412e-03,-3.039287e-02,2.815846e-02,-1.961062e-01,6.149501e-03,7.532145e-03,5.163680e-02,-1.358664e-02,-1.154209e-01,-1.159885e-01,2.925206e-02,-7.718940e-02,3.993037e-02,-1.260695e-01,-1.562394e-01,-7.273437e-02,3.754673e-02,4.735825e-02,1.031429e-05,-2.356081e-02,9.813406e-02,-3.875099e-02,-4.179723e-02,-8.842471e-02,-1.294123e-01,7.087037e-03,-1.426871e-01,5.771444e-02,1.580772e-01,5.820434e-02,-1.068456e-01,-4.270061e-02,-1.424217e-01,3.473578e-02,-4.543175e-02,
-9.337322e-02,-6.341786e-02,-2.887823e-01,2.830465e-02,-1.407869e-02,1.030437e-01,2.188422e-01,3.071349e-02,1.060770e-01,-9.723728e-02,-9.019881e-02,-1.625726e-01,-6.360324e-03,1.349932e-01,-7.569451e-02,1.204292e-02,-2.290751e-02,3.734042e-02,2.502003e-03,-3.143695e-02,-1.571516e-01,1.214945e-02,1.171002e-03,-3.017835e-02,3.871991e-02,1.002448e-01,1.706995e-02,-1.121976e-01,-1.075710e-01,-3.456354e-02,1.813827e-01,-5.134655e-02,3.816501e-02,-7.132703e-03,5.270997e-02,-1.386483e-01,-5.060976e-02,-3.182358e-02,1.210712e-01,4.718806e-02,-3.182887e-02,-4.080027e-02,-6.299764e-02,-8.898787e-04,-1.602172e-01,5.128845e-02,-3.274682e-03,-1.614870e-01,-4.845375e-02,-1.255504e-01,
-6.294597e-02,8.603253e-03,-9.628095e-02,7.886264e-03,1.820462e-01,1.093027e-01,-6.637021e-02,-3.871980e-02,1.440348e-02,-4.406385e-02,-8.134698e-02,9.895226e-04,-1.074239e-01,8.466597e-03,-7.023670e-02,1.057492e-02,-4.621905e-02,8.057102e-02,-1.737463e-02,8.913072e-03,-1.914387e-02,4.038523e-02,1.047474e-01,3.656128e-01,2.238975e-02,6.850398e-02,4.040679e-03,9.281624e-02,-1.296130e-02,5.297225e-03,-2.187431e-02,4.357787e-02,2.663544e-02,-1.221294e-02,-2.785550e-01,-1.782855e-02,8.715633e-03,7.815243e-02,2.780046e-02,-1.048262e-02,1.631055e-01,-1.991826e-02,-8.608095e-02,3.204803e-02,-1.800258e-02,-5.047126e-02,3.956591e-02,-2.500169e-02,8.022662e-02,6.713175e-02,
-1.184204e-01,1.336208e-01,1.438807e-01,1.166527e-01,1.886728e-01,8.075600e-02,-2.311279e-02,-4.164628e-02,1.914743e-01,1.567465e-01,-1.954903e-02,6.367329e-02,-3.509026e-02,-8.704656e-02,-4.190543e-02,3.202041e-02,-2.648346e-02,-4.477808e-02,-1.414859e-01,-1.338541e-03,-2.650212e-02,-4.207914e-02,4.869331e-02,-1.172195e-02,5.051000e-02,8.759525e-02,6.876841e-02,8.557152e-02,1.263016e-01,4.349317e-02,1.016496e-02,5.235074e-02,-2.535199e-01,-3.379597e-03,-4.415429e-02,-2.039939e-02,-5.058551e-02,-1.215906e-01,2.592674e-02,8.057986e-02,2.027214e-02,4.394830e-02,-1.244726e-01,-7.332325e-03,1.720315e-01,1.278728e-01,1.174818e-01,-7.369380e-02,-5.625992e-02,3.877471e-02,
-1.761878e-01,1.553878e-01,2.282385e-01,1.230970e-02,-2.012339e-02,6.680302e-02,-1.599712e-02,-7.223306e-02,-3.999558e-02,-1.009598e-01,-4.741526e-02,1.202885e-01,5.682146e-02,-1.110767e-01,-5.369191e-02,-9.832567e-03,-1.800162e-01,2.285029e-02,-2.869897e-02,-6.609233e-02,5.069110e-02,3.763864e-02,-5.752740e-04,-1.880042e-01,-1.823696e-02,5.052647e-02,2.114610e-01,-2.011995e-02,4.286280e-02,8.543321e-02,-5.439819e-02,2.991090e-02,1.472613e-01,2.817753e-02,1.914590e-01,-1.066165e-01,-1.632367e-03,1.958184e-02,-2.034800e-02,9.824820e-02,-7.564925e-02,2.649470e-02,-1.959776e-02,-4.407892e-02,-2.352534e-01,3.948443e-02,-5.361476e-02,7.441380e-02,-1.087476e-01,1.003615e-01,
-1.462481e-01,-2.015814e-02,1.285466e-01,1.090072e-01,6.407316e-03,-8.952275e-03,-1.336021e-02,-5.032988e-02,-9.296789e-02,-1.464975e-01,-6.169510e-02,-7.640964e-02,2.433671e-02,1.970849e-02,1.890354e-01,6.836147e-02,1.549457e-01,-8.260658e-02,1.417132e-01,-9.514844e-03,1.922139e-01,-4.068153e-02,7.967146e-03,-2.299870e-03,-1.274797e-02,-6.058659e-03,-1.084648e-01,-1.682670e-01,1.672486e-01,-1.969611e-01,-7.239857e-02,2.313612e-02,6.600030e-02,1.575322e-02,-4.028329e-03,-2.489564e-01,-1.802796e-02,1.368169e-01,3.355055e-02,8.122757e-02,2.291419e-02,-1.264632e-03,4.051506e-02,1.279925e-01,1.014117e-02,-7.030474e-02,6.677190e-02,3.567845e-03,7.582999e-02,-1.198913e-03,
-6.712216e-02,5.109388e-02,-2.275962e-02,3.273244e-02,-5.523534e-02,3.644157e-02,-4.701149e-02,-2.758585e-02,-2.428060e-02,-5.557349e-02,1.126421e-02,-9.397623e-02,-3.223674e-03,4.279115e-03,4.184446e-02,8.212219e-02,2.801324e-02,8.924276e-02,2.056595e-01,2.361826e-02,-3.213027e-01,5.864108e-02,-1.374963e-02,6.184276e-02,4.931308e-03,-4.167443e-02,-7.847698e-02,-4.129724e-02,5.143138e-02,-5.315593e-02,-2.926817e-02,9.954244e-02,-5.930419e-02,3.131474e-02,1.111431e-01,7.659188e-02,6.217544e-02,-1.346999e-02,-1.142762e-01,2.898671e-02,-5.863095e-02,3.143253e-02,2.099281e-02,2.849236e-02,-3.155526e-03,-6.368347e-02,1.458995e-02,9.516818e-02,5.462685e-02,4.493481e-02,
-5.204002e-02,1.316467e-01,-1.040414e-01,1.269944e-01,-1.688881e-01,-1.288972e-01,-4.475821e-02,5.388116e-02,-9.920163e-03,1.210751e-02,1.455675e-01,2.050096e-02,3.429713e-02,4.074071e-02,1.298603e-01,4.963714e-02,3.249520e-02,9.573620e-02,-1.076330e-01,1.095269e-02,-1.298557e-01,-3.808062e-02,-1.797682e-02,1.697473e-02,7.151621e-02,-2.928183e-02,1.913230e-02,9.041186e-02,4.984066e-02,-1.038532e-03,-1.688126e-01,8.123621e-02,1.012893e-01,-3.519554e-02,-1.449516e-02,1.044288e-02,3.218583e-02,-1.121926e-01,-1.115402e-03,-5.099167e-02,2.705299e-02,1.120089e-01,6.116756e-02,2.132434e-02,-7.682150e-02,-4.480551e-02,-5.094904e-02,-1.493291e-01,-3.867394e-02,-7.108550e-03,
-6.135918e-02,1.053135e-01,-1.578137e-01,8.855404e-03,-1.536399e-01,-3.378913e-02,7.362080e-03,-4.404365e-02,1.555970e-02,1.589777e-02,3.120490e-02,1.222883e-02,9.620992e-02,1.808446e-01,-1.138698e-01,3.517589e-03,-1.603730e-02,-3.987989e-02,-1.381122e-01,1.174381e-02,1.216588e-02,-7.741085e-02,-3.683711e-02,-1.005992e-01,3.557206e-02,2.860996e-02,-3.908637e-02,-1.050582e-02,-4.937216e-03,-1.005865e-01,-1.236863e-01,-2.526730e-02,7.675066e-02,2.439382e-03,-1.185839e-02,-1.096064e-01,-1.844088e-02,-1.196137e-01,3.217658e-02,3.762363e-02,-8.240653e-02,5.480710e-02,8.572065e-02,4.587313e-02,3.016349e-02,3.762719e-02,4.615935e-02,-9.310740e-02,-1.517077e-01,1.147190e-01,
-2.283489e-01,8.491557e-02,1.580477e-01,-8.927624e-02,4.450740e-03,-7.624732e-02,8.221769e-02,1.740404e-01,-3.669192e-02,6.139547e-02,-1.380136e-02,-1.739787e-01,-4.524368e-02,-7.079190e-02,-1.133245e-01,7.483238e-02,-7.124834e-02,-7.020304e-03,1.111725e-01,9.368197e-02,-7.710133e-02,-3.495970e-02,6.999240e-02,-6.731679e-02,-8.784440e-02,5.499417e-02,1.576240e-01,-1.223471e-01,-1.525362e-01,1.062554e-01,1.620302e-01,6.899741e-02,-1.622298e-02,-2.243575e-02,-9.227817e-02,-3.152118e-02,-1.198865e-01,3.490953e-03,-3.762004e-03,3.992784e-02,-8.624118e-02,-1.836178e-02,1.961135e-02,4.984926e-02,3.532598e-02,-8.872870e-02,-3.691112e-02,5.497732e-02,-2.126987e-02,4.321354e-02,
-1.056774e-01,1.742612e-01,8.180526e-02,-3.824741e-02,1.088769e-01,-1.061754e-01,-4.169721e-02,-2.084454e-02,-2.570977e-02,2.388267e-02,-1.956694e-03,-7.962986e-02,1.314492e-02,1.871429e-02,-7.233928e-02,-1.819082e-01,-9.071338e-02,-6.434043e-02,4.493407e-02,3.630714e-02,-9.589089e-03,2.534880e-02,3.166974e-02,2.586598e-01,-4.324831e-02,8.937806e-02,1.016704e-01,7.249955e-02,7.588744e-02,2.073539e-02,-1.505615e-01,5.595660e-02,-6.589121e-02,-5.251320e-02,-1.196018e-01,-1.257787e-01,-4.837507e-02,5.469146e-02,6.241058e-02,-2.233306e-02,-8.940064e-02,6.613749e-02,6.703141e-02,9.670696e-02,-1.700961e-02,-2.213635e-01,4.963159e-02,-7.212221e-02,-5.369995e-02,1.236204e-03,
-7.323453e-02,1.502183e-01,6.722612e-02,-2.221731e-02,2.253713e-01,-7.510559e-02,4.629190e-02,-8.589334e-02,1.902564e-01,7.592618e-02,4.966816e-02,6.934986e-02,1.102096e-01,-1.513149e-02,6.599952e-02,-3.072333e-02,5.822378e-02,-9.292201e-02,-7.646710e-02,-1.145090e-01,1.014008e-02,4.277641e-02,7.232088e-03,4.831177e-02,6.263979e-03,1.385509e-01,6.384174e-02,-6.318759e-04,1.355599e-01,9.831194e-02,-6.611987e-02,-1.631533e-02,-6.060373e-02,-2.132040e-02,3.112363e-03,-8.975320e-02,2.975368e-02,-1.252620e-01,-3.379431e-02,-1.340544e-01,6.846688e-02,-2.572375e-02,8.120938e-03,-9.975510e-02,-1.321119e-01,4.014679e-02,-7.492900e-02,-1.729542e-02,-7.713361e-02,5.119360e-02,
-7.329722e-02,1.057469e-01,1.698912e-02,-3.485517e-02,8.702588e-03,1.902834e-01,-3.498914e-02,-1.788544e-02,2.698388e-02,2.002749e-03,-4.808293e-02,5.267492e-02,-5.408077e-02,1.124771e-01,-2.545231e-02,1.572188e-02,2.045418e-02,-3.673685e-02,-1.183048e-01,2.688195e-02,8.695480e-03,1.117301e-01,7.972999e-02,-8.918856e-02,-7.272358e-03,3.471808e-02,8.576548e-02,-1.024284e-01,4.606274e-02,2.287114e-02,-3.437186e-02,-1.096888e-01,1.691837e-01,4.797258e-03,7.946318e-02,-5.329801e-02,-5.442216e-03,-3.788727e-02,3.843781e-02,3.551281e-02,2.152326e-01,1.055825e-02,-6.580919e-02,-1.436696e-01,-4.088425e-02,1.851358e-01,3.164039e-02,9.870597e-03,6.540599e-02,-2.588719e-02,
-5.252525e-02,7.030895e-03,-1.403822e-01,-4.205010e-02,6.157313e-02,1.447823e-01,-9.163399e-02,-3.759740e-02,-6.816340e-02,1.474946e-01,-1.026067e-01,1.228128e-03,-5.159379e-02,-5.161317e-03,1.699082e-01,2.413296e-02,1.514091e-01,1.778359e-01,-8.851482e-02,1.091603e-02,9.354197e-03,-1.825265e-01,1.280661e-01,-3.539258e-02,-1.943606e-01,-5.510718e-02,-3.545523e-02,-1.413579e-02,-6.930190e-02,-1.397581e-02,-2.144584e-02,-1.552392e-01,-5.359783e-02,1.208099e-01,4.705032e-02,-9.295974e-02,1.081099e-02,6.901436e-02,-4.218888e-02,-8.681641e-02,-7.515235e-02,8.091828e-02,6.684414e-02,-1.061168e-01,3.568311e-02,-2.075582e-01,4.887899e-02,4.279986e-02,-3.125191e-02,1.783677e-01,
-7.176968e-02,-5.748339e-02,-2.050509e-01,-5.202360e-02,-4.599831e-02,1.923239e-01,-1.142438e-01,-2.977770e-02,1.041059e-01,-2.436272e-02,-3.151491e-02,-3.544588e-02,1.554661e-01,-1.822439e-01,-8.352642e-02,3.313932e-02,-5.845903e-02,1.622755e-01,3.814186e-02,7.413579e-02,-5.181317e-02,4.593758e-02,1.327063e-02,8.968643e-02,-4.486837e-02,-4.134147e-02,-1.604530e-01,6.468548e-02,-2.926703e-02,-1.174825e-02,1.983825e-02,2.931280e-02,-6.345599e-02,-9.393846e-02,1.633359e-01,-1.405492e-01,-4.863927e-02,3.209778e-02,-1.459729e-02,-8.837137e-02,-7.577726e-02,1.605829e-01,-3.026355e-02,-5.491699e-03,-9.565859e-02,-1.034481e-01,-7.378842e-02,-4.531488e-03,-1.362652e-01,3.404949e-02,
-9.550757e-02,-1.047550e-01,-1.483541e-01,2.387538e-01,-1.106859e-01,-1.209187e-01,-6.948740e-02,-3.679316e-02,-3.883913e-02,5.932183e-02,1.559421e-01,1.117399e-02,1.378563e-01,7.378285e-02,5.032373e-02,-4.632087e-02,-1.364023e-03,-9.182201e-04,-3.493850e-02,-3.663797e-02,-2.591686e-02,1.854031e-02,1.071017e-01,-6.915631e-02,1.587406e-01,-5.283615e-02,-4.974323e-02,3.153628e-02,9.491576e-02,1.818475e-02,5.514922e-03,2.629278e-01,-3.750221e-02,-4.059144e-03,2.280596e-02,-1.242553e-01,-8.722441e-03,-4.128172e-02,5.163012e-02,2.372114e-03,8.625134e-02,1.381908e-01,5.658499e-02,7.110177e-02,-1.254403e-01,1.706653e-01,-6.223099e-02,2.145530e-02,-6.929227e-03,-1.143196e-01,
-1.471794e-01,-2.867111e-02,4.371790e-02,-3.199601e-03,-1.301091e-01,-1.877431e-02,-2.342470e-02,-3.773517e-02,-2.670527e-02,-6.859074e-03,4.941434e-02,3.432220e-02,-9.852492e-03,8.789395e-02,-6.231011e-02,-1.338318e-02,-3.303583e-02,-1.103891e-01,-3.724680e-02,1.329631e-02,3.677302e-02,-2.818526e-02,5.757079e-03,-1.484840e-01,-3.045236e-02,8.135388e-03,-8.075384e-02,-9.307858e-02,-4.773949e-02,-9.719961e-02,4.964642e-02,5.148341e-02,1.493246e-01,-4.265547e-02,-9.588670e-02,-1.148521e-02,2.894738e-01,-7.386021e-02,4.737697e-02,2.366801e-02,2.782504e-02,4.243981e-03,1.862413e-03,-1.984313e-01,-2.272489e-02,-1.457115e-02,1.788174e-01,1.809425e-01,-9.035450e-02,3.442882e-02,
-8.523534e-02,2.901037e-03,3.039288e-02,2.167658e-02,-1.286038e-02,2.923823e-02,-3.218535e-02,3.472848e-02,2.466947e-01,-1.320763e-01,-8.705272e-02,-1.060631e-01,4.419696e-02,-8.330281e-02,1.641598e-01,1.330474e-01,3.060055e-02,6.317841e-02,-1.318875e-01,6.422455e-02,1.393203e-02,-1.393690e-02,-1.006255e-01,-1.600829e-02,-1.681049e-02,-5.805915e-03,-4.112458e-03,4.478371e-02,-2.318688e-02,-3.068605e-03,-1.602944e-02,7.461675e-02,-1.191421e-02,-1.369853e-01,9.057467e-02,1.871552e-02,-1.246820e-01,1.521611e-01,4.479356e-02,-1.232870e-01,-6.116454e-02,4.497964e-02,7.138486e-02,3.139676e-02,2.836598e-02,9.974597e-02,-1.982372e-02,-3.828739e-02,1.767818e-02,7.665780e-02,
-5.325723e-02,1.316520e-02,-1.072578e-01,-3.383667e-02,3.469632e-05,-1.313402e-01,-1.090827e-01,-5.738381e-02,3.855460e-02,-1.841141e-02,-8.623140e-02,-7.193559e-02,-2.516980e-02,4.849071e-02,2.618744e-02,6.314026e-02,1.464722e-02,1.904455e-02,-1.130612e-01,4.383139e-02,8.830638e-02,-3.740025e-03,-1.814967e-02,-3.844070e-02,-1.924043e-01,-8.493102e-02,5.047070e-03,9.445174e-03,1.173532e-01,7.764363e-03,-7.984743e-02,5.986308e-02,1.279871e-03,-4.204335e-02,3.536924e-02,-2.039094e-02,-4.192374e-02,4.958270e-02,-6.178257e-03,-2.234349e-02,-2.246340e-01,-1.012898e-02,4.815467e-02,-2.515579e-02,-3.501066e-02,2.651999e-02,1.149312e-01,3.239025e-02,1.160467e-01,-5.848810e-02,
-1.621439e-02,1.646021e-01,-1.457629e-01,-2.085074e-03,-4.281684e-02,-9.617676e-02,-6.603548e-02,7.523728e-02,6.061985e-02,3.920033e-02,-8.466808e-02,-3.589396e-02,-5.675674e-02,7.684240e-03,1.462684e-01,-1.759515e-01,-7.890900e-03,-6.827219e-02,1.924360e-02,1.080067e-01,5.981698e-02,7.267904e-02,2.065588e-02,3.637990e-02,-1.518553e-01,5.958589e-02,-1.336721e-02,3.130917e-02,3.680986e-02,2.315849e-01,1.308408e-01,7.046539e-02,-9.320261e-02,-1.014253e-01,8.385002e-02,9.117650e-03,1.370472e-02,-9.211203e-03,-8.426194e-02,7.878548e-02,1.478474e-01,-1.399862e-01,1.236754e-01,-2.634473e-02,3.934417e-03,-9.036725e-02,8.798356e-02,3.156303e-02,6.543146e-02,-5.707607e-02,
-2.662648e-02,2.436067e-01,-5.811526e-02,1.193336e-02,6.936548e-03,-8.549000e-02,-2.697233e-02,-6.794988e-02,7.424214e-03,2.582734e-02,-7.472286e-02,2.520639e-02,-7.698962e-02,1.570448e-01,-6.017651e-02,-1.116972e-02,-1.688399e-02,3.420402e-02,-8.505194e-02,2.271119e-02,8.105374e-02,2.391366e-02,1.908609e-02,-4.500042e-02,4.837174e-02,-8.585072e-05,-2.285158e-02,-7.077639e-02,7.137421e-03,3.326457e-02,1.736695e-01,4.441660e-02,2.021435e-01,1.139496e-02,-1.922239e-02,3.506769e-02,-5.461049e-04,7.130817e-02,1.767448e-02,3.781260e-03,8.945888e-02,-1.498864e-01,-3.064480e-02,-4.840388e-02,-8.722755e-02,-5.235766e-02,-6.590638e-02,1.044812e-01,1.682574e-02,6.884806e-04,
-7.057161e-02,6.592531e-02,-1.856266e-02,5.435762e-02,2.117874e-01,-1.241892e-01,2.781476e-01,-1.460616e-01,-3.144374e-02,-6.160293e-02,-5.075297e-02,1.830280e-01,2.417584e-02,7.082920e-02,-1.152164e-02,-3.728485e-02,-2.465945e-02,1.229808e-02,-1.954728e-02,1.789882e-01,2.054849e-02,-2.347072e-02,-2.515694e-02,-5.111992e-02,3.033698e-02,-3.451402e-01,4.383507e-03,2.455229e-02,-1.772441e-01,-1.990897e-01,7.788983e-03,6.453462e-02,-9.328949e-02,4.182231e-02,3.230332e-02,4.110924e-02,1.205004e-01,2.248234e-03,-1.006694e-01,-9.212412e-02,4.411645e-03,4.099061e-02,-8.114323e-02,-6.512511e-02,-1.325193e-01,-1.115032e-01,-1.697661e-02,-1.603630e-01,-1.673371e-03,-4.688472e-02,
-1.322206e-01,-1.406629e-01,-2.702158e-02,-3.013570e-02,3.715543e-02,7.981911e-03,-6.017379e-02,-8.119162e-02,-7.097307e-02,-4.835578e-02,-9.154065e-02,6.214022e-02,-3.419479e-02,-5.074505e-02,-1.089377e-01,-2.026788e-02,1.814841e-02,-1.410400e-01,2.273658e-01,3.496280e-02,4.984170e-02,-1.239985e-01,-5.735030e-04,-3.845312e-02,-1.585150e-01,3.384859e-02,-1.526829e-01,6.271730e-02,-2.676038e-01,9.361226e-02,-1.206286e-01,2.233142e-02,7.333682e-02,-1.438961e-02,7.097106e-02,-1.845665e-02,-6.802129e-02,-1.316347e-01,-8.134348e-02,-4.988000e-03,9.046750e-02,5.726198e-02,-1.012429e-01,3.249049e-02,-1.422697e-01,6.391163e-03,-8.273377e-02,-3.976663e-02,8.184657e-03,-4.889732e-02,
-1.284711e-01,-1.609876e-01,2.322047e-02,2.420763e-01,-4.752924e-02,5.227326e-02,9.206300e-03,-2.743043e-03,-7.697548e-02,1.940819e-01,4.611014e-02,7.013434e-02,-2.911962e-02,-1.116491e-01,-1.633199e-01,-6.807115e-02,1.073718e-01,-1.456018e-02,8.249368e-02,1.805755e-02,-4.211894e-02,4.478610e-02,2.170768e-01,-1.570020e-02,1.102584e-03,1.084864e-03,-1.607838e-01,-2.211360e-01,8.856292e-02,1.590062e-02,-3.798671e-02,-2.542079e-02,4.755530e-02,-1.973614e-02,1.371103e-01,1.324196e-02,-6.801508e-02,-8.804547e-02,1.133768e-01,-2.643869e-02,3.145184e-02,-6.510927e-04,3.304441e-02,-2.120584e-02,5.288951e-02,-6.658303e-02,1.230266e-01,3.546212e-02,7.141005e-02,-9.382920e-02,
-1.271686e-01,-8.415810e-02,7.659778e-02,-7.072188e-04,-8.193464e-02,1.681792e-01,7.014318e-03,-8.070780e-03,2.714220e-03,-1.090321e-01,9.704765e-02,5.489017e-02,5.645303e-02,-1.733670e-01,-1.290992e-02,-5.093167e-02,-1.030338e-01,7.375583e-02,-1.247512e-01,-2.008621e-02,-4.745436e-02,6.317680e-02,-5.557763e-03,3.006786e-02,1.507437e-01,4.423489e-02,-7.405132e-02,-3.418209e-02,1.417278e-02,-6.365579e-02,1.102650e-01,-4.754462e-02,6.223708e-02,-3.747778e-02,-8.632422e-02,1.247328e-01,-1.864717e-02,-5.521666e-02,-1.325427e-02,-2.990748e-01,-2.521733e-02,5.070703e-03,1.031249e-01,-9.838564e-02,-3.984397e-02,-1.637596e-01,-4.153343e-03,1.057805e-02,-1.148901e-01,4.631640e-03,
-5.568224e-02,3.428528e-02,-3.584552e-02,2.844969e-02,2.468411e-02,-2.658645e-02,-5.384924e-02,2.391625e-02,-4.692854e-03,-5.965105e-02,3.006888e-02,7.425674e-02,3.980516e-02,-5.050769e-02,7.292820e-02,1.265783e-01,1.304206e-01,-1.048153e-01,3.809260e-03,2.366207e-02,2.350479e-02,-7.669991e-02,-7.418303e-02,3.008958e-02,7.408430e-02,3.943620e-02,-1.686493e-02,-2.536968e-01,-2.040124e-01,1.302016e-01,-1.266757e-01,-3.084503e-02,-2.604370e-01,-3.193596e-02,-1.786614e-02,6.600016e-02,-9.741197e-03,-1.358855e-01,9.312537e-02,-6.707529e-02,-3.667926e-02,-8.763534e-02,1.128412e-01,-1.594045e-02,-1.753827e-03,2.798128e-02,-6.059036e-02,-1.680333e-02,-1.010329e-01,-9.918730e-02,
-4.068727e-02,1.040552e-01,-1.150779e-02,8.065880e-03,-4.044885e-02,-5.637826e-02,-5.047100e-02,-2.802761e-02,-9.755484e-03,3.372455e-03,7.166816e-02,3.374145e-02,-3.282431e-02,-3.263051e-02,-2.702600e-02,3.779321e-02,6.374886e-02,4.556205e-02,2.391013e-01,-6.544200e-04,8.988957e-02,2.914752e-02,4.576026e-03,-1.287164e-01,5.411318e-02,2.386794e-02,-1.077126e-01,1.410421e-01,-5.423862e-02,1.654660e-01,-9.617860e-02,-3.158212e-02,9.542435e-02,-1.029974e-02,-6.121101e-02,-1.312341e-02,-2.444872e-02,1.755243e-01,1.902483e-02,8.226247e-02,-7.052808e-02,-7.774015e-03,6.508744e-02,-1.519447e-01,1.390037e-01,-8.552145e-02,-5.931946e-02,4.864349e-02,-1.089539e-02,5.777753e-02,
-5.546644e-02,7.298482e-02,1.487715e-02,1.099731e-01,-6.972683e-02,2.209950e-03,-1.617954e-02,5.220163e-03,-4.258102e-02,4.160356e-03,1.691996e-01,5.601480e-02,9.889808e-02,-1.051409e-01,1.845791e-02,-2.143998e-02,1.731663e-01,4.585744e-03,1.412196e-01,-2.893919e-03,1.334519e-02,2.313864e-02,2.396333e-02,3.051959e-03,-1.420687e-01,2.128917e-02,5.576893e-02,1.398208e-01,1.997214e-02,3.315764e-02,-1.822820e-02,-2.057990e-02,1.367225e-01,5.997784e-02,-3.532182e-02,5.547247e-02,2.318687e-01,3.242679e-02,-9.475520e-03,-3.015226e-02,-3.956913e-02,5.674244e-02,-8.454204e-02,3.795795e-02,4.820860e-02,8.317887e-02,6.578380e-03,-6.798664e-02,1.210961e-01,-7.462403e-02,
-9.969799e-02,-6.238258e-02,2.519442e-02,-5.149488e-02,-1.826414e-02,4.041111e-02,-3.737002e-02,-2.846694e-02,-6.586380e-02,-3.859161e-03,6.492573e-02,6.286624e-02,3.488295e-01,-9.069660e-02,-6.506847e-03,-5.200385e-02,-3.165143e-02,1.938563e-02,1.198483e-01,-7.193486e-02,1.159654e-02,-9.968462e-02,-6.838201e-03,-2.751923e-03,-5.642718e-02,-3.078635e-02,2.573843e-01,9.642768e-02,5.328127e-02,8.106214e-02,6.456099e-02,8.262839e-02,1.399030e-03,6.444269e-02,1.173726e-01,1.328290e-01,-7.365661e-02,6.871110e-02,2.084265e-02,-7.746642e-02,5.010568e-02,-2.259186e-01,-1.255719e-04,1.089466e-01,3.689214e-02,4.988829e-02,1.665219e-01,-1.488302e-01,-9.051542e-02,-3.568560e-02,
-1.729876e-01,-1.694927e-01,6.063704e-02,-1.047775e-01,-7.359270e-02,2.019648e-02,-1.614356e-02,1.832189e-02,9.664391e-02,2.409190e-01,1.418344e-02,1.739394e-01,2.202200e-02,2.540670e-01,-2.809623e-02,-1.258826e-01,5.310514e-02,-1.882968e-01,-8.300995e-02,-1.071091e-03,1.818180e-02,1.515909e-01,5.695662e-02,-4.638631e-02,-2.531242e-02,-1.147781e-02,-4.778663e-02,1.071983e-01,3.655486e-02,9.663068e-02,1.129291e-01,4.855954e-02,-8.948885e-02,-1.255554e-01,4.713433e-03,-9.769126e-02,-1.021816e-01,-2.766891e-03,-5.747830e-02,-1.438161e-01,-6.219045e-02,-1.642498e-01,-7.380745e-02,1.316540e-01,2.846587e-02,-9.833565e-02,-8.740624e-02,2.170760e-02,-5.964407e-03,7.064076e-02,
-7.147318e-02,-3.735847e-03,-6.861780e-02,-5.663693e-02,7.682917e-02,3.317674e-02,-8.158907e-03,1.167294e-03,-1.585282e-02,-5.354882e-02,-1.054148e-01,7.645945e-02,-1.097618e-01,2.107682e-01,-2.967847e-02,3.841380e-02,-3.113780e-02,-2.653645e-03,-8.777141e-03,-1.146702e-02,-1.685723e-01,2.078511e-01,3.898509e-02,-2.128952e-02,-1.574194e-02,9.125158e-03,6.984321e-02,-4.305404e-02,5.621531e-02,1.582912e-02,-1.029156e-01,9.732895e-02,-5.688023e-02,1.618745e-02,5.214312e-02,8.361368e-02,3.765114e-02,2.192439e-03,-2.534812e-02,-1.811182e-01,-2.954877e-01,4.018632e-03,-5.853015e-02,-1.710995e-02,-3.692819e-02,6.024794e-02,-1.488360e-02,2.104610e-01,-4.196827e-02,-1.364604e-01,
-7.323531e-02,-2.736816e-02,-1.761666e-01,-7.664281e-02,1.434309e-02,-1.066616e-01,2.428365e-01,1.913913e-01,-5.279911e-02,3.377348e-02,-1.023863e-01,7.714136e-02,-1.209540e-01,-1.679253e-01,3.750774e-02,-6.351193e-02,-1.913545e-01,1.596423e-01,5.029436e-02,-7.610723e-02,4.173966e-02,6.276843e-02,7.395076e-02,-6.586692e-03,-6.732033e-02,1.188129e-01,-8.981310e-04,1.425961e-01,1.932929e-02,6.488599e-04,-4.083499e-02,5.303688e-02,2.173264e-02,-7.624238e-02,3.953242e-02,3.830483e-02,8.256818e-02,-3.770833e-02,2.558870e-01,1.808088e-01,-2.097104e-01,1.540156e-03,-7.611580e-02,-1.508721e-02,-2.946946e-03,1.062585e-01,6.927846e-02,2.603408e-02,1.190194e-01,-1.177624e-02,
-9.827058e-02,-3.892342e-02,-8.393035e-02,-7.846980e-02,-5.861941e-02,-4.971638e-02,-6.292585e-02,-1.365656e-02,-6.901502e-02,-2.129994e-02,-4.289514e-02,-5.395218e-03,-6.177986e-02,-9.543917e-02,-3.373140e-02,-1.196866e-01,-5.309784e-02,-4.965201e-02,-1.350256e-01,6.538429e-02,1.866308e-02,-7.223179e-02,-2.990280e-02,-4.715233e-02,-1.188762e-01,2.639944e-02,-2.100495e-02,-5.592318e-02,-1.781784e-02,-2.195922e-01,-5.426019e-02,-1.057451e-01,-2.164316e-01,-3.736409e-02,7.836591e-02,9.734983e-02,4.816741e-02,-7.620997e-02,2.451429e-01,6.010974e-02,1.201821e-01,3.912394e-02,3.428848e-02,-1.734295e-02,7.697411e-02,4.739511e-02,1.202552e-01,-8.414171e-02,9.654990e-02,1.155472e-01,
-8.461551e-02,-5.130531e-02,-2.433144e-01,2.334649e-01,6.902910e-03,6.370568e-02,3.114956e-02,-3.833899e-02,2.304463e-01,-6.545767e-02,1.139666e-02,-7.320434e-02,6.494992e-02,1.723139e-01,-1.054888e-01,7.007715e-02,-8.044280e-02,1.136957e-01,4.521406e-02,-6.976938e-02,4.003578e-02,-2.347354e-02,5.376123e-02,-6.420538e-02,-3.092224e-02,9.563922e-02,1.470103e-01,-3.906754e-02,7.488794e-03,2.731855e-03,-4.222023e-02,-4.902562e-02,-5.112796e-02,-2.350533e-02,-4.175384e-02,-7.944224e-02,1.531905e-02,8.328331e-02,-3.398854e-02,1.224805e-02,5.478078e-03,-1.682947e-01,-1.020274e-01,-4.393349e-02,4.320444e-02,-1.408837e-01,2.941242e-02,-7.410847e-02,-6.519465e-02,7.220837e-02,
-4.025611e-02,-4.256249e-03,-2.120362e-01,2.662853e-02,1.773384e-02,1.412884e-01,-3.637446e-02,-3.521303e-02,-3.001710e-02,-3.510668e-02,4.035944e-02,5.341674e-03,-3.983245e-02,2.033289e-02,-7.257922e-02,3.075625e-02,-6.053897e-02,-1.634808e-01,7.913698e-02,6.500210e-02,-4.185646e-02,-1.303268e-01,-6.971940e-02,-2.608776e-02,3.502014e-02,8.016114e-02,-3.708739e-03,8.617102e-02,1.362205e-01,-7.392698e-02,-5.984844e-02,5.133375e-02,-4.523778e-03,4.040445e-02,1.380916e-03,-1.158218e-01,2.532079e-01,1.048438e-01,5.763699e-02,9.956253e-03,-3.498860e-02,-1.561090e-01,5.179816e-02,-2.486561e-02,1.276093e-01,1.339439e-01,-6.960322e-02,-1.299285e-01,-1.062940e-01,5.985932e-02,
-4.201043e-02,2.999611e-02,-2.359575e-01,-3.579202e-02,-4.619535e-02,8.454434e-02,4.959516e-02,-7.651327e-02,-5.283430e-02,1.318320e-01,-1.502423e-01,3.986891e-02,-8.440158e-02,-2.186554e-01,1.093411e-01,7.346161e-03,9.856607e-02,-1.346701e-01,-1.697012e-03,5.187788e-02,-9.928698e-02,-5.277950e-02,3.123127e-03,-1.009729e-01,-5.007053e-02,-2.387763e-03,1.968573e-01,1.690541e-03,-3.001988e-02,-9.932370e-03,2.573927e-02,8.316712e-02,3.975870e-02,8.669916e-02,-9.456778e-02,-7.676377e-02,5.629572e-02,5.128022e-02,-6.279105e-02,-1.410782e-01,1.469477e-01,4.512083e-02,-1.740385e-02,6.106744e-02,1.504281e-01,3.420847e-02,-3.518552e-02,1.302298e-01,9.134510e-03,5.229350e-02,
-8.841057e-02,7.240787e-02,-4.333460e-02,-5.738120e-02,-8.497400e-02,3.218021e-02,1.165238e-02,-7.797001e-02,-3.921526e-02,-1.016563e-02,-1.222823e-02,5.826231e-02,-1.070685e-03,-4.649466e-02,-2.903605e-02,-3.271017e-05,-1.142421e-02,6.664646e-02,1.289363e-01,-4.193973e-02,5.878774e-02,2.889013e-02,2.030174e-02,-1.600861e-01,1.091440e-03,2.133543e-02,3.509343e-01,-2.714737e-02,2.865540e-02,4.207527e-02,-8.997792e-02,-1.497465e-01,5.009229e-02,7.694463e-02,1.662655e-01,-1.234622e-03,-4.259793e-02,-2.196619e-02,6.802615e-03,-4.185028e-02,7.165733e-02,1.632849e-01,1.941934e-02,6.986113e-02,-9.284636e-02,-2.004997e-01,1.457308e-01,-8.294094e-02,1.092465e-01,9.640660e-02,
-1.429136e-01,1.191374e-01,1.067905e-01,-6.242821e-02,-7.194009e-02,-1.208484e-02,1.520706e-01,-1.079027e-01,2.255599e-03,-4.226930e-02,1.629498e-02,1.143674e-01,-1.007593e-01,2.384322e-02,9.428083e-02,2.398052e-03,1.206807e-01,8.139679e-02,2.290838e-01,-1.642360e-01,1.611260e-01,3.568283e-02,2.289537e-02,1.801865e-01,-1.879394e-02,1.156726e-01,-1.180022e-01,-1.829077e-01,9.371187e-02,-1.421780e-01,2.167890e-02,1.194083e-01,1.730355e-02,-4.143220e-02,1.790247e-03,-2.193200e-01,-2.371834e-02,-1.682982e-01,8.699705e-02,-1.686263e-01,-8.680178e-02,-6.103334e-02,1.609521e-02,-7.964646e-02,-3.429268e-03,1.081815e-02,-1.483806e-01,-5.742635e-02,2.423832e-02,4.198680e-02,
-1.789161e-01,6.324382e-02,1.247998e-01,-8.702665e-02,1.131586e-02,-5.327213e-02,6.489090e-03,-1.038828e-01,-6.580152e-02,-9.554801e-02,-4.243714e-02,-3.381299e-02,-1.042144e-01,7.523818e-03,-5.041331e-02,1.170221e-01,-8.218509e-02,9.967802e-02,-7.282514e-02,-7.703281e-02,-2.600293e-01,-6.865222e-03,-5.217733e-02,1.031233e-01,-4.048980e-02,-5.361329e-04,-1.021380e-01,-1.473186e-01,1.373889e-01,-3.956974e-02,-6.877290e-02,3.777613e-02,-1.062492e-01,5.027671e-02,9.776148e-02,-6.457821e-02,1.378218e-02,1.411355e-01,-2.271476e-01,1.837464e-01,8.897597e-02,3.771727e-02,2.630791e-02,-9.097190e-02,2.140983e-01,7.023178e-02,-8.843965e-02,-5.421741e-02,-6.967186e-03,-6.686689e-02,
-1.616867e-01,-6.383069e-02,3.873381e-02,-8.390734e-02,1.563230e-01,-1.819723e-01,5.216606e-02,1.747845e-01,-1.194618e-01,-7.872263e-02,2.511169e-03,-1.472477e-01,-6.314077e-02,-1.004563e-01,6.109690e-02,3.588266e-02,2.283583e-02,6.795851e-02,-2.017338e-01,2.928348e-02,-5.288660e-02,-7.414459e-02,-2.330914e-02,-1.965714e-01,7.388030e-02,-3.623943e-03,4.064163e-04,2.886261e-01,7.035949e-02,-3.639408e-02,-6.252910e-02,-1.027491e-01,-4.240567e-03,4.933129e-02,4.649471e-03,-1.792012e-01,2.933588e-02,-9.916106e-03,-1.622248e-02,-2.551794e-02,8.907016e-02,-1.604831e-01,-1.400910e-01,-7.430367e-02,-1.598860e-01,-5.734650e-02,4.032406e-02,1.506911e-01,9.364461e-02,-8.662966e-02,
-1.031536e-01,-1.687170e-02,5.536024e-03,-2.975834e-02,2.098053e-02,-2.710080e-02,9.482909e-03,1.166352e-02,-5.874116e-02,-5.286119e-02,9.547983e-03,-8.270298e-02,1.399655e-01,5.468596e-02,1.197376e-02,-2.825928e-01,-4.608657e-02,6.373752e-02,-4.338528e-02,-3.875640e-02,6.477904e-02,3.781108e-02,5.644822e-02,-9.683445e-02,1.052377e-01,4.981911e-02,-2.893048e-02,9.397047e-02,-2.369934e-01,2.579495e-02,-6.478191e-02,-2.969129e-02,1.045654e-02,-3.929927e-02,-1.349220e-01,-7.084262e-02,5.379724e-02,-4.716881e-03,1.437512e-01,-1.594317e-01,-9.264937e-02,1.159548e-01,-5.350405e-02,2.643422e-02,1.223234e-01,6.893734e-02,-1.399729e-02,6.055451e-02,1.202474e-01,2.653090e-02,
-2.422700e-01,3.969304e-02,2.025164e-01,2.516492e-02,-1.219607e-03,-8.504060e-02,-3.952381e-02,5.080650e-03,9.935037e-03,2.073827e-01,5.450443e-02,-3.046146e-01,-2.772778e-02,3.036869e-02,-9.679722e-02,1.782840e-01,-3.975721e-02,1.393485e-01,5.777413e-02,4.010995e-02,-2.959208e-02,-3.721251e-02,1.672897e-01,-4.454342e-02,-3.161683e-02,-1.261177e-01,8.139177e-02,-5.380119e-02,-1.137847e-01,6.636923e-02,6.913085e-02,-6.193629e-02,-8.699256e-02,-2.874674e-02,-6.216477e-02,-6.039632e-02,9.347075e-02,-3.943190e-02,-6.049138e-02,-8.536987e-03,8.633849e-02,1.354175e-01,-8.750680e-02,2.686811e-02,-3.079484e-02,9.373264e-02,-4.156938e-02,-1.531816e-01,-2.323308e-02,-1.498103e-01,
-1.578032e-01,-8.706500e-02,-6.572402e-02,-1.067274e-01,-6.864895e-02,-4.682898e-02,-1.141537e-02,-6.903030e-02,-7.344839e-02,-1.782798e-02,-5.421997e-02,-1.739601e-01,-1.363320e-01,-1.637353e-02,-7.246593e-02,9.846234e-02,-1.821931e-02,-1.256137e-01,8.733159e-02,1.006301e-01,2.124569e-01,-7.109809e-02,-1.027771e-02,-8.959806e-02,4.448236e-02,-3.090296e-02,-6.077293e-02,1.057513e-01,2.487901e-01,5.591538e-02,2.296720e-02,-1.356979e-02,-7.134949e-02,3.069354e-02,-9.804185e-02,-1.984427e-02,-8.163467e-02,-1.316280e-01,8.191045e-03,-2.075849e-02,5.033837e-02,-5.613752e-02,-4.415555e-02,8.655071e-02,8.045997e-02,-7.150516e-02,-8.226750e-02,-9.015333e-02,-1.596683e-01,2.698122e-02,
-3.480975e-02,2.856348e-02,-2.930457e-01,-6.162528e-02,6.434898e-02,-1.232552e-03,1.978357e-01,1.944270e-02,-5.492213e-02,3.626088e-02,-4.322840e-02,-7.454069e-02,1.649448e-01,-1.403035e-01,5.744610e-02,7.994388e-02,-1.372320e-02,-2.121186e-01,-8.216993e-03,-3.828768e-02,1.895957e-02,7.893211e-02,2.492398e-02,-6.755266e-02,-2.427953e-02,2.835616e-02,-8.374750e-03,-2.563706e-02,-3.612005e-03,3.644497e-02,-1.210422e-01,-1.338811e-02,6.514950e-02,3.863110e-02,-5.137598e-02,-1.114286e-01,-4.728801e-02,-1.874473e-02,-2.123952e-01,-1.303065e-02,9.999103e-02,2.847995e-02,1.024927e-01,-7.649399e-03,9.660781e-02,1.545754e-02,-2.415664e-02,8.996249e-02,-1.589481e-01,-3.562222e-02,
-2.689409e-02,7.962598e-02,-1.708494e-01,-3.856113e-02,3.340829e-02,2.542101e-01,-5.220698e-02,6.893412e-02,-9.547537e-02,-4.346745e-02,1.436587e-01,-2.580410e-02,1.356661e-01,1.979669e-01,-4.955866e-02,-1.517574e-03,-3.663746e-02,1.404799e-01,-3.328691e-02,1.381568e-04,5.044892e-02,7.540372e-02,9.922870e-02,4.072342e-02,1.823174e-01,2.408611e-02,3.464987e-02,-3.359912e-02,-2.657140e-02,3.048777e-02,-1.101391e-01,-9.635916e-02,-2.497842e-02,3.211648e-02,2.016894e-02,-1.335029e-01,-7.882114e-02,7.676977e-03,-5.142506e-02,1.697212e-01,1.178057e-01,2.265948e-02,3.760943e-02,6.849991e-02,2.219122e-03,-7.020895e-02,-5.872305e-02,8.238082e-02,2.171927e-01,-7.722328e-02,
-4.310201e-02,5.313549e-02,-1.658869e-01,-4.629075e-02,4.467063e-02,-3.022401e-03,-1.178766e-01,1.213003e-01,-9.240662e-02,-5.419402e-03,1.188353e-01,2.347567e-02,-1.088877e-01,1.280748e-01,1.458911e-01,-1.226084e-01,9.607687e-02,1.982424e-01,-7.233301e-03,5.019404e-02,1.093549e-01,-1.814559e-01,1.191263e-02,-3.539691e-02,-2.882952e-02,3.049124e-02,7.676101e-02,-5.328290e-02,5.864350e-02,5.708536e-02,1.281810e-01,-3.218565e-02,-1.132164e-01,-6.295387e-03,-4.387971e-02,-7.579022e-02,4.542980e-02,-3.045908e-03,-7.297761e-02,-1.453657e-01,-2.423712e-01,1.419657e-01,-1.683047e-02,-7.313965e-02,2.508894e-02,-4.362497e-03,1.276631e-02,-8.606189e-02,5.979846e-03,-1.033362e-01,
-8.053040e-02,5.780378e-03,-4.247264e-02,-5.416321e-02,5.646129e-02,-9.488937e-02,-1.023814e-01,-1.227057e-02,1.069546e-01,-7.616778e-02,1.093862e-02,1.052079e-03,4.206683e-02,-4.164366e-02,-6.159071e-03,-6.208992e-02,-2.161867e-02,2.357058e-04,-1.953915e-02,3.607206e-02,-6.965416e-02,6.432441e-02,-7.027897e-02,-2.299401e-02,-4.667591e-02,1.921201e-02,-7.923717e-02,-4.435588e-02,1.130440e-01,7.886117e-02,-3.069810e-02,-5.610044e-02,-2.363860e-02,-1.113651e-01,1.023552e-01,-2.810302e-03,5.859678e-02,-3.086839e-02,-9.927765e-02,2.128659e-02,-1.292659e-01,1.644713e-01,-6.114214e-02,5.588177e-02,-1.107708e-02,1.361155e-01,-4.785825e-02,-1.296788e-01,4.836733e-02,2.194585e-01,
-8.852405e-02,-4.950249e-03,7.869386e-02,6.512886e-02,1.466736e-01,-5.955212e-02,-4.217028e-02,1.175811e-01,-2.233096e-02,-9.947681e-02,1.223237e-02,4.067948e-02,4.613565e-02,-4.212830e-02,1.578809e-01,-1.711516e-01,1.285627e-01,-1.334138e-01,-2.621262e-02,6.542668e-02,-2.068530e-01,-6.904732e-02,-5.852809e-02,-8.524160e-02,1.173052e-01,8.820091e-02,-3.109505e-03,4.888778e-02,3.249825e-03,-2.131223e-02,-8.958333e-03,-5.084867e-02,-2.667598e-02,-3.548460e-02,6.164845e-02,-2.323536e-01,6.820966e-02,-8.640853e-02,1.628086e-02,3.578640e-02,1.113418e-02,3.688413e-02,1.139900e-01,1.015705e-01,-6.614430e-02,-4.414217e-02,4.740096e-02,3.939936e-02,3.366390e-02,-5.940652e-02,
-1.150848e-01,9.697356e-02,1.370537e-01,-6.472072e-03,6.332879e-02,6.831011e-03,-3.591956e-02,4.422904e-03,-3.625626e-02,6.994533e-03,1.502508e-02,-2.682900e-02,5.087919e-02,-1.531200e-02,-1.876321e-02,-2.279616e-02,-6.144108e-02,-1.414055e-02,5.714456e-02,4.566297e-03,-1.610125e-01,-1.579482e-02,4.887086e-02,1.118731e-01,-4.387081e-03,1.544271e-02,-7.901852e-05,2.614568e-02,-1.937663e-01,-1.791294e-01,-5.666470e-02,-2.535224e-02,2.335126e-02,-5.239559e-02,-8.550149e-02,-2.158810e-01,4.883502e-02,1.592556e-01,1.635963e-01,-1.206421e-01,1.704564e-02,-1.583248e-01,1.398684e-01,-2.701319e-02,6.342250e-02,5.883350e-02,1.201529e-01,8.688055e-02,6.442420e-02,-5.208831e-02,
-1.073911e-01,-5.464256e-02,6.397681e-02,-6.197901e-02,-4.521916e-02,1.421665e-01,7.595029e-02,-2.602906e-02,2.321258e-01,-5.996187e-02,5.741013e-02,1.733394e-02,-7.032983e-02,5.713096e-02,1.471983e-01,-2.729783e-04,4.697643e-02,9.730029e-02,-3.827858e-02,7.538963e-02,-1.825097e-02,-1.665119e-01,-1.232388e-01,3.390107e-02,-3.201979e-02,-2.867388e-02,3.471222e-02,2.946734e-02,-2.031544e-02,1.188745e-01,-3.988835e-02,-5.795557e-02,1.060256e-03,-9.229386e-02,-9.404833e-03,-5.331685e-02,-2.225228e-02,5.729707e-02,3.215947e-02,-1.249542e-02,1.295657e-01,1.083967e-01,-1.874968e-02,1.353594e-01,4.173633e-02,1.409738e-01,3.109688e-02,1.936690e-01,4.654978e-03,-4.585743e-02,
-1.190150e-01,-8.427899e-02,4.805527e-02,-7.470515e-02,7.561900e-03,6.768701e-02,5.276096e-02,-3.982800e-02,2.948659e-02,-1.109312e-01,-1.167049e-03,-9.093559e-02,-3.172873e-02,9.282071e-02,-1.768331e-03,8.205821e-02,3.097741e-02,-2.519142e-02,-9.428676e-02,1.045506e-01,1.516935e-01,4.883413e-03,-2.177280e-02,-5.067769e-02,6.211436e-02,-1.154423e-01,-1.967073e-02,-5.762303e-02,2.087727e-02,7.316241e-02,-5.981479e-02,1.542852e-02,6.603961e-02,-3.752753e-02,-5.517285e-02,9.608444e-02,-6.474915e-02,-7.322275e-02,1.499433e-02,1.023015e-01,-7.877636e-02,2.069535e-02,-4.659798e-02,5.332541e-03,1.103087e-01,-1.354705e-01,3.915274e-02,-1.916935e-02,1.949360e-02,-6.682780e-02,
-7.664443e-02,-3.344791e-03,-7.517018e-02,-5.742694e-02,1.299206e-01,4.939416e-02,2.641005e-01,2.380474e-01,-8.297572e-02,-4.220190e-02,8.433149e-02,-1.622220e-01,7.809214e-02,-1.528315e-01,-1.287205e-01,3.871674e-02,4.610764e-02,-1.189514e-01,-3.328608e-02,4.190022e-02,1.712494e-01,1.290611e-01,7.749017e-02,1.680411e-02,1.017648e-01,6.953857e-02,-4.692747e-02,-5.851563e-02,8.290105e-02,-6.029307e-02,1.000782e-01,1.418993e-01,9.606393e-03,-6.079128e-02,3.433373e-02,8.611933e-02,1.123570e-02,-2.234812e-03,-2.030031e-01,-4.015623e-02,-2.593311e-02,2.996342e-02,2.076969e-01,-4.637214e-02,6.407550e-03,-7.677181e-03,4.850119e-02,-1.223468e-01,6.477304e-02,5.394602e-02,
-5.408771e-02,1.528979e-01,-7.581989e-02,-2.219975e-02,1.100251e-02,-9.399974e-02,-2.673168e-02,-2.134382e-02,-3.855095e-02,1.469638e-02,-6.940495e-02,-2.947192e-02,1.246010e-01,-5.266755e-02,-1.405411e-01,-1.750879e-01,-5.824151e-03,2.967068e-03,9.574640e-03,6.477886e-02,6.850522e-02,-2.476836e-02,-4.128033e-03,2.431091e-02,4.273179e-02,2.748391e-02,-1.268834e-01,-2.312912e-01,1.011874e-01,1.414314e-02,2.182193e-01,2.750665e-02,-1.010773e-02,-6.176052e-02,2.353374e-02,8.281277e-02,9.278693e-02,2.142443e-01,-3.691217e-02,-7.386057e-02,1.135644e-01,2.201415e-01,-1.410127e-01,1.695884e-01,-9.041581e-02,3.460507e-02,1.092715e-01,1.954604e-01,-2.349829e-02,6.559183e-02,
-7.091840e-02,9.474945e-02,-5.069583e-02,2.878022e-01,-7.179990e-03,-1.640420e-01,4.081255e-02,-4.994215e-02,-8.487635e-02,-9.066750e-02,-1.883295e-01,1.302441e-01,-1.010981e-01,-4.321133e-02,-5.464267e-02,-8.612192e-02,7.517434e-03,3.597288e-02,3.958630e-02,1.383385e-01,1.367230e-02,-2.512117e-02,7.738247e-03,2.417189e-02,9.426243e-02,-7.241063e-02,-8.387046e-03,1.909893e-02,-4.481096e-02,1.282272e-02,1.728447e-01,-9.207861e-02,-7.922022e-02,7.173415e-02,5.261719e-02,-3.403667e-02,-1.513347e-01,1.075229e-01,-3.461236e-02,-7.254620e-02,2.021769e-02,4.772161e-02,-1.052150e-01,-6.550213e-03,4.900803e-02,-3.045097e-03,-7.296069e-03,3.746613e-02,-1.044660e-01,-6.327927e-02,
-6.257514e-02,5.074364e-02,-4.845567e-02,1.461414e-02,2.014786e-02,-9.882969e-02,-6.402457e-02,-8.067418e-02,5.913938e-02,-3.977247e-02,-8.143989e-02,2.306659e-02,-1.112729e-01,-1.195409e-02,-8.616398e-03,3.715210e-02,-3.962172e-02,1.682634e-02,1.330416e-01,4.383341e-02,8.321729e-02,-2.798130e-02,-3.981677e-02,8.282134e-02,5.552121e-02,1.255056e-02,-8.049949e-02,1.734673e-01,-8.970432e-02,8.716318e-02,2.273586e-02,-1.162855e-01,1.407361e-01,-5.022869e-02,1.350549e-01,-1.303479e-02,9.624714e-02,-8.064342e-02,-7.853191e-03,7.603141e-02,-1.213058e-01,-1.160785e-01,6.616055e-02,1.563773e-02,-1.932550e-01,1.471912e-01,-7.293789e-02,-1.536892e-01,-7.255839e-02,-2.793388e-02,
-4.736112e-02,7.466419e-03,-2.611726e-02,8.828288e-03,1.009327e-01,-6.303142e-02,-4.560882e-02,-6.349320e-02,3.647199e-03,9.948657e-02,-2.520434e-03,2.022720e-02,4.888349e-02,8.007812e-02,2.630280e-01,-3.368811e-03,-1.651862e-02,-3.513512e-03,-3.406458e-02,-4.463559e-02,2.856382e-02,-3.425421e-02,1.086735e-01,6.541732e-02,-4.737859e-03,-7.537940e-02,-3.906358e-02,7.399506e-02,-1.258981e-02,7.754624e-03,2.791263e-01,5.173856e-02,9.809447e-02,4.483549e-02,-4.710601e-03,3.741570e-02,-9.121912e-02,-8.759571e-02,3.777564e-02,9.464906e-02,-4.140239e-02,-2.130909e-02,1.372850e-01,-1.633430e-01,-5.289653e-02,2.503028e-02,2.228826e-03,-2.927010e-02,-5.341063e-02,5.449819e-02,
-5.486884e-02,-1.827032e-02,-1.362068e-02,-3.787606e-02,3.119529e-03,1.438210e-01,-6.231209e-03,-1.026497e-02,1.927078e-02,-4.149167e-02,1.003359e-01,2.497616e-02,7.804850e-02,4.092237e-02,7.727581e-02,-2.156302e-02,-6.171123e-02,-9.243086e-03,-7.100486e-03,7.787174e-03,-3.450772e-02,3.354740e-02,3.511383e-04,7.895744e-02,-1.451979e-01,-2.407911e-02,-3.369303e-02,2.457832e-02,6.012671e-02,-8.387668e-02,1.114266e-01,-9.079542e-02,-4.778502e-02,2.487278e-02,-3.228293e-03,-2.577244e-02,-1.215503e-01,1.838382e-02,2.649628e-02,-6.831621e-02,-1.983144e-02,-2.727497e-02,9.031173e-02,-1.080468e-02,-3.699806e-02,3.586314e-02,1.900913e-01,-3.540702e-02,1.092937e-01,-1.767471e-01,
-4.196941e-02,4.003527e-02,-7.230167e-02,-5.584728e-03,2.623333e-02,-9.030451e-02,-7.871204e-02,2.905357e-01,-4.448269e-02,1.422653e-02,-9.876139e-03,3.769154e-01,-1.642250e-02,-7.132297e-02,9.797480e-03,1.463759e-01,-1.166015e-01,7.967492e-02,6.734619e-02,4.664259e-02,-3.198562e-02,-1.339094e-01,-6.645399e-02,-1.514202e-02,-3.188227e-02,7.179069e-02,4.233842e-04,-1.318176e-01,-5.705297e-02,2.794085e-02,-6.908236e-02,-3.221791e-02,-7.737536e-03,-1.288825e-01,-2.440366e-02,3.475289e-02,-2.918897e-02,-1.913576e-02,-9.670619e-03,8.805739e-02,8.711147e-02,4.717410e-02,6.659280e-02,6.839829e-02,5.747202e-02,-1.254761e-01,3.879935e-02,-3.399733e-02,-7.303715e-02,-3.326162e-02,
-2.861586e-02,6.710513e-02,-9.307512e-02,-2.794322e-02,-7.298502e-03,-9.946243e-02,-8.834086e-02,-2.994918e-02,-2.448768e-02,2.656807e-02,1.750031e-01,2.300838e-03,-6.333532e-02,-9.524472e-03,1.918773e-02,-8.599657e-02,-1.120762e-01,6.366050e-02,8.379431e-02,-5.483259e-03,3.547974e-02,-4.144304e-02,-3.547723e-02,-3.681695e-02,-1.019357e-01,2.042695e-02,-5.729593e-02,-7.416787e-02,1.049911e-02,-7.404964e-02,1.054131e-01,-6.533606e-02,-6.560503e-02,-1.712020e-02,5.172503e-02,3.612109e-03,-5.607776e-02,-9.251989e-02,-1.709761e-02,-1.488006e-02,4.691839e-02,-8.060250e-02,3.608681e-02,-4.444024e-02,1.238519e-01,1.336538e-01,-6.256492e-02,4.779114e-02,9.539325e-02,4.052809e-02,
-4.828008e-02,6.285187e-02,-5.449945e-02,-3.506436e-02,-6.362914e-02,-3.887180e-02,-4.736319e-02,-5.247685e-02,-1.310818e-02,1.629790e-02,2.142885e-01,-1.093203e-02,-1.138455e-01,4.704296e-02,1.646785e-01,-9.061203e-03,-3.735030e-02,-2.897676e-02,-6.875727e-02,-1.351814e-02,3.129388e-02,1.329009e-02,-2.664914e-02,5.242127e-02,-9.319485e-02,1.645468e-02,7.546410e-02,-4.885583e-02,-9.861689e-03,-9.664230e-02,1.026225e-01,2.519731e-02,1.328532e-01,9.725578e-03,-2.477105e-02,5.257262e-02,-1.019918e-01,-4.958267e-02,1.253567e-02,6.791481e-02,1.618444e-02,5.618723e-02,-2.383510e-01,2.528639e-02,1.962217e-02,7.645722e-02,-4.148792e-02,6.422319e-02,-1.094187e-01,-1.829666e-02,
-7.198228e-02,-3.319999e-02,-3.579833e-02,-5.492954e-02,-3.166765e-02,2.645467e-02,-3.731946e-02,-4.958592e-02,-4.025628e-02,-2.002028e-02,-1.630980e-03,2.593750e-02,-2.381632e-02,-4.438716e-02,-1.012820e-02,-1.119713e-02,1.243512e-03,-2.265764e-02,1.081827e-02,1.399737e-02,1.467825e-02,4.678291e-02,5.353948e-02,5.698307e-02,-1.076197e-02,2.896458e-03,2.680359e-01,-3.034271e-02,-1.077068e-01,-6.811816e-03,-3.083134e-02,1.863587e-01,-1.245725e-01,7.882622e-03,1.949109e-01,1.230505e-01,-7.125564e-03,-8.076087e-02,5.382145e-02,-2.207282e-02,-1.023453e-01,-7.562163e-02,-3.359729e-02,-1.473493e-02,7.072909e-02,1.109452e-02,2.152692e-02,1.895015e-01,-7.561268e-02,3.102354e-02,
-7.047681e-02,-2.855444e-02,-1.828616e-02,-4.492834e-02,4.646713e-02,-2.757444e-02,5.359253e-02,-8.111346e-02,1.610632e-01,7.761444e-02,-1.782171e-02,1.695905e-02,-6.160457e-02,6.606634e-02,-6.214915e-02,2.463559e-02,1.952568e-01,-1.239713e-01,-5.056297e-03,-1.419756e-02,4.421477e-02,1.734810e-02,2.091094e-02,1.558455e-02,1.479324e-03,7.436355e-02,-2.022496e-03,8.495883e-02,3.846500e-02,-5.079997e-02,-6.528222e-04,-6.214578e-02,1.957739e-02,-2.998254e-02,1.646039e-01,6.828881e-02,5.114294e-02,4.773661e-02,5.278097e-02,6.551837e-02,-1.203212e-01,7.917641e-02,4.541273e-02,3.162032e-01,-2.586678e-02,-4.799311e-02,-5.955120e-02,1.323997e-01,1.180329e-01,-6.129935e-02,
-5.313232e-02,1.547382e-03,9.629325e-04,-2.412617e-02,1.375234e-01,8.626110e-02,-2.514350e-02,-3.584166e-02,-7.893858e-03,-1.352389e-02,-5.926552e-02,1.398920e-02,-1.199001e-02,1.386902e-01,-7.189994e-02,3.708226e-02,7.650909e-02,-1.883731e-01,4.433486e-02,2.984961e-02,3.709081e-02,6.923645e-03,-1.886518e-01,-5.763068e-02,8.768075e-02,6.452219e-02,1.078484e-01,-3.685108e-02,8.067182e-03,-5.636146e-03,-9.535638e-03,3.668024e-02,6.599506e-02,2.510303e-02,-3.868973e-02,1.011195e-01,-5.970807e-02,1.368366e-01,3.611277e-02,-6.430372e-02,-1.227882e-01,1.616656e-01,1.047447e-01,-1.156511e-01,3.077596e-02,2.793869e-02,-1.624765e-02,3.217559e-02,8.186252e-02,-1.956918e-02,
-7.436938e-02,-4.188289e-02,1.934839e-02,2.084156e-01,1.702468e-02,6.664730e-03,5.400438e-02,2.683151e-02,-8.085929e-02,1.424608e-01,-8.735630e-02,-4.345782e-02,6.976433e-02,3.477670e-02,-1.024937e-01,-4.772133e-02,9.933860e-02,5.960766e-02,3.175724e-02,-1.979363e-02,6.982637e-02,7.208159e-02,-3.755160e-01,-3.193683e-02,-2.101885e-02,2.777226e-02,1.682488e-02,1.886125e-02,-3.609321e-02,7.363051e-02,-8.435431e-02,-6.085958e-02,-3.347925e-02,4.368652e-02,-1.958670e-02,3.114336e-02,-1.848244e-01,1.277823e-01,2.309895e-01,5.888532e-02,-1.325273e-02,4.267105e-02,8.356761e-02,-1.062965e-01,1.976504e-02,3.272008e-02,-1.417890e-01,-3.234013e-02,1.346592e-01,-5.094613e-02,
-7.986414e-02,5.245632e-02,6.078728e-02,4.295697e-03,-1.068089e-01,3.173666e-02,-1.475529e-03,1.488242e-02,-2.842085e-02,-1.124389e-02,-5.936946e-02,2.274970e-02,1.957912e-01,4.093121e-02,-1.167920e-02,-6.985957e-02,-9.247817e-03,7.781803e-02,-3.629313e-02,-2.243797e-02,6.617791e-02,-4.028662e-02,-4.716821e-03,-3.293420e-03,-3.708964e-02,-1.851909e-02,-1.144842e-01,5.482514e-02,2.516310e-02,1.113445e-01,-9.078394e-02,-5.641110e-02,-2.122251e-02,-1.326574e-02,-6.566311e-02,8.007432e-02,2.160352e-02,-4.950677e-02,1.277021e-01,9.761099e-02,1.463220e-01,8.763103e-02,-3.812898e-03,2.272254e-02,2.487626e-03,9.322071e-03,-7.118944e-02,7.544636e-02,-1.480944e-01,-1.171753e-01,
-5.341555e-02,-4.814952e-03,-5.729022e-03,2.984567e-01,9.892516e-02,-4.991447e-02,-2.455956e-02,2.663710e-03,2.297175e-01,-1.601472e-01,9.833755e-02,-7.565106e-02,-3.000399e-02,5.255678e-02,-7.260078e-02,4.863697e-02,1.221178e-01,1.586438e-02,6.873594e-02,3.716729e-02,9.545539e-02,-1.282482e-01,8.096704e-02,-4.184700e-02,-1.473951e-01,1.031144e-01,2.256629e-01,1.430369e-02,3.125622e-03,-2.494043e-01,3.490197e-02,-2.744820e-02,1.101431e-02,-2.259083e-02,-4.961592e-03,1.800842e-01,7.630692e-02,-4.859127e-02,-2.467959e-04,5.974316e-02,2.661314e-02,-3.715553e-02,6.746545e-02,-8.125808e-02,5.499837e-02,-5.176171e-02,-2.363673e-02,9.664955e-02,2.481563e-02,6.958952e-03,
-6.340577e-02,-1.197585e-02,-3.706638e-03,3.131472e-02,1.204891e-01,-1.023560e-02,-6.082130e-02,-4.766035e-02,-4.376651e-02,-1.064458e-01,3.046006e-01,1.048320e-02,-4.463624e-02,-2.431965e-03,-1.386056e-02,-9.655649e-03,-8.643914e-02,-1.953991e-02,3.657498e-02,-5.784715e-02,1.975115e-02,4.899761e-02,-3.958109e-02,-6.246663e-02,-4.864928e-02,5.828307e-02,-4.885232e-02,8.096114e-02,-2.558218e-01,8.733390e-02,1.397833e-01,1.797492e-02,-2.800606e-02,6.564824e-02,-2.041232e-02,-7.008161e-03,-1.976280e-03,8.650975e-02,-7.542749e-02,8.923623e-03,-6.740183e-02,9.993075e-02,9.771221e-02,-5.307321e-02,9.503689e-02,4.524844e-02,-1.732985e-01,4.890420e-02,-1.329964e-02,1.971415e-02,
-6.378498e-02,1.311242e-02,-1.209503e-01,-5.988153e-03,-1.365632e-02,-8.989257e-02,-9.371135e-02,-7.718403e-02,-6.258167e-02,-2.209430e-02,2.509075e-01,-1.653974e-02,-1.100609e-01,-1.363392e-01,6.852599e-02,2.118298e-02,4.644151e-02,-1.111678e-01,-1.399729e-01,2.588369e-02,-2.335368e-02,-3.438822e-02,-7.731180e-02,6.272074e-02,7.228236e-02,3.023967e-02,5.622526e-02,-1.375735e-01,-8.191255e-02,1.333233e-02,-3.525462e-02,-6.845222e-02,1.340046e-01,-3.538310e-03,-5.598197e-02,-1.791774e-02,-1.510170e-01,9.764972e-02,-1.441253e-02,1.787765e-03,-6.765047e-02,-2.377768e-02,-2.658644e-01,5.765942e-02,5.609632e-02,7.214972e-02,3.669032e-02,-5.949077e-02,8.655745e-02,4.383347e-02,
-8.270885e-02,1.036968e-02,-1.250001e-01,-6.010800e-02,-1.150710e-01,-1.236148e-01,-2.966276e-02,-1.091909e-01,-2.962522e-02,2.116966e-02,-7.764445e-02,1.272170e-02,-2.402392e-02,-9.682378e-02,-4.624084e-02,2.578886e-02,-2.241169e-02,6.039854e-02,-4.682469e-02,-9.221281e-03,4.821207e-02,-1.082688e-01,-4.329977e-02,1.052379e-01,2.140613e-01,5.489048e-03,7.005935e-03,-1.158067e-01,-2.107365e-02,2.662314e-02,-4.796585e-02,4.086770e-02,-1.365864e-01,-3.931995e-02,3.645407e-02,2.208413e-02,2.512877e-02,-2.026202e-01,3.426175e-02,1.419248e-02,3.102081e-02,-1.877621e-01,-8.035654e-02,-5.458541e-02,-4.470571e-02,-7.460685e-02,-9.133428e-02,9.126554e-02,2.591750e-01,6.960368e-02,
-1.073413e-01,-4.391868e-02,-4.030821e-02,-6.534194e-02,-9.706934e-02,-2.569595e-02,3.247737e-01,-6.105392e-02,2.137163e-02,-1.241731e-02,-4.656050e-02,1.241218e-01,-7.701135e-02,5.060775e-02,1.661871e-01,4.319429e-02,-1.029166e-01,1.152465e-01,7.505950e-03,-2.665816e-01,7.008633e-02,-6.857051e-02,9.306566e-03,5.652855e-02,-7.183034e-02,1.089024e-01,-6.548210e-03,6.187241e-02,6.405456e-02,6.428236e-02,-1.509018e-02,-4.153696e-02,-1.284742e-01,9.210701e-02,-1.036186e-01,1.125871e-01,-3.295697e-02,7.012656e-02,-5.383991e-02,-2.209176e-02,1.017930e-01,1.462164e-01,8.297390e-02,6.963934e-02,-2.715485e-03,2.314520e-04,-7.937648e-02,1.029276e-01,4.474601e-02,-1.332333e-01,
-1.103029e-01,-1.908505e-02,1.382732e-02,-5.454992e-02,-1.463364e-02,7.717074e-02,-1.711920e-02,-3.358370e-02,-6.242747e-02,-3.894991e-02,-1.014490e-01,6.416757e-02,-6.357776e-02,7.344527e-02,9.319623e-03,4.738565e-03,-6.482342e-02,-3.257704e-02,-3.815274e-02,-1.136303e-02,-1.003401e-02,-6.768492e-02,-9.724210e-02,-1.087617e-02,7.290281e-03,4.985691e-02,2.112259e-02,3.399163e-02,1.035247e-01,-3.014914e-02,-6.783567e-02,2.179983e-02,1.031832e-01,1.983964e-02,-1.006936e-02,1.154849e-02,-9.087335e-02,-4.858227e-02,-4.815366e-02,-8.272870e-02,9.949517e-02,-1.701914e-02,3.274724e-02,-1.140496e-01,9.603691e-02,8.701727e-02,-9.703387e-02,-9.369256e-03,-1.175743e-02,-8.720328e-02,
-7.058942e-02,-5.181026e-03,-2.459361e-02,4.127884e-02,8.124720e-02,5.845895e-02,-5.085006e-02,7.163297e-02,-6.468913e-02,3.083318e-01,-4.158567e-02,-6.710857e-03,-4.287554e-02,-9.163719e-03,4.817801e-04,-8.572460e-02,1.026130e-02,1.735929e-01,8.653532e-03,3.534842e-02,-2.700613e-04,1.843996e-01,-5.600188e-01,-2.897306e-02,7.090674e-03,-3.937925e-02,6.573905e-02,-7.694910e-02,5.369154e-02,-9.732041e-02,3.836923e-02,1.944808e-02,2.031701e-02,-9.884743e-02,1.985474e-02,-4.274508e-02,1.150539e-01,5.440931e-02,2.008271e-02,-1.594176e-02,8.640879e-02,-1.233757e-01,-3.040014e-02,-2.208395e-02,-2.985224e-02,-9.126909e-02,-7.198165e-02,-4.496781e-02,-9.104776e-02,-2.261436e-03,
-5.746893e-02,4.013844e-02,1.554603e-02,3.690644e-02,-7.134147e-03,1.272676e-01,-1.848775e-02,1.196946e-02,-2.015250e-02,-1.819926e-02,-1.056366e-01,-5.251059e-02,1.234981e-01,1.441412e-02,-1.869032e-02,-2.026094e-02,5.986162e-02,1.857432e-01,1.275763e-01,6.478252e-03,1.074213e-01,-5.455586e-02,-4.785615e-02,-2.614504e-02,-9.221156e-02,-2.632428e-02,-1.905792e-02,8.731655e-02,-1.126798e-02,-1.956900e-01,7.108928e-02,7.125668e-02,-1.286325e-02,1.773485e-02,-1.811330e-01,9.138098e-02,9.882107e-03,-4.319443e-02,2.704624e-02,-1.147158e-01,5.632528e-02,-1.020830e-01,-5.986985e-02,2.700062e-01,-7.959584e-03,1.971140e-01,-6.131040e-02,7.785041e-02,-1.186669e-01,4.118955e-02,
-1.172154e-01,-9.401592e-02,-5.370963e-02,-2.319740e-02,-5.006683e-02,-5.909641e-02,-5.942499e-02,-8.961156e-02,8.197285e-02,3.097160e-01,2.224944e-02,-1.933023e-02,2.320837e-02,-4.310406e-02,7.821908e-02,-1.317987e-02,-8.055858e-02,-4.575936e-02,1.110425e-01,1.704910e-02,3.197351e-02,-1.075514e-01,9.656774e-02,1.678881e-01,2.663682e-01,-2.597258e-02,2.552926e-01,5.329318e-02,8.407565e-03,-1.567015e-01,-7.026172e-02,1.068574e-03,6.936219e-02,-1.335746e-01,-5.454613e-02,1.582645e-01,-5.343243e-03,5.618309e-02,-8.029801e-02,3.801681e-02,1.521789e-02,1.583854e-01,1.065956e-01,-1.640724e-01,-5.692418e-02,-9.346288e-03,-1.766758e-01,1.850560e-03,8.724554e-02,-8.440840e-02,
-1.058601e-01,-4.355286e-02,-3.266218e-02,-2.539550e-02,-7.442734e-02,-3.022859e-02,-4.904292e-02,-7.478974e-02,-4.147366e-02,3.171767e-02,5.432558e-02,1.173531e-02,-1.282420e-01,-2.305983e-02,-3.148282e-02,-7.181626e-04,-6.558689e-02,-8.958605e-02,6.907354e-02,4.112685e-02,4.892015e-02,-4.096822e-02,-4.471635e-02,9.778273e-02,9.022954e-02,2.587876e-02,-5.897653e-02,1.197145e-01,1.333265e-02,1.091543e-01,2.020759e-02,-2.393426e-03,-3.740279e-02,-1.406771e-02,7.484059e-02,5.157907e-03,4.561722e-02,2.108293e-01,3.587719e-02,-8.296203e-02,1.999816e-02,-9.068795e-03,6.959482e-02,-3.363336e-02,1.272880e-01,9.385590e-02,1.228102e-01,-5.165388e-02,-7.286124e-02,-9.735511e-02,
-5.737380e-02,-9.015153e-03,-6.928903e-02,2.738020e-01,1.298231e-02,-6.311602e-02,8.002368e-02,-3.231632e-02,-9.168182e-02,-9.987101e-03,2.059722e-01,2.456859e-02,-6.360996e-02,-6.940966e-02,-3.139843e-02,-2.667394e-03,-5.877087e-02,-4.118189e-02,-8.461883e-02,-8.775468e-02,-5.207567e-02,1.038297e-01,-1.450879e-01,1.546545e-01,-1.251399e-02,1.225452e-01,1.341540e-02,2.728451e-02,-4.204268e-02,2.107417e-02,-2.582846e-02,9.678698e-03,1.517784e-02,1.111651e-01,6.986037e-02,-3.026323e-02,-5.579789e-02,2.386623e-02,-6.930706e-02,-2.044543e-02,-4.750416e-02,3.054266e-02,-9.203525e-02,1.283332e-01,1.084066e-02,-3.290862e-02,6.819261e-02,8.076831e-02,-1.107972e-01,2.393146e-02,
-4.175289e-02,3.181248e-02,-2.275838e-02,6.749417e-03,8.514175e-02,-3.104950e-03,-2.363127e-02,-2.142356e-02,-5.529478e-02,-3.205894e-02,1.045832e-01,-8.319231e-02,1.935312e-01,6.197743e-02,-1.199698e-02,8.606865e-02,4.560604e-02,3.524044e-02,-3.128826e-02,-4.810292e-02,1.029564e-01,-7.427826e-02,-4.559989e-02,7.697360e-02,1.006930e-01,-9.956028e-03,-7.222355e-02,2.107139e-02,-1.017036e-01,9.050906e-02,-5.841843e-02,1.367463e-01,-1.817652e-01,4.903658e-02,1.508459e-02,2.671349e-02,7.681173e-02,-5.231889e-02,1.110638e-02,1.270043e-01,5.001445e-03,-1.021784e-01,-1.415649e-01,9.871691e-03,-1.965115e-03,5.454216e-03,-3.930178e-02,2.244354e-01,1.123325e-02,2.896287e-01,
-6.097987e-02,2.653165e-02,1.984623e-02,-2.845916e-02,1.169483e-01,6.221869e-02,4.113682e-02,3.104381e-01,-9.788231e-02,-3.442536e-02,1.403659e-01,1.782801e-02,6.649956e-02,7.949357e-02,-4.544573e-02,-7.224007e-02,1.619433e-01,9.506566e-02,-1.793019e-02,7.174662e-02,1.589972e-01,-1.249674e-01,6.931444e-03,5.619814e-02,-8.128316e-02,1.047380e-01,-4.978280e-03,-7.247623e-02,1.075271e-01,1.835898e-02,-1.124752e-01,3.570061e-03,3.171434e-02,-6.395897e-02,3.138187e-02,1.284467e-01,1.044717e-02,-4.937286e-03,-1.356007e-01,-5.503061e-02,3.233403e-03,-9.595168e-02,-2.043203e-01,-1.353246e-01,5.863494e-03,4.565150e-02,-7.564851e-02,-3.853834e-02,-3.242011e-02,-5.712248e-02,
-5.949852e-02,1.148593e-02,2.084662e-03,-3.636447e-02,2.129657e-01,6.389030e-02,-6.838315e-02,2.738013e-02,-9.418688e-02,-8.712244e-02,-3.914670e-02,3.727845e-02,-3.784880e-02,4.754104e-02,-2.134638e-03,-1.992938e-01,-2.374218e-02,1.571594e-01,8.871595e-03,-1.555623e-02,2.534124e-02,3.323034e-03,1.290932e-02,-5.970597e-02,-4.807478e-02,6.246253e-02,-1.590209e-02,4.000770e-02,1.134148e-01,-5.325920e-02,-3.680429e-02,1.215609e-01,3.788572e-02,-4.689886e-03,8.151491e-02,1.749073e-01,9.174212e-02,-9.944451e-02,-6.667155e-02,3.913030e-02,1.084721e-01,9.775478e-02,1.591673e-01,1.018931e-01,6.227271e-02,1.636388e-03,-1.630079e-01,-2.081325e-02,-3.598447e-02,7.038592e-03,
-4.129967e-02,5.472099e-02,-1.425156e-02,-2.427252e-02,7.104886e-02,4.554099e-02,-3.969886e-02,-1.980896e-02,-4.146303e-02,2.632378e-02,-5.433420e-02,6.234538e-03,-9.606465e-04,5.794953e-03,2.158080e-01,-1.307294e-02,9.704258e-02,9.624127e-02,7.930840e-02,-2.270554e-02,-2.254199e-02,3.296312e-01,2.127911e-02,-8.632415e-02,-1.010233e-01,-5.418892e-02,1.665298e-02,-5.625631e-02,-1.460478e-01,2.329006e-02,-3.566804e-02,-1.707543e-02,3.617026e-02,3.822580e-02,-1.047331e-01,-3.571748e-02,6.651123e-02,-1.220792e-01,-1.077950e-01,1.618102e-01,-3.997189e-02,-7.481832e-02,2.223702e-02,1.494491e-01,1.254303e-01,3.348167e-02,2.321881e-02,-5.029321e-02,-1.392750e-01,-3.732256e-03,
-6.287531e-02,4.620667e-02,-3.991370e-02,-4.298805e-02,-4.921887e-02,2.588456e-02,-5.864123e-02,-4.791780e-02,-2.636917e-02,6.906799e-02,-7.794632e-02,-1.493122e-03,1.453210e-01,-7.000055e-02,2.930202e-02,7.597852e-03,-3.982739e-02,-4.316980e-02,8.914602e-02,2.997763e-02,-2.860661e-02,5.017072e-02,-9.164985e-02,4.288797e-02,-5.682902e-02,-5.680564e-02,7.311838e-02,-2.891857e-02,-3.208998e-02,-1.886709e-01,2.805800e-05,-2.121369e-01,-1.931004e-02,-5.610627e-03,-2.593795e-01,-3.774098e-03,-1.366168e-01,-2.036048e-01,-1.740189e-01,6.555093e-02,-1.639691e-01,-5.999138e-02,1.029515e-01,6.926788e-02,-1.370046e-01,1.825397e-01,8.227349e-03,5.689206e-02,1.238756e-01,-7.316399e-03,
-5.370769e-02,3.884189e-03,-1.904709e-02,-2.719059e-02,3.444175e-02,6.573655e-02,3.412131e-01,-8.207515e-02,3.509404e-02,-7.698239e-03,2.625956e-01,1.320352e-01,5.287246e-03,-4.303813e-02,-3.129457e-02,-6.463104e-02,-1.937703e-02,8.737775e-02,5.458078e-02,3.636311e-01,-1.937349e-02,7.571098e-03,-3.404958e-02,9.539877e-02,-1.674648e-02,-4.522574e-01,4.476607e-02,-1.426808e-02,1.494320e-01,1.133855e-01,-1.059477e-01,-5.428494e-02,3.863492e-02,-2.428450e-02,-5.508913e-02,-6.617238e-02,-2.183619e-02,-2.455565e-02,5.564684e-02,6.729698e-02,-5.486072e-02,-8.658701e-02,8.356155e-02,-2.679971e-02,2.773628e-02,5.796113e-02,-1.687228e-02,1.362334e-01,3.956882e-02,1.335185e-01,
-6.848566e-02,-1.485582e-02,2.788943e-02,-2.457202e-02,6.243828e-02,8.630462e-02,2.146816e-02,-3.256601e-02,3.664560e-02,-4.982516e-02,1.852136e-01,1.599371e-02,-9.110871e-02,6.628742e-02,-5.033065e-03,1.106324e-02,-9.897394e-02,-1.667125e-02,7.698911e-02,1.989498e-02,4.580076e-02,-1.856572e-02,-7.775522e-02,4.688492e-02,6.597190e-03,3.527374e-02,-5.966854e-02,8.885482e-02,2.695520e-02,7.499978e-02,6.255523e-02,-7.296336e-02,6.934269e-02,5.023653e-03,6.802621e-02,4.363126e-02,-1.570891e-01,-1.138680e-01,7.734838e-02,2.257193e-02,1.907590e-02,-6.115006e-03,5.215366e-02,7.713772e-02,1.965699e-02,-7.934535e-02,3.105644e-01,-5.818916e-02,-5.707161e-02,-8.980217e-03,
-9.901937e-02,-1.069631e-01,3.916823e-02,1.541125e-01,6.015756e-03,7.114713e-02,4.878467e-02,3.372960e-02,-1.076283e-01,1.806259e-01,-4.517657e-02,-1.813372e-01,-3.642408e-02,8.796271e-02,8.353396e-02,1.495333e-01,-7.786362e-02,9.926305e-03,-3.853543e-02,-9.539878e-02,1.479001e-01,8.408933e-02,-2.600605e-01,1.112125e-01,-5.359867e-03,1.388399e-03,-4.854340e-02,7.030245e-02,-6.094509e-02,3.929670e-02,7.259903e-02,7.600426e-03,6.660269e-03,6.206435e-02,7.190036e-02,1.410958e-02,1.347903e-01,-2.329665e-01,-1.433731e-01,-3.048436e-02,-1.285603e-02,1.799673e-01,9.749788e-03,-3.473635e-02,-5.517928e-03,2.983200e-03,2.972467e-01,6.820781e-02,5.962296e-02,7.919714e-02,
-7.189391e-02,-8.654063e-03,1.369237e-02,3.195445e-02,-6.172509e-02,-2.637230e-02,-2.474938e-02,-1.745388e-02,-4.647568e-02,-3.104269e-02,-6.367061e-02,-6.252365e-02,5.237222e-02,4.766929e-02,6.193892e-02,4.141587e-02,-3.992570e-02,-6.380198e-02,1.735264e-02,1.566797e-02,1.027887e-01,3.778193e-02,3.332872e-02,1.952848e-01,8.379343e-03,-3.638092e-02,-4.741989e-02,5.850883e-02,-5.344944e-02,1.660625e-02,-1.407953e-02,-2.133141e-01,-1.489975e-02,-7.395870e-03,6.276627e-02,2.692205e-02,1.083747e-01,7.755564e-02,-7.990374e-02,-4.331890e-03,-1.426189e-02,1.630573e-02,-6.280088e-02,-1.645297e-02,-4.798281e-02,-1.041823e-02,2.096944e-02,4.724660e-02,-6.578932e-02,1.829691e-01,
-3.899497e-02,6.015043e-02,-7.984694e-03,1.251925e-01,-5.412401e-02,-3.483907e-02,-1.984927e-02,9.179045e-02,-5.245621e-02,-2.877337e-02,-9.364507e-02,-2.491026e-02,7.670506e-03,2.027579e-03,1.525436e-01,-1.949223e-01,-2.150737e-02,-5.399454e-02,6.598693e-02,9.035206e-02,5.006122e-02,1.405425e-01,1.017969e-01,5.049334e-02,1.497136e-01,2.602002e-02,9.729214e-03,4.394317e-02,2.129468e-02,-1.323872e-01,-5.278999e-02,-2.481754e-01,3.307701e-02,-7.574437e-02,1.038496e-01,6.354198e-02,-2.144250e-01,-2.289241e-02,-1.598181e-01,1.059166e-02,-1.922780e-02,-7.920123e-02,-9.003330e-02,-1.328439e-01,1.494083e-01,1.220790e-01,6.186927e-02,1.695636e-01,-1.526107e-01,-3.553385e-02,
-5.067354e-02,-4.370652e-03,-1.923467e-02,-1.965214e-02,4.709297e-02,-1.323736e-02,-5.448482e-02,-3.253707e-02,-2.397072e-02,-5.086029e-02,-5.731709e-02,-5.204328e-03,-6.976342e-03,-4.623973e-02,2.945402e-02,-4.922382e-02,7.661222e-03,3.580673e-02,-4.919573e-03,7.982176e-03,3.346468e-02,1.980030e-01,6.959958e-02,-2.860447e-02,2.242018e-01,-8.443145e-03,7.694267e-03,3.169945e-02,1.336627e-02,-1.297444e-01,-2.946588e-02,-1.245735e-01,9.465968e-03,-3.389504e-02,3.359214e-02,1.037808e-01,7.027637e-02,8.153593e-03,-5.794287e-02,1.511604e-01,-1.563805e-02,-5.549735e-02,-1.593956e-02,2.008977e-01,1.141356e-01,-1.969449e-02,-3.186048e-02,-1.076179e-01,1.004696e-02,-1.014586e-01,
-4.653367e-02,4.963555e-02,-3.794376e-02,-2.685686e-02,4.984971e-02,-2.030894e-02,-6.694595e-02,-4.328193e-02,-3.518027e-02,-3.290531e-02,-7.138363e-02,2.699523e-02,2.873524e-02,-6.183924e-03,2.241371e-02,4.459603e-03,2.274667e-01,-2.557779e-02,-1.321291e-01,2.628926e-02,2.038424e-02,8.514697e-02,2.316318e-02,-1.405640e-02,5.887721e-02,-2.111923e-02,4.358137e-02,-5.122693e-03,-1.025246e-01,7.732558e-02,3.811217e-02,1.952782e-01,4.214156e-02,1.349037e-02,-1.184720e-01,5.232233e-02,3.398175e-02,4.656715e-02,-2.251655e-02,7.786732e-02,-3.085612e-02,4.523473e-02,2.259100e-03,5.269222e-03,-4.903390e-05,-6.396818e-02,7.283008e-02,-1.047807e-01,7.556843e-02,-9.480175e-02,
-3.498082e-02,1.206527e-01,-3.853421e-02,-1.521622e-02,-8.156200e-03,8.497074e-02,-1.530572e-02,-2.777770e-02,-2.578913e-02,-1.741017e-02,4.358245e-03,3.868713e-02,1.050765e-01,-2.876932e-02,-9.321305e-02,1.111844e-02,2.573263e-02,-2.776801e-02,-8.945859e-02,8.692848e-02,-3.313338e-02,-6.666855e-02,-4.566297e-02,-2.066395e-04,-1.242117e-01,-5.212850e-02,-6.498577e-02,-4.805467e-02,1.518286e-02,8.835644e-02,-3.602398e-03,1.601812e-01,4.209213e-02,1.955358e-02,-5.462565e-02,-1.506300e-03,-1.034936e-01,-4.935676e-02,4.635428e-02,1.018100e-01,-6.118063e-02,4.510703e-02,2.332141e-02,-7.703408e-02,-1.730074e-02,1.614465e-02,6.744154e-02,7.213286e-02,-1.223356e-02,-2.664561e-01,
