-2.517758e-02,-2.674233e-03,5.520268e-02,2.074630e-02,2.014552e-02,3.166417e-02,-1.474561e-02,-3.341752e-01,5.593660e-03,-1.402853e-02,6.181097e-02,-8.761829e-02,-3.004472e-04,-9.128659e-02,8.188682e-02,8.998927e-02,6.236591e-02,1.099354e-02,8.081015e-02,-4.034755e-02,-2.147519e-01,7.390689e-02,7.246153e-02,-9.080187e-03,1.585740e-02,5.050821e-02,5.417124e-02,4.815913e-02,-4.671086e-02,5.981561e-02,5.724707e-02,4.232081e-02,-1.146364e-02,1.211814e-01,1.182016e-01,6.517929e-02,-8.844116e-02,-6.193994e-02,1.772875e-02,-4.680112e-02,1.019919e-01,-8.647085e-03,-2.955831e-02,-4.987229e-02,1.711529e-02,-4.044230e-02,-2.523766e-02,-2.263035e-03,1.070496e-01,6.881899e-02,
-3.326264e-02,-6.268019e-03,6.806491e-02,1.038902e-02,2.483646e-02,1.436339e-02,1.280910e-01,-3.064489e-02,-1.068812e-02,3.171633e-02,-9.682727e-02,-9.936469e-03,-5.714737e-02,-1.438734e-02,4.196430e-03,1.007389e-02,6.260831e-03,-1.936989e-02,-6.779383e-04,7.031770e-02,-2.651176e-01,4.980963e-02,-1.970533e-02,3.148522e-02,8.314112e-02,-9.660466e-02,2.154285e-01,9.854780e-02,3.775111e-02,6.613178e-02,1.362614e-01,2.587218e-02,1.060278e-01,4.997713e-02,-5.859049e-02,-6.468900e-02,7.004977e-02,-3.367674e-02,2.443764e-02,2.752765e-03,-5.224553e-02,-6.780851e-02,9.942709e-02,5.446836e-02,1.017766e-02,1.133822e-01,-1.217784e-01,-2.733118e-02,4.635513e-02,-5.798877e-02,
-2.271060e-01,-2.464197e-02,-4.569511e-02,1.078003e-01,-1.060940e-01,-4.258880e-02,1.778240e-02,-5.444215e-02,-3.164505e-02,2.751685e-02,-5.440806e-01,8.043482e-02,-4.130064e-02,1.012563e-01,1.485108e-02,-5.137636e-02,-1.259119e-02,-3.058578e-02,3.690017e-02,-3.935704e-02,-8.337199e-02,9.151390e-02,4.123355e-02,-1.642488e-01,1.435666e-02,-2.754167e-02,-5.551021e-02,7.686170e-02,-8.050980e-02,-8.488640e-02,2.105040e-02,-1.233653e-01,-3.843051e-02,6.164106e-03,3.917615e-02,-2.256412e-01,1.302863e-01,1.135778e-01,9.026952e-02,-5.839710e-03,-1.757415e-01,4.934120e-02,-4.687540e-02,-1.188160e-01,-3.176300e-03,-1.209783e-02,-9.069574e-02,1.890553e-03,-9.400533e-02,-1.166824e-02,
-8.585803e-03,1.490802e-02,6.581143e-02,-6.611232e-02,-4.713932e-02,-2.925548e-02,2.072417e-02,4.276315e-02,7.091614e-03,-5.306024e-02,-3.494734e-02,5.477227e-02,1.457413e-02,1.241900e-01,-2.257852e-02,-9.509243e-02,-3.484258e-02,-1.389445e-01,2.908098e-02,7.607707e-02,2.452290e-02,2.342132e-02,1.551462e-01,-7.585993e-02,-3.210242e-01,1.179381e-01,-2.155501e-02,-1.293330e-02,-6.834148e-02,-3.137270e-02,-8.681082e-03,1.253327e-01,-2.043535e-01,1.171222e-01,-8.670942e-03,-1.423558e-01,-9.406798e-02,-3.077493e-02,1.141008e-01,1.085914e-02,-4.389069e-02,1.356888e-01,-1.144029e-01,-2.311492e-01,-4.424709e-02,2.947482e-02,-2.358183e-02,4.304285e-02,-9.338736e-02,3.974810e-03,
-4.544998e-03,9.295088e-02,4.023727e-02,-4.047087e-02,-1.118121e-01,-7.240776e-02,1.052560e-02,7.439669e-02,-3.134452e-02,7.178049e-03,5.015541e-02,3.236611e-02,6.272867e-02,-4.894916e-03,2.540623e-01,-1.311940e-01,2.175489e-02,-8.457857e-03,-2.040711e-02,4.406488e-04,3.771251e-02,9.185285e-02,-2.441824e-02,-2.436066e-04,-2.229094e-01,2.360574e-03,2.316037e-02,-1.559599e-01,2.403119e-02,-1.339099e-01,-9.730993e-02,1.996859e-01,-4.514217e-02,1.142237e-01,-6.793257e-02,-4.456098e-02,3.371862e-02,-3.854412e-02,5.180843e-02,-9.691221e-02,6.624517e-03,2.227515e-01,6.928156e-02,9.827198e-02,-2.716800e-02,-4.151222e-04,-2.430180e-02,2.450069e-02,1.512407e-02,3.163199e-02,
-8.252592e-05,1.542731e-02,1.042265e-01,-3.289574e-02,1.691807e-02,-3.209130e-02,-4.652413e-02,3.391999e-02,3.452427e-02,-2.584536e-01,-5.109286e-02,-2.849387e-02,-3.218342e-02,-6.345462e-02,4.975067e-02,4.147022e-03,-2.395533e-02,1.580775e-01,1.712382e-02,2.972119e-02,-5.484071e-03,4.171308e-02,-6.266455e-02,9.132010e-02,5.938844e-03,1.088682e-02,-5.991936e-02,-8.757127e-02,-6.503904e-02,-2.233932e-02,-1.070135e-01,-2.147478e-02,-2.684703e-03,-1.454350e-01,-1.902554e-01,3.404491e-02,3.802107e-03,6.929318e-02,1.732112e-02,2.795048e-02,-9.082049e-02,-1.811701e-02,-5.821059e-02,1.024684e-01,8.282494e-02,-1.128525e-01,-1.034736e-01,-2.825958e-02,-1.137331e-01,5.701099e-02,
-4.222997e-05,1.275908e-02,7.911111e-02,5.818433e-03,1.933039e-02,9.088831e-03,-3.240196e-02,2.004916e-02,1.369883e-01,-4.337600e-02,-1.387558e-02,-2.122603e-01,-1.314114e-01,-2.884865e-02,-9.005516e-02,4.217212e-02,-2.188908e-03,2.722686e-01,-2.239072e-04,-2.130134e-02,4.200913e-02,5.610634e-02,-6.110737e-03,-1.223786e-02,4.997576e-02,4.543542e-02,-5.982371e-02,-1.762375e-02,8.538746e-02,6.350605e-03,-1.263441e-01,-1.239070e-02,-5.490092e-02,-8.995292e-02,-9.885283e-02,-5.469061e-03,3.382379e-02,-1.575532e-02,-1.388104e-01,1.532215e-01,-2.948045e-03,-1.254229e-01,2.730809e-02,-1.339490e-01,-2.890320e-02,1.111513e-02,7.002990e-02,-2.128672e-01,-4.318063e-02,-3.960861e-02,
-5.937801e-04,2.062316e-03,7.902270e-02,4.629406e-02,1.523859e-02,3.426962e-02,-2.145566e-02,-2.449353e-02,1.015044e-01,5.405751e-03,7.863803e-03,-6.063831e-02,-1.420382e-01,4.336251e-02,-7.708826e-02,1.062347e-01,1.414683e-02,8.884106e-02,5.254671e-02,-5.151166e-02,4.466373e-02,1.139629e-01,3.064613e-02,-7.233224e-02,8.780393e-02,3.973522e-02,-1.964487e-02,-4.404803e-02,1.129893e-02,-1.974669e-02,-2.560110e-02,6.923972e-02,-6.111349e-02,-2.023813e-02,-1.662795e-02,2.055406e-02,-6.494509e-02,7.072103e-03,-4.039637e-02,4.336743e-02,3.103967e-02,-1.325331e-01,7.982644e-02,-3.923249e-02,-2.321212e-02,2.946241e-04,4.238277e-02,1.265585e-01,-1.107524e-01,-3.196230e-02,
-2.775995e-01,-7.183730e-02,-5.104590e-03,4.015271e-02,9.702581e-02,-3.260862e-02,-4.073521e-02,-1.659756e-02,-2.705045e-02,-3.017997e-01,6.910098e-02,6.488044e-02,4.518659e-02,1.715438e-03,-4.077321e-02,-1.623025e-01,1.686249e-01,2.101753e-01,1.613449e-02,-4.203058e-02,-3.658312e-02,-1.822734e-03,6.737234e-02,-2.764120e-02,-9.083114e-02,-6.042730e-02,1.355717e-02,2.026642e-03,1.641199e-01,-1.650314e-02,-3.194401e-02,1.145850e-01,4.911123e-03,1.050809e-01,-5.129297e-02,-4.917835e-02,-4.378644e-02,-2.863698e-02,-3.540813e-02,-8.553525e-02,-2.746637e-02,-1.155330e-01,9.479675e-03,2.096959e-01,-1.229421e-01,-1.413514e-01,9.953702e-02,9.264989e-02,1.162776e-01,4.599484e-02,
-5.758466e-02,-1.481416e-02,7.469043e-02,-1.665423e-01,2.337019e-02,-5.400831e-02,6.856333e-02,4.564907e-02,-7.300331e-03,-4.697145e-02,-1.827352e-01,2.238489e-02,1.406036e-02,7.067799e-02,2.087061e-01,-3.704789e-02,2.955548e-02,-7.024962e-03,-8.596180e-02,5.578438e-03,-1.462724e-01,2.779449e-02,1.495170e-02,3.546991e-02,6.323648e-02,-2.161370e-02,-1.636617e-02,1.058147e-02,2.850565e-01,-1.644654e-01,9.493450e-02,1.534164e-02,1.947303e-02,2.983535e-02,-2.425790e-01,1.050844e-01,-5.871972e-02,5.988345e-02,-6.284006e-02,7.880964e-02,-1.584781e-02,-2.077603e-02,-3.273554e-02,1.751345e-02,5.884684e-02,6.617740e-02,-4.791795e-02,5.886195e-04,2.227007e-02,1.411036e-01,
-7.714434e-02,-1.355014e-02,3.354487e-02,-5.711565e-03,-2.617822e-01,-1.286782e-02,2.987406e-02,-8.286144e-02,-4.630329e-02,8.943700e-02,-1.578124e-01,-4.053840e-02,-2.513377e-02,-9.157200e-02,1.644035e-01,6.370019e-02,-5.736047e-02,-9.862234e-02,-7.638601e-02,2.851306e-02,1.266054e-02,9.393050e-02,-2.642402e-02,6.389905e-02,5.396228e-02,-2.622316e-02,-1.186460e-01,2.396048e-02,-7.092435e-02,-8.738413e-02,3.677842e-02,-1.166589e-01,5.170995e-02,-6.366326e-02,-2.382265e-02,-8.620025e-02,1.613421e-02,-6.195523e-02,-2.466336e-02,1.418526e-01,-2.512920e-02,-4.576575e-02,6.651069e-03,-3.567306e-01,-8.222082e-02,-1.054279e-01,1.229204e-01,-1.781949e-02,6.968701e-03,4.915453e-02,
-1.330025e-02,1.766501e-02,6.825504e-02,2.216208e-02,-1.506706e-02,9.597074e-02,-3.270058e-02,2.512166e-02,-5.950449e-02,3.233003e-02,-5.054682e-02,-2.480125e-02,-1.390136e-01,4.296026e-02,-2.310003e-02,1.095478e-01,4.826537e-03,-1.121818e-01,1.268584e-01,-3.408547e-02,-1.156584e-02,1.113433e-01,-6.618153e-04,6.560944e-02,-1.078253e-01,1.286176e-01,-6.197402e-02,2.086791e-01,-1.223465e-02,-4.856265e-02,4.074730e-02,-2.019620e-03,-6.453076e-02,4.274284e-02,1.758808e-01,-2.503505e-02,4.142381e-02,-7.269470e-02,7.863344e-02,-5.339831e-03,-2.782670e-02,-1.630794e-01,-2.028886e-01,4.393760e-02,-7.555431e-02,-6.355933e-02,4.082011e-02,-2.524189e-01,5.673666e-02,3.908524e-02,
-1.257597e-02,2.840836e-01,-8.958567e-02,8.951625e-02,-4.124197e-03,-1.933475e-02,8.320642e-03,7.020773e-02,2.588912e-03,-2.467010e-03,-2.741355e-03,-2.078277e-01,-4.093491e-02,1.536263e-01,-8.666194e-02,1.266896e-01,2.100838e-02,7.657927e-02,1.108939e-01,-9.560889e-02,-9.488588e-02,1.553281e-01,-2.427308e-03,-1.034274e-01,-3.949230e-02,2.614515e-02,5.500918e-02,6.763697e-02,-1.165547e-02,2.507365e-02,-7.447893e-02,-1.283873e-02,8.852638e-02,1.080376e-01,-4.571179e-02,-3.212835e-02,5.434729e-02,4.639260e-02,-2.346256e-02,-1.200570e-01,-2.878068e-02,-1.967516e-02,-5.345469e-02,1.668294e-02,-1.856913e-01,1.174164e-01,-5.071312e-02,1.116721e-01,1.134773e-01,-2.877487e-03,
-1.228573e-02,7.009162e-02,4.482966e-02,3.539383e-02,2.461819e-02,-1.188917e-02,-2.501280e-02,4.060564e-02,1.487173e-01,-5.190168e-02,-3.502638e-02,-5.427767e-02,-6.421639e-02,-5.115666e-02,-7.134059e-02,5.086015e-02,-7.356573e-03,-5.314640e-03,1.827126e-01,-7.355644e-02,-5.982019e-02,1.201536e-02,-1.402908e-02,2.726214e-03,-7.158406e-03,-8.432245e-03,2.855447e-02,-1.134154e-01,-1.806313e-02,2.591168e-01,-1.863408e-02,2.431198e-02,7.479771e-02,-7.915475e-02,-8.442381e-02,-9.451316e-02,-8.348127e-02,-1.654414e-03,-1.381141e-02,1.614293e-02,-1.139586e-01,2.619961e-01,-4.990217e-02,-9.014258e-03,-1.046584e-02,1.500788e-01,-8.625952e-03,1.796213e-01,9.820419e-02,-5.445604e-02,
-4.990119e-02,2.706787e-03,6.422924e-02,2.004734e-02,5.169876e-02,4.724740e-02,-1.286790e-01,2.723856e-02,1.436400e-01,3.105743e-03,-1.318999e-01,-8.870072e-02,-2.365790e-03,-1.207783e-01,-4.672715e-02,-1.433691e-01,2.527018e-03,1.421493e-02,1.007361e-02,2.063514e-02,6.015166e-02,-1.419916e-01,-1.259805e-02,2.325694e-02,-1.993011e-02,1.662983e-02,2.243782e-03,-1.044512e-01,4.690599e-02,-6.562437e-03,-1.029258e-01,5.776497e-02,-1.032240e-01,5.636296e-02,1.145667e-01,5.842248e-02,-9.254345e-03,-7.444906e-02,-1.045032e-01,-9.759648e-02,8.036354e-02,1.994906e-01,1.273424e-03,-1.223474e-01,-4.148006e-02,4.290470e-02,-4.595811e-02,-1.587088e-01,-1.927382e-01,-1.019016e-01,
-5.860469e-02,-1.481082e-02,9.818054e-02,9.709407e-02,5.641614e-02,2.003734e-02,4.875999e-02,-9.175419e-03,3.831662e-02,1.574549e-02,9.811158e-02,4.739173e-02,-7.241125e-02,-8.501389e-02,-1.593181e-02,-2.115411e-02,7.430272e-02,3.878377e-02,6.053369e-02,1.861765e-02,1.089709e-01,-1.678255e-02,-1.001890e-01,-1.865676e-01,-1.244224e-01,-9.503325e-03,-1.287771e-02,-6.051074e-02,4.230539e-03,-8.726277e-02,-7.466530e-02,-5.326334e-03,-3.520439e-02,-4.327582e-02,1.420011e-02,5.183096e-02,-2.486451e-02,3.031311e-01,9.127412e-02,-1.801178e-02,9.473946e-02,-5.973493e-02,9.900692e-02,-7.389000e-02,-1.134105e-01,-3.906108e-03,4.927165e-02,1.352381e-01,-2.160979e-01,1.864313e-02,
-5.494964e-02,3.935834e-05,8.475781e-02,6.105935e-02,-2.922976e-01,-2.627860e-02,3.575673e-02,1.858856e-02,-4.651189e-02,-2.541101e-01,7.531637e-02,-1.655364e-01,1.230629e-01,8.765807e-02,-1.340489e-02,1.030847e-01,-5.408639e-02,2.978666e-02,1.025876e-01,-6.597022e-02,-7.287113e-02,1.940130e-02,-2.906373e-03,-5.732524e-02,6.550728e-02,1.735705e-02,-9.113082e-03,-1.857098e-01,7.940657e-02,3.815271e-02,-1.487674e-02,-1.591216e-01,-8.028319e-02,1.450969e-01,8.708683e-02,-2.608547e-02,1.682432e-01,-8.791462e-02,-6.097413e-02,-5.563051e-03,-3.362373e-03,1.514598e-01,1.575857e-02,3.958850e-02,-2.755314e-02,1.781880e-01,-5.652601e-02,-1.441672e-01,2.672085e-03,-1.367669e-02,
-2.383714e-04,2.902190e-03,1.275968e-01,-1.537516e-02,-3.673468e-02,4.293155e-02,-5.633066e-02,4.930005e-02,-3.408935e-02,-7.583530e-02,-3.564639e-02,-8.561234e-03,9.718219e-02,1.420712e-01,2.045883e-02,5.006787e-02,-4.044147e-02,-2.452150e-02,-5.493566e-02,-9.709002e-02,-2.398356e-02,4.103547e-02,-8.188019e-02,-3.182767e-02,5.026627e-02,-5.126724e-02,3.377269e-02,-6.853585e-02,1.750223e-01,2.150316e-02,3.017454e-02,3.463872e-02,3.086048e-01,3.951638e-02,4.030173e-02,5.866483e-02,-1.595361e-01,1.447767e-01,3.384271e-02,-4.645289e-02,1.041695e-01,1.042661e-01,2.814984e-02,-2.214253e-01,2.991840e-02,-1.495433e-02,-1.327035e-01,-3.648210e-02,-7.731779e-02,1.038917e-01,
-1.558242e-05,7.358645e-03,9.206955e-02,-7.517899e-02,-1.401346e-02,7.153980e-02,-6.166667e-02,5.549240e-02,-1.415423e-02,8.211464e-02,-1.988886e-02,-1.173650e-01,2.139009e-02,-2.160802e-02,6.143226e-02,-7.263702e-02,-2.650719e-03,1.271528e-01,-1.217301e-01,-5.462926e-02,1.783600e-02,-8.228428e-03,-6.412099e-02,4.941284e-02,-4.483704e-02,-1.032629e-01,1.112982e-01,-1.087903e-02,3.507817e-02,-2.112787e-03,3.567784e-02,-1.066128e-01,-1.292036e-03,1.486544e-01,9.992435e-02,-5.991279e-02,-9.456202e-02,3.729126e-02,-2.947236e-03,1.464604e-01,1.835641e-02,2.263278e-02,4.824389e-02,-1.173787e-01,7.894942e-02,-2.183231e-01,1.209408e-01,1.850279e-02,-1.003000e-02,3.181351e-02,
-2.358186e-04,4.156806e-03,6.237137e-02,-1.539200e-01,2.361339e-02,1.227282e-02,-6.121559e-02,-6.420854e-03,2.287695e-02,3.408452e-02,-2.807464e-02,3.568440e-02,-1.787717e-01,-2.442542e-03,-6.180015e-02,-6.146193e-02,-1.208958e-02,2.912927e-02,-4.699684e-02,-2.892270e-02,-8.347007e-02,-3.976907e-02,-1.754467e-01,8.484665e-02,-1.200946e-01,-2.078673e-02,-5.794635e-03,8.596310e-02,7.753052e-02,2.364875e-03,1.099969e-01,-8.280445e-02,-3.793397e-02,2.212152e-01,6.588533e-02,7.431613e-03,1.672584e-02,3.103312e-03,-5.090903e-02,1.409745e-01,-4.227186e-02,-1.606813e-02,-2.562793e-02,3.036506e-02,9.268056e-03,1.125389e-01,1.830291e-01,-5.023843e-03,5.147318e-02,-1.084989e-01,
-3.892596e-03,5.436670e-02,6.247899e-02,-1.170978e-02,1.468457e-02,-1.857872e-02,-1.707582e-02,-3.336299e-01,3.254713e-02,-2.860043e-02,-1.389473e-02,6.867539e-02,-6.243416e-02,3.511729e-02,3.061645e-02,-2.043926e-01,1.054817e-02,-1.674481e-02,-5.319655e-03,-8.428951e-02,-1.146010e-01,-8.201984e-02,-4.199534e-03,5.566824e-02,8.252140e-02,1.628534e-01,-1.622478e-01,5.006773e-02,-4.655838e-02,-1.658466e-01,5.576495e-02,2.331178e-02,5.064982e-02,1.510432e-01,3.030323e-02,1.475088e-01,8.321094e-02,-5.864430e-02,-2.273944e-02,-8.580241e-02,-1.234781e-01,4.605713e-02,-2.998699e-02,1.779383e-02,-2.096948e-02,3.893687e-02,-3.119899e-03,1.528207e-01,8.481274e-02,-1.758443e-02,
-2.661012e-02,1.530108e-02,7.127267e-02,1.135846e-02,2.487015e-02,-1.113060e-02,1.420105e-01,-9.112488e-03,9.061470e-02,9.318661e-03,-4.530888e-02,7.797969e-03,-2.395527e-02,-7.380731e-02,-8.365375e-03,-5.772720e-02,-6.170757e-03,-4.465662e-02,5.825048e-02,-4.629732e-02,-1.196935e-02,-7.341861e-02,8.231551e-02,-1.388352e-02,-6.977980e-03,3.637555e-02,-1.242443e-01,1.886390e-02,-4.181248e-02,-3.686700e-02,-1.470005e-01,-2.183444e-03,2.663789e-02,-1.737133e-01,-2.881243e-01,6.985293e-02,3.094744e-02,-5.888530e-02,-1.897628e-01,-5.060236e-02,2.045242e-01,-2.843352e-02,-3.463341e-02,-6.929256e-02,3.794029e-02,6.295973e-02,4.303797e-03,-4.763712e-02,1.303497e-01,-1.670304e-02,
-2.773140e-01,2.046535e-02,-1.341831e-01,8.818316e-02,4.657686e-02,7.291986e-03,1.977460e-02,2.561792e-02,7.820388e-02,3.614550e-02,-4.807521e-01,-4.533909e-02,3.798066e-02,-5.460065e-02,-1.984122e-02,-9.496157e-03,6.270832e-03,1.654337e-02,8.713041e-02,7.265661e-02,9.044062e-02,-1.792206e-01,-5.409778e-02,7.691887e-02,-8.866813e-02,2.660501e-02,5.089046e-02,-5.815908e-02,5.964441e-02,7.538977e-02,-6.063368e-02,1.364931e-01,3.113228e-02,-9.699708e-03,7.461227e-02,1.488025e-01,-2.156006e-02,-8.727163e-02,1.195069e-02,-1.949614e-02,1.938548e-01,-5.815811e-02,2.781716e-02,8.485582e-02,-5.736993e-03,-4.958912e-02,-1.680612e-02,3.090066e-02,5.839567e-02,3.930938e-02,
-4.149847e-02,4.061638e-03,7.520846e-02,4.880387e-02,-3.140561e-02,1.368973e-02,1.583434e-01,1.531826e-02,9.102843e-02,4.489178e-02,6.496191e-02,-1.647787e-02,5.907162e-02,-9.702262e-02,6.041533e-02,8.615185e-02,3.713140e-02,-5.765463e-02,1.289509e-01,1.520307e-01,3.142353e-02,-1.175460e-01,-1.965930e-01,-1.099733e-01,-3.221458e-02,3.912726e-02,5.869311e-02,-1.090017e-01,2.317909e-02,-4.670251e-02,3.732946e-02,-1.058579e-01,1.829829e-02,-9.601133e-02,2.046513e-01,1.304636e-01,2.098280e-01,5.880735e-02,8.837303e-02,-1.107709e-01,-4.286209e-02,5.527558e-02,-1.550887e-01,-1.642003e-03,-1.679247e-01,-5.331668e-02,5.730725e-02,4.324593e-02,-7.830038e-02,-1.855662e-02,
-8.381901e-03,2.606077e-01,-9.860542e-02,2.274887e-02,-2.830234e-02,-3.499812e-02,2.935470e-02,1.466161e-01,-2.520820e-02,-8.092904e-03,6.298676e-03,1.450514e-02,1.863550e-02,-4.315327e-02,-2.726828e-02,-1.488488e-01,-4.983710e-02,-6.950845e-02,-8.271537e-03,-6.126927e-02,-1.812668e-01,2.571349e-02,-9.267369e-02,1.321152e-01,-1.224209e-01,-4.691647e-02,-3.601183e-02,6.932100e-02,2.411806e-03,-1.345949e-01,1.312067e-01,-5.905774e-02,2.165372e-02,-1.079031e-01,6.792425e-02,5.188281e-02,-8.684313e-02,-2.361931e-02,-6.034108e-02,-8.855484e-02,1.985019e-01,3.581731e-02,2.983721e-02,-2.962257e-02,-8.513460e-02,1.186228e-01,3.764042e-02,1.769304e-02,2.995857e-03,-3.194461e-02,
-3.295181e-03,3.266274e-02,4.620016e-02,1.181151e-03,1.817801e-02,4.349635e-03,-2.444355e-02,3.208403e-02,-1.124441e-02,1.373034e-02,-1.961964e-02,1.952336e-02,-5.405458e-02,1.700396e-02,5.973567e-03,-9.206352e-02,-8.587952e-03,-7.945858e-02,4.251676e-02,-8.111352e-02,-2.509047e-02,6.980141e-03,3.910107e-02,-5.282061e-02,-8.149910e-02,-4.792656e-02,-7.381793e-03,1.686998e-01,-3.491414e-02,3.198091e-02,-1.348474e-01,-5.592162e-02,3.674277e-01,-4.803551e-02,-2.617999e-03,-2.134657e-02,-4.326673e-02,-1.955998e-02,1.060634e-02,-1.520523e-02,8.298133e-02,1.069756e-01,-1.814530e-02,1.125917e-01,7.893316e-02,-5.307603e-02,-6.101131e-02,-9.694858e-02,-8.382863e-02,-4.613299e-02,
-4.936906e-03,4.040725e-03,6.855756e-02,-1.780072e-02,2.629858e-02,1.398489e-02,-4.200934e-02,1.448259e-02,1.052232e-03,2.292675e-02,-2.867825e-02,-5.719066e-02,-1.874913e-02,3.222069e-02,5.786076e-02,-2.138911e-01,9.081229e-03,-2.406568e-02,3.513868e-02,-4.289396e-02,6.132931e-02,-5.783932e-02,3.072576e-02,-2.630628e-01,-1.708677e-02,-3.833945e-02,-5.672557e-02,6.190887e-02,-5.659154e-04,1.083462e-01,-5.681666e-02,-6.993830e-02,1.182885e-01,-6.790641e-02,1.023193e-01,-1.309936e-02,4.142028e-02,-6.128065e-03,1.246812e-02,9.082033e-02,-8.192216e-02,7.123290e-02,2.988606e-02,9.644058e-02,7.056479e-02,-8.052407e-02,1.771592e-02,-6.140317e-02,2.811230e-02,-7.100547e-03,
-1.397326e-02,-3.226718e-03,6.623732e-02,-4.831460e-02,3.461653e-02,1.824124e-03,-3.764180e-02,1.809073e-02,2.743139e-02,1.750054e-02,-5.038867e-02,-1.865712e-02,-5.820194e-02,1.391086e-01,2.030540e-02,-1.205625e-02,-1.677286e-02,2.456187e-02,-5.090474e-02,9.538436e-02,-7.286932e-02,-3.557969e-02,-1.871167e-01,-1.231901e-01,3.612054e-02,-5.090374e-02,1.726515e-02,-4.660404e-02,6.559769e-02,9.527007e-02,1.507146e-01,-3.016051e-02,-8.737477e-02,1.888938e-02,6.672404e-03,5.375315e-02,2.275367e-02,2.444846e-02,5.647333e-03,9.375936e-02,-9.252581e-02,-2.939402e-02,1.016665e-01,1.201961e-02,1.302539e-02,7.374670e-02,-3.839989e-02,7.580191e-03,9.097489e-03,2.775138e-02,
-1.251597e-01,-3.230062e-02,1.218627e-02,2.545629e-02,7.633030e-02,1.873899e-02,-2.162082e-01,-9.878105e-02,7.912015e-02,-1.445110e-02,1.651788e-01,-9.224213e-02,1.747578e-04,1.737773e-01,1.542797e-01,1.427636e-01,-1.183913e-01,3.838138e-02,6.648152e-02,4.485711e-02,-4.061005e-02,-1.462687e-01,-1.562930e-01,-1.491194e-02,5.202127e-02,1.888241e-02,-4.665227e-02,-8.410656e-02,-5.924050e-02,-1.433289e-01,9.061135e-02,-4.273945e-02,-4.015970e-02,-4.647560e-02,-7.438545e-02,2.388218e-02,1.240342e-01,8.866532e-03,8.699938e-02,4.853050e-02,2.174466e-02,-4.529785e-02,-1.430438e-01,-5.847762e-02,6.544897e-02,7.650765e-02,-5.007726e-02,-5.427586e-02,4.611187e-02,-5.349648e-02,
-6.191396e-02,-1.558899e-02,5.386078e-02,4.372606e-02,3.998478e-02,4.651894e-02,1.545618e-01,-1.130141e-02,1.016891e-02,3.870726e-02,-5.556373e-03,-4.579080e-02,2.336334e-02,9.583351e-02,7.366471e-02,1.210915e-01,8.779020e-02,-9.490014e-02,1.267114e-01,-4.835076e-02,4.277370e-02,-1.537141e-01,2.613270e-02,1.361681e-01,-4.529368e-02,-1.071540e-02,9.182654e-02,-8.021894e-02,-1.073076e-01,-7.634300e-02,-1.087978e-02,3.411189e-02,-7.495616e-02,-3.638500e-02,-8.616828e-02,-4.333298e-03,-7.258389e-02,1.039406e-01,-8.272062e-02,3.316561e-02,1.121429e-01,1.485314e-02,-1.640429e-01,3.028440e-02,6.223795e-02,-2.525395e-02,5.514554e-02,-1.128953e-02,2.572515e-02,-4.255397e-02,
-1.826025e-01,-7.334953e-03,-6.004880e-02,-4.048901e-03,-1.479549e-01,-1.750235e-02,1.410303e-01,-1.696874e-02,7.499032e-02,9.876218e-02,-3.406677e-01,-5.047157e-02,7.135944e-02,-7.105472e-03,-6.542525e-02,1.320625e-01,1.794854e-02,1.184392e-01,-7.394101e-02,-3.473034e-02,7.877083e-02,3.549884e-02,-1.299452e-02,3.188061e-02,5.625268e-02,2.731667e-02,3.646271e-02,-1.050418e-01,-4.845931e-02,6.604554e-02,1.708887e-02,9.573361e-03,-4.857909e-02,2.186955e-02,-3.653402e-02,1.319908e-01,-7.007337e-02,2.260130e-02,-7.167074e-03,-1.903099e-02,2.180108e-02,-1.764831e-02,5.357382e-02,2.365139e-01,2.895373e-02,5.123354e-02,1.077466e-01,2.969989e-02,2.192425e-02,-3.433917e-02,
-1.327844e-02,3.150971e-02,4.083208e-02,-8.636626e-02,-1.184284e-02,-2.212517e-02,-2.863194e-03,5.554894e-02,1.849398e-01,9.003915e-03,-3.226648e-02,2.007159e-02,-5.197716e-02,-1.309684e-01,1.741225e-02,4.062163e-02,-5.612919e-02,2.466553e-02,-8.081683e-02,4.708441e-02,-8.559320e-02,2.496495e-02,-4.496719e-02,1.369881e-01,-1.791433e-02,4.816553e-02,-2.702465e-02,-2.948894e-02,6.300382e-02,-5.946735e-02,4.305706e-02,-2.314166e-02,-1.142262e-01,-6.868416e-02,6.400928e-02,8.107471e-02,4.201267e-03,-9.238468e-02,6.317895e-02,-1.376058e-01,4.334504e-02,1.406523e-02,-9.573192e-02,-1.067547e-02,4.970472e-02,1.103481e-01,1.840680e-01,9.294786e-02,7.032094e-02,-1.048397e-01,
-5.753955e-02,-7.366074e-03,9.892083e-02,8.179780e-02,5.911681e-02,2.979677e-02,-1.298007e-02,-6.723566e-02,6.827849e-03,1.962958e-02,2.868012e-02,-7.012214e-02,-1.024218e-01,-4.370408e-02,-4.842028e-02,-1.021298e-01,8.106254e-02,3.045086e-02,1.282208e-02,1.721423e-03,-2.389680e-01,3.637028e-02,-4.440731e-02,-8.895775e-02,-4.341638e-02,-1.960619e-01,-9.311289e-02,-8.670495e-02,-3.122053e-02,2.307007e-01,9.695614e-02,4.235614e-02,-1.434198e-01,-1.304529e-01,4.129339e-02,-1.138637e-01,-1.651571e-02,-3.690568e-02,6.996782e-02,-4.428540e-02,1.857811e-01,-3.934304e-02,-3.341756e-02,-1.175822e-01,-3.967538e-02,-4.306783e-02,-6.593287e-02,6.134721e-02,5.493406e-02,1.500358e-01,
-2.177001e-03,2.235859e-02,1.104850e-01,3.763860e-02,3.236364e-02,3.546295e-02,-1.596167e-02,-5.353080e-02,-5.431986e-02,3.767908e-02,-3.147370e-02,-1.510189e-03,-1.642104e-01,-5.247191e-02,-6.482138e-02,5.520368e-02,-1.044777e-02,-7.902850e-02,-1.045695e-02,-3.075331e-02,-1.959764e-01,3.991024e-02,-1.165763e-01,-5.770091e-02,5.736430e-02,-1.102255e-01,2.445223e-02,-1.108786e-01,2.145288e-02,-7.866147e-02,-9.180141e-02,6.070016e-02,-1.058644e-01,-2.222920e-02,8.442300e-02,-1.464267e-01,-7.850104e-02,6.151794e-02,-4.275586e-02,-3.032360e-02,3.171345e-02,-2.359429e-02,-5.323990e-02,1.640002e-02,-4.296866e-03,8.156525e-03,-6.585258e-02,-7.168852e-02,1.623643e-01,-6.343787e-02,
-3.200433e-03,2.876397e-01,-7.806864e-02,2.635355e-02,2.101549e-04,-2.419633e-02,2.432905e-02,-2.054059e-01,-2.542485e-02,-1.172874e-02,3.787030e-03,-9.864392e-02,-1.034958e-01,-1.069621e-01,-4.302302e-02,2.131784e-01,-8.457181e-03,-3.336872e-02,-8.667986e-02,-3.073817e-02,3.901249e-02,1.384208e-01,-1.969442e-02,-8.538833e-02,6.713494e-02,-3.543976e-02,9.731480e-03,-1.004479e-01,5.757079e-03,-1.833410e-01,-2.094315e-02,7.343338e-02,3.819966e-02,-1.392252e-02,-1.880613e-02,-1.612112e-01,1.153771e-01,3.321301e-02,-1.221837e-01,-1.959383e-02,-5.341158e-02,1.597722e-01,-5.659945e-02,5.195532e-02,1.141660e-01,-2.459802e-01,9.977896e-02,-2.457217e-02,4.964610e-03,-1.926062e-01,
-1.197893e-03,7.581674e-02,8.451388e-02,-2.087994e-01,4.414283e-02,-3.474090e-02,-6.995923e-02,5.676384e-02,4.989284e-02,3.010109e-02,-3.850931e-02,5.790702e-02,-3.704543e-02,1.025674e-01,-8.433384e-02,6.114573e-02,-4.744059e-02,7.272077e-02,1.031843e-01,-1.036334e-01,7.593713e-02,6.456803e-02,1.279949e-01,-9.221140e-03,-1.134591e-01,1.350285e-01,-7.128221e-02,-2.370118e-02,-2.005400e-02,-1.203713e-01,-3.617340e-03,-4.847497e-02,-1.713613e-01,3.226602e-02,-1.117848e-01,-2.772524e-02,1.444043e-02,-5.130290e-02,-4.129412e-02,-1.640510e-02,-8.033117e-02,1.416988e-01,8.703089e-02,3.704917e-02,1.040454e-01,-3.553367e-02,-1.012428e-01,6.885959e-02,-8.916641e-03,1.798340e-01,
-7.944653e-03,2.192956e-02,1.076510e-01,-2.082435e-01,-2.836324e-01,-1.004253e-01,-1.125953e-02,-3.972511e-03,-4.403044e-02,1.208698e-01,3.804428e-02,4.800815e-02,1.342451e-01,-5.365717e-02,2.064355e-01,-2.440221e-02,-8.617289e-02,2.132460e-01,1.368324e-01,8.695352e-02,5.341819e-03,9.721553e-02,-1.073376e-01,-4.203356e-02,-1.664882e-01,-1.111681e-01,2.953940e-02,2.051148e-01,-3.267667e-02,8.732232e-02,-1.183801e-02,3.659683e-01,-1.129918e-02,-9.843939e-03,-7.791341e-03,-4.853596e-02,3.602138e-03,2.991734e-03,-2.826168e-02,-8.467357e-02,1.511830e-02,-8.701410e-02,6.849742e-02,-1.459508e-01,-5.063131e-02,5.623200e-02,-5.298839e-02,-4.585075e-03,4.506145e-02,-1.060910e-01,
-9.627748e-03,-1.830948e-03,8.938226e-02,-4.459423e-02,-3.195319e-02,-2.309329e-02,6.869629e-02,8.572422e-03,-2.709595e-03,-3.619571e-01,-3.619054e-02,-4.809874e-02,-6.014013e-02,-4.369514e-02,2.602726e-01,2.416708e-03,4.348656e-02,-7.255191e-02,1.054761e-01,7.732215e-02,1.305775e-01,1.608798e-01,-1.502453e-01,-4.977923e-02,2.462762e-02,-8.767379e-02,8.367390e-02,1.553530e-01,-1.162899e-01,-4.558997e-02,-6.703608e-02,1.050166e-02,1.423937e-01,5.057603e-02,6.852771e-02,7.259803e-02,1.870633e-02,-7.799524e-03,-3.122354e-02,3.266317e-02,9.584763e-02,-1.191072e-01,-9.401274e-02,4.437261e-02,-6.015074e-02,-1.870123e-02,-7.922114e-02,4.637578e-02,-4.128097e-02,-3.443786e-02,
-1.077712e-01,-2.785388e-02,-5.694465e-03,3.369423e-02,2.448584e-02,2.118048e-02,2.909492e-01,-2.430813e-02,4.936418e-02,-1.119622e-01,8.010850e-02,-1.058383e-01,-2.712905e-02,3.512894e-02,-9.451441e-03,-2.447810e-01,7.331729e-02,6.854453e-03,7.347989e-02,-1.405492e-01,2.534305e-02,5.482303e-02,1.153033e-01,-7.844959e-02,9.455430e-02,1.460620e-01,-6.452020e-02,4.328502e-02,-6.868161e-02,-7.983084e-02,-4.241918e-02,-5.769877e-03,7.508972e-02,2.893565e-02,7.696291e-02,-8.389513e-02,-7.845412e-02,8.771435e-02,-2.329391e-02,1.104548e-01,-1.178901e-01,-2.804555e-02,6.825784e-02,4.724744e-02,1.899948e-02,-1.721985e-02,4.949258e-02,-1.132060e-01,1.164467e-03,-2.220205e-02,
-2.165847e-02,-5.524356e-03,7.093575e-02,5.109696e-02,2.809490e-02,5.895649e-02,1.166526e-01,-6.608651e-03,1.897963e-01,7.026327e-03,4.204083e-02,9.811473e-03,1.086707e-01,-3.760207e-02,-1.922027e-02,-3.767419e-02,2.796327e-02,1.009711e-01,-5.517097e-02,1.038230e-02,-1.888777e-01,7.821693e-02,1.441107e-01,-2.701381e-02,3.110899e-02,-1.005828e-01,-6.636827e-02,1.424060e-02,-1.096662e-01,2.439332e-02,1.417308e-01,2.922219e-02,-3.909856e-02,-6.707127e-02,4.074357e-02,-1.102707e-01,2.615373e-02,1.640501e-02,-4.017993e-04,-2.490196e-02,1.572617e-02,4.007893e-02,-6.227199e-02,-3.028777e-02,6.588385e-02,1.467455e-02,7.702985e-02,3.972336e-02,-2.773974e-01,-1.633643e-01,
-2.777630e-01,4.915581e-02,8.395929e-02,-5.274952e-02,7.315891e-02,-1.257955e-01,-7.838854e-02,8.475899e-02,-1.470320e-01,-1.699963e-01,5.922098e-02,7.643517e-02,1.535551e-01,-1.257806e-02,-9.946620e-02,5.223652e-02,8.593093e-02,-1.350350e-01,1.502439e-01,1.802497e-02,-4.389194e-02,-5.433839e-02,3.461172e-02,-5.323457e-02,8.804481e-03,-2.019569e-01,3.184851e-02,8.728400e-02,-1.782531e-03,8.911552e-02,-5.069105e-02,-3.790111e-02,-1.714073e-01,2.542448e-02,7.492442e-02,1.764270e-02,5.684087e-02,-3.857551e-02,-1.437693e-01,2.377559e-02,2.410516e-02,-3.735542e-03,6.402385e-02,-5.520418e-02,1.144602e-01,-3.074991e-02,2.324349e-01,-2.523465e-02,7.102054e-02,-7.331726e-02,
-3.097783e-02,4.812317e-02,6.497252e-02,-1.797677e-01,4.848409e-02,1.069843e-02,1.513576e-03,1.815943e-02,-7.323094e-02,3.512814e-02,-1.951149e-02,5.932001e-02,-1.358889e-02,-3.815214e-02,-1.714347e-02,-3.819102e-02,-1.887395e-03,4.298883e-03,-2.556781e-02,5.861170e-02,-1.905765e-02,-9.253605e-02,-4.326808e-02,-1.400202e-01,1.444918e-01,1.505650e-01,7.035930e-02,1.029644e-01,1.927014e-01,-7.190272e-02,3.622313e-02,-5.118863e-03,-2.455780e-02,-3.050996e-02,-1.229205e-01,-1.784003e-01,-9.882560e-02,1.056147e-01,-1.479388e-01,-9.985527e-02,-4.567314e-02,-8.729185e-02,-3.278996e-02,1.696141e-02,-1.788136e-01,-5.895604e-02,-2.331515e-02,8.727986e-02,1.138276e-01,-1.170231e-01,
-1.505019e-02,1.249107e-01,-3.740249e-02,-5.037545e-02,7.022327e-03,2.000325e-01,-5.115979e-02,-2.201207e-01,-3.953593e-02,8.028808e-02,-8.772959e-03,3.974298e-02,-1.236992e-01,-1.931554e-01,-7.242775e-02,-6.617169e-02,-1.048893e-02,8.620488e-02,-1.386991e-02,2.915341e-02,1.791988e-01,2.675659e-02,-7.122764e-02,-1.173763e-01,-3.786059e-02,-1.473788e-02,4.814755e-02,-1.908281e-02,7.002272e-02,-1.210512e-01,1.464810e-01,1.340110e-02,1.483842e-01,1.663548e-02,-1.828781e-01,-1.124601e-01,-2.536600e-03,-3.724055e-02,-2.416625e-02,-6.860301e-02,1.382506e-01,1.017096e-01,-1.387169e-01,1.380636e-02,2.749868e-02,8.601655e-02,-3.222105e-02,5.171145e-02,-1.218367e-01,5.575312e-03,
-3.217671e-05,6.325712e-02,6.042897e-03,-4.006081e-02,1.076997e-02,3.279249e-01,-5.795328e-02,1.175913e-01,1.328299e-01,1.363374e-01,-4.719919e-03,1.339719e-01,-6.030194e-02,1.185603e-03,-1.926691e-01,1.023649e-01,-1.641603e-02,8.357118e-02,4.628819e-02,-4.745693e-02,-2.809593e-02,1.423548e-01,1.784294e-01,2.949604e-03,-3.879664e-02,-1.109220e-01,3.225003e-02,5.166824e-02,-1.604032e-01,-1.560168e-01,-7.387087e-02,5.180222e-02,1.650391e-01,4.767861e-02,8.951432e-02,1.206627e-01,1.791204e-01,1.620521e-02,-1.934606e-03,-3.330491e-02,3.231901e-02,-2.776779e-02,4.036360e-02,6.421300e-03,4.873967e-02,1.108098e-02,-1.345947e-02,4.619090e-03,4.131611e-02,1.719300e-01,
-8.550062e-05,1.564106e-01,-1.649416e-02,5.692555e-02,-1.895507e-03,2.522563e-01,-3.087803e-02,1.481523e-01,2.662785e-02,1.210721e-01,9.124171e-03,-4.367463e-02,8.767431e-02,1.327277e-01,1.756926e-01,-4.042189e-02,8.939451e-02,7.927948e-02,-2.891665e-02,-2.066524e-02,-8.335956e-02,2.073414e-01,1.589603e-02,1.448657e-01,1.277708e-01,7.703467e-03,-2.547866e-02,-1.165955e-02,-1.637979e-02,1.010684e-01,-9.795567e-02,-4.734416e-03,-5.363108e-02,-2.973478e-02,-1.845060e-03,4.789747e-02,7.265678e-02,3.523788e-02,-5.032251e-02,-3.268834e-02,4.718201e-03,7.589271e-02,6.271169e-02,-6.963915e-02,-5.293063e-03,-2.761868e-02,-6.374332e-02,6.632231e-02,1.438575e-01,-2.119206e-01,
-4.248254e-04,6.939002e-02,8.664790e-02,3.657345e-02,2.405063e-02,7.813723e-02,-4.358727e-02,7.803846e-02,-3.966287e-02,-3.390794e-01,-6.417751e-02,-5.149588e-02,5.290758e-02,-2.631776e-02,8.425546e-02,1.804475e-02,-1.344215e-02,-3.675293e-02,-1.086358e-01,2.085789e-03,-5.270367e-02,9.201852e-02,-1.845898e-01,-7.675332e-03,6.791810e-02,1.615363e-01,6.151513e-03,-1.050210e-01,-1.363149e-01,1.693578e-02,1.122860e-01,1.023103e-01,-2.182978e-02,4.676120e-02,3.493407e-02,6.769067e-02,-7.609881e-03,7.895233e-02,-2.598397e-02,-1.148027e-02,-3.543104e-02,6.602959e-02,-3.735913e-02,1.056952e-02,3.794485e-02,-9.516396e-02,6.750792e-02,1.206463e-01,4.546000e-02,4.606811e-02,
-2.369291e-02,1.396734e-01,7.215560e-02,6.583035e-02,-6.392132e-02,-4.353442e-02,1.296644e-02,8.883401e-02,-4.312802e-02,-1.049008e-01,4.159348e-03,-1.931672e-01,1.069472e-01,-5.732080e-02,-8.062237e-02,-7.722120e-02,-7.734889e-02,2.700664e-02,-1.283679e-01,9.212355e-02,1.252165e-01,-7.779468e-03,6.202448e-02,-3.056806e-02,-6.300506e-03,1.735795e-02,-7.881115e-02,-4.638317e-02,-2.509073e-03,-4.801968e-02,1.934586e-02,-2.159138e-02,2.682935e-02,-9.762365e-02,-3.376162e-03,6.417093e-02,6.496859e-02,1.757367e-02,9.587290e-02,8.827782e-02,8.390823e-02,-5.099983e-02,-2.652959e-01,-2.545236e-02,-1.084174e-01,1.064161e-01,-7.203275e-02,-9.615326e-02,6.888881e-02,4.290049e-02,
-6.790513e-02,4.351431e-02,2.123121e-01,7.078485e-02,6.633334e-02,-7.352457e-02,2.361958e-01,3.794991e-02,-8.495543e-02,2.938679e-02,4.605786e-02,6.931603e-02,1.737817e-01,-5.592802e-02,-1.491274e-02,5.617054e-02,-1.559404e-02,5.049328e-03,3.334941e-02,4.640810e-02,5.268130e-02,8.079595e-02,8.100295e-02,-1.925903e-02,-5.372204e-02,-1.809996e-01,-1.713841e-01,1.471365e-03,-1.773417e-02,-9.788296e-02,1.742526e-02,-7.096874e-02,-4.686584e-02,4.375313e-02,9.178891e-03,-3.047580e-02,1.014031e-01,1.184348e-01,2.482244e-01,9.984604e-03,1.782588e-02,-6.251582e-02,7.763999e-02,9.507245e-02,8.157295e-02,1.134016e-01,-5.820228e-02,-3.052424e-02,-5.486916e-02,-7.833255e-02,
-1.142284e-01,-9.628334e-03,1.755269e-02,-2.032800e-02,-2.636465e-01,2.292258e-01,1.878830e-01,-5.014646e-02,3.612708e-02,-1.609011e-01,9.889963e-02,1.338258e-01,-1.875612e-02,-1.887623e-02,-1.037558e-01,7.000143e-02,2.415401e-03,2.325013e-03,-5.100594e-02,-6.550705e-02,-1.825510e-02,-1.734003e-01,-8.112644e-02,2.353895e-01,8.657814e-03,-8.067273e-02,-6.469811e-02,1.214004e-02,-5.831700e-02,1.380885e-01,-1.368002e-01,-1.067858e-01,2.775873e-02,-3.237164e-02,2.891246e-02,-1.776505e-01,-6.328078e-02,-1.469465e-01,-5.223020e-03,1.454416e-03,-5.217476e-02,-4.046150e-02,2.675488e-02,-4.876675e-02,1.451279e-02,-3.665677e-02,1.044556e-02,9.926833e-02,-5.294130e-02,8.373901e-02,
-2.789785e-02,-6.963262e-03,3.882987e-02,-2.266508e-02,-8.106631e-02,2.334255e-01,1.379705e-01,1.296502e-02,2.481908e-03,1.830607e-02,3.745852e-02,9.701331e-02,1.487938e-01,-9.692054e-02,7.896036e-02,5.082188e-02,9.391286e-03,-9.097577e-02,6.088414e-03,-9.500049e-02,8.425515e-02,-3.142875e-02,1.158158e-01,-1.187513e-01,1.040059e-01,9.970652e-02,2.117367e-01,-4.897630e-03,1.513181e-01,3.768689e-02,-2.946526e-03,9.478670e-02,-2.209647e-04,-1.428038e-02,-1.163427e-01,-1.634251e-01,6.156274e-02,2.959104e-02,2.559387e-02,5.923355e-02,2.028921e-02,5.904404e-03,-7.357957e-02,2.334312e-02,-1.804395e-01,1.263222e-01,1.517388e-01,-1.370951e-01,4.006873e-02,-4.891586e-02,
-9.148211e-02,-2.363915e-02,8.196522e-03,7.603465e-03,2.747540e-02,2.459926e-01,-5.485273e-03,-1.091053e-01,-1.415131e-01,1.366828e-01,4.290939e-02,-1.701926e-02,1.111074e-01,-1.000873e-01,-1.482443e-02,-1.596936e-01,5.864010e-02,3.584587e-02,1.155424e-01,1.852996e-02,1.155605e-01,1.103713e-02,-1.150587e-01,-1.453122e-01,-2.577974e-02,-1.389433e-01,9.394048e-02,-9.675836e-02,-1.194587e-02,-7.276102e-02,1.024987e-01,-3.874953e-02,-6.317752e-02,5.071014e-02,-2.090932e-01,-4.026355e-02,7.845043e-02,-9.156485e-02,4.426787e-02,1.249476e-01,-2.657499e-02,-5.465080e-02,-9.779985e-02,1.968117e-02,1.234376e-01,6.164632e-02,-5.934540e-02,4.287652e-03,9.145939e-03,-1.315205e-02,
-3.585545e-03,-8.487286e-04,6.666136e-02,-3.512383e-02,2.518520e-02,1.183813e-01,8.496115e-03,-2.690419e-02,-3.883548e-02,7.122344e-02,-7.811349e-03,-2.080640e-02,-1.053613e-02,-5.744784e-02,-7.842835e-02,-4.578801e-02,-3.238076e-04,-4.063822e-02,9.843791e-02,2.286311e-01,-3.051751e-02,1.013827e-03,3.798463e-02,-3.230471e-02,-1.098552e-01,-1.045986e-01,-7.142957e-02,9.735154e-03,1.849338e-02,-4.738095e-02,2.532668e-02,-7.604154e-02,2.505390e-02,5.444515e-02,9.154666e-02,5.065283e-02,-5.699063e-02,7.371277e-02,-2.258826e-01,-4.016983e-02,-7.016929e-02,-3.771728e-03,1.576552e-01,5.345682e-03,9.741552e-04,-7.253459e-02,4.464105e-03,-9.502683e-02,6.645848e-02,7.366790e-02,
-5.003741e-03,1.114168e-02,2.232652e-01,1.220580e-01,5.696912e-02,5.071050e-03,-2.025555e-02,-1.959294e-01,-7.426827e-02,2.266544e-02,-1.982996e-02,-1.489183e-01,5.048362e-02,-1.368388e-02,4.576790e-02,-5.286496e-02,1.259683e-02,-1.005696e-01,-7.060182e-02,-5.635931e-02,3.792733e-02,-1.605071e-02,1.401924e-01,3.830154e-02,3.521789e-02,2.230696e-02,-7.979958e-02,2.495415e-02,-7.999852e-02,-9.358814e-02,-7.586489e-02,6.705084e-02,-4.794584e-02,-1.065325e-01,-6.534132e-03,1.049177e-01,-4.307225e-03,4.712457e-03,-4.981771e-02,-2.181626e-01,3.996463e-03,-7.370632e-02,2.745011e-01,-2.981310e-02,-1.227516e-01,1.352715e-01,-2.430499e-02,6.189480e-02,-6.134958e-03,-3.596710e-02,
-1.352993e-03,3.097143e-02,3.084961e-01,-2.325903e-02,9.906714e-02,-9.133387e-02,-9.549842e-02,-2.076602e-02,-5.423947e-02,9.515608e-03,-7.152260e-02,1.306479e-01,1.271755e-01,-6.828214e-03,-4.720320e-02,1.452531e-02,-9.137615e-02,-4.364176e-02,-1.868607e-01,-2.514058e-01,3.766253e-02,-4.148729e-02,2.636982e-02,-1.346011e-02,6.574506e-02,7.377353e-02,2.013329e-01,1.239907e-01,-1.408325e-01,6.622267e-02,-9.639072e-02,3.512070e-02,-3.942420e-02,1.082711e-01,1.154685e-03,1.337859e-01,1.542014e-02,4.980167e-02,-8.456729e-02,4.721897e-02,6.745853e-02,1.323195e-01,-1.808525e-01,6.301648e-03,4.004083e-02,-1.404791e-02,6.672868e-02,-4.531737e-02,-9.030328e-02,-1.117741e-01,
-7.643787e-03,2.864638e-01,2.681437e-02,-3.524487e-02,2.962553e-02,-8.610453e-02,2.841229e-02,1.922845e-02,-7.935089e-02,2.440897e-03,-1.085627e-02,-6.705197e-02,7.437941e-03,-2.898645e-02,-1.195099e-01,-2.261858e-02,-6.057546e-02,3.724165e-02,-1.424919e-01,1.901688e-01,1.133427e-01,3.840730e-02,8.232233e-02,3.642697e-02,5.061813e-02,-1.584374e-02,-5.005308e-02,6.020926e-02,3.549108e-02,1.446653e-01,6.377494e-02,-7.983414e-03,1.305065e-01,2.134203e-01,5.134917e-02,7.171278e-02,-1.179852e-01,-1.715201e-02,1.632553e-01,9.162702e-02,-4.917053e-02,-6.301304e-02,-1.950242e-01,3.672378e-02,3.501450e-02,1.424004e-02,-1.154751e-01,-8.775791e-02,-1.242551e-02,2.990298e-02,
-9.508520e-03,8.960851e-02,8.903326e-02,2.013230e-02,1.171402e-03,5.269110e-02,6.664176e-02,1.711257e-02,-2.069533e-02,2.996327e-02,4.152937e-03,6.727051e-02,-1.056382e-01,1.573370e-02,8.015854e-02,1.015730e-01,3.325719e-02,-1.253238e-02,5.012851e-02,1.185831e-01,7.661703e-02,9.883925e-02,-2.190389e-02,1.224823e-01,-1.244783e-01,-2.019159e-02,-1.070572e-01,-2.040249e-01,1.528185e-01,3.845926e-03,-1.085755e-01,-2.103719e-02,1.396273e-01,-2.360950e-02,1.428840e-01,2.139583e-02,-2.047683e-01,-1.283753e-01,5.089403e-02,-7.146993e-02,-1.187415e-01,-1.916346e-02,-1.867167e-02,2.096039e-02,2.490627e-02,-6.666102e-02,-7.938049e-02,-1.163957e-02,2.878667e-02,-2.572609e-02,
-1.010818e-05,5.306749e-02,8.665574e-02,3.763946e-02,-4.008218e-02,5.927333e-02,-3.730444e-02,5.246226e-02,-3.070070e-02,-7.209589e-03,-1.394387e-02,-1.319775e-01,5.495951e-02,2.908823e-02,-4.922721e-02,-5.170969e-02,-4.331663e-02,9.605206e-02,-9.553164e-02,-8.606193e-02,5.156516e-03,-7.853863e-03,-1.557515e-01,1.384077e-01,-4.004320e-02,-9.447435e-02,-8.602687e-02,2.623105e-02,3.352390e-02,-6.983059e-02,5.521375e-02,-9.456991e-02,7.093282e-02,1.774828e-02,-5.311743e-02,-4.918429e-02,3.571770e-02,7.242527e-02,8.340999e-02,1.131013e-02,1.083719e-01,4.817188e-02,2.031177e-01,-1.762483e-02,-4.404235e-03,2.245357e-02,1.839584e-01,6.532313e-03,2.847763e-02,-2.096479e-02,
-8.088036e-04,1.430010e-02,7.493468e-02,-3.235563e-02,-3.594408e-03,1.318819e-02,-3.496476e-02,4.190824e-02,-3.038674e-02,3.322440e-02,-1.653656e-02,-7.277345e-02,-1.925305e-03,-2.390504e-03,7.848831e-03,5.635313e-03,-1.593388e-02,-1.508538e-01,3.893484e-02,-9.712531e-02,-8.291303e-02,-9.709587e-04,7.089699e-02,1.203352e-01,2.984541e-02,-1.480478e-02,1.391141e-01,9.840519e-02,-3.231050e-02,-2.685969e-02,2.489546e-02,-8.680035e-03,9.798375e-02,7.804122e-02,-1.959476e-02,-2.878867e-02,-6.062259e-02,1.093645e-02,4.481002e-02,-1.833703e-01,5.976495e-02,-9.119200e-02,-8.529967e-02,6.103623e-02,8.164060e-02,1.084634e-01,1.687833e-01,-5.130247e-02,-1.720570e-01,-5.937823e-02,
-3.711102e-02,6.890651e-03,3.162110e-02,-7.735442e-02,-1.138543e-01,3.489233e-02,-5.036999e-02,6.685355e-02,-3.898488e-02,1.104993e-01,3.039725e-02,-1.963455e-01,8.089802e-02,-8.201821e-02,-5.019140e-02,-1.010211e-02,-1.158422e-04,-2.102446e-02,1.342069e-01,-2.892988e-02,3.750795e-02,-1.338563e-02,1.908910e-02,-2.131771e-02,2.525372e-02,4.662359e-02,1.580619e-01,-1.239083e-01,-4.905682e-03,4.415172e-02,2.884800e-02,-1.223896e-01,2.953057e-02,5.249432e-02,7.227863e-02,1.482410e-02,-1.592351e-01,-6.339613e-02,-1.481388e-01,-1.342687e-01,-1.125304e-01,2.220890e-02,-4.284098e-02,-1.113103e-03,-1.324413e-01,-5.764329e-02,-8.833763e-03,1.271434e-01,-1.083489e-01,-3.613666e-02,
-4.644904e-02,3.772059e-03,1.545871e-02,-9.299553e-02,2.744002e-02,4.780926e-02,1.745281e-01,6.070796e-02,8.156119e-02,4.947330e-02,3.978906e-02,-4.632620e-02,-2.630191e-03,-1.365674e-01,7.436149e-03,3.380232e-02,-1.475887e-02,-6.385876e-02,1.480784e-01,6.474381e-02,3.192945e-03,7.535651e-02,1.617092e-02,-9.674789e-02,8.710720e-02,2.972766e-02,7.716646e-02,-1.179891e-01,7.212801e-02,-3.717223e-02,8.617983e-02,-4.024199e-03,-7.764601e-02,-1.560576e-03,6.950809e-02,1.100114e-01,-1.492302e-01,-6.633615e-02,5.113199e-02,-4.940605e-03,-6.872929e-02,-1.387415e-02,6.867640e-02,-3.919949e-03,1.129084e-01,-1.527226e-01,-4.106528e-02,-4.604284e-02,1.448882e-02,2.825198e-02,
-2.772939e-01,1.207648e-02,-1.479808e-01,3.653369e-02,1.341075e-01,1.873450e-02,-5.506705e-03,1.745824e-02,1.540389e-01,-1.080853e-02,1.229943e-01,-1.463805e-02,1.921411e-03,-3.433356e-03,2.687260e-01,6.571937e-02,-3.592732e-01,-3.118955e-02,6.316530e-02,1.088455e-01,-4.372208e-02,-7.447342e-02,1.439055e-01,-1.032969e-01,2.004315e-02,2.445189e-02,-6.210987e-02,-5.329569e-02,-4.786545e-02,-3.675521e-02,2.155069e-02,1.523527e-02,6.394354e-02,9.383465e-02,-5.667349e-02,-3.498645e-02,-8.107006e-02,-1.029489e-01,4.804997e-02,7.435890e-03,5.715879e-02,3.640288e-02,7.615524e-02,-2.349112e-02,1.643765e-01,6.374178e-02,1.163735e-01,-2.169968e-02,-2.239997e-02,-2.694798e-02,
-1.065283e-02,6.299865e-02,7.479503e-02,-8.508563e-03,3.537629e-02,-1.140916e-02,4.834187e-02,-2.399027e-02,7.864711e-02,5.934093e-03,3.061717e-03,7.876379e-02,-4.274705e-02,2.630707e-01,9.765281e-02,6.759975e-03,5.691742e-02,-4.410067e-02,-6.614128e-02,1.007022e-01,-6.959879e-02,-2.172257e-01,8.470373e-03,-6.840928e-02,-1.011459e-01,-8.246575e-02,-5.074443e-03,-4.830070e-02,-1.511605e-01,1.973908e-01,-1.047530e-01,-4.380562e-02,2.366713e-01,-4.192531e-02,-1.476497e-01,-6.268160e-02,1.121948e-01,-5.754004e-02,-1.770272e-01,-3.290031e-02,-8.111163e-02,-3.662974e-02,-1.474930e-02,-4.316818e-02,-6.048405e-02,-4.010954e-02,-1.457256e-02,-9.028341e-02,2.383336e-02,-1.012087e-01,
-3.985492e-03,2.786042e-01,-7.810473e-02,-1.385442e-03,5.609913e-03,-5.446974e-03,2.636265e-02,-2.015675e-01,-8.802562e-02,8.321427e-03,4.107171e-03,1.493022e-01,-1.155921e-01,1.111014e-01,4.457976e-02,-9.185722e-02,3.381623e-02,-1.226367e-01,-7.380036e-02,-3.434822e-02,7.305510e-02,1.071402e-01,3.069389e-02,-1.359341e-01,-3.207854e-02,-8.303653e-03,-3.897962e-02,-1.340495e-01,-6.174939e-02,1.603938e-01,-8.727814e-02,7.029807e-02,-1.410360e-01,-1.180698e-01,1.577133e-01,2.183703e-01,-4.404310e-02,1.363223e-02,-1.410092e-01,1.178854e-01,-7.059615e-02,-9.109251e-02,1.984828e-02,1.269801e-02,-4.087432e-02,1.086744e-01,-3.602102e-02,-3.406850e-02,-3.202404e-02,-9.994876e-02,
-1.898545e-05,6.323891e-02,1.001486e-01,1.458629e-02,3.221015e-02,6.357519e-03,-4.776397e-02,2.899424e-02,1.872254e-02,2.815697e-02,-1.932671e-02,6.353134e-02,-1.026003e-01,3.660220e-02,2.674591e-02,2.091397e-02,1.095269e-02,1.844934e-02,-8.245861e-02,-1.195621e-01,9.706215e-02,1.044302e-01,-6.159821e-02,2.863651e-02,-1.183650e-01,-2.645356e-02,-1.337257e-02,-9.852466e-03,1.046077e-02,-3.749899e-02,-8.357136e-02,4.120370e-04,-1.302496e-01,-4.808606e-02,1.096525e-02,4.530663e-02,-1.343183e-01,-1.838493e-02,4.334063e-02,1.745308e-01,-1.303636e-02,7.476791e-02,1.299935e-01,7.736495e-02,-4.041306e-02,-2.304376e-02,5.117965e-02,-5.079156e-02,-6.540026e-02,-9.244728e-02,
-8.039918e-03,5.480786e-02,8.998799e-02,6.032944e-02,-3.831339e-02,4.669537e-02,-4.632038e-02,5.598364e-02,-8.257241e-02,8.481654e-02,-1.057484e-03,-3.976498e-02,-3.125972e-02,-1.374679e-02,-6.359353e-02,-1.561309e-01,-2.323235e-02,9.192796e-03,2.192469e-02,4.950990e-02,-7.655989e-02,-8.945956e-02,1.019129e-02,-3.936919e-02,6.941629e-02,-6.144166e-02,-8.107171e-02,-1.065105e-01,-2.757001e-02,7.850739e-02,-1.023228e-01,1.359846e-01,-5.629098e-02,8.931844e-02,-6.620699e-02,-2.639263e-02,-2.076466e-02,-8.497053e-02,-4.183863e-02,5.762726e-02,5.282491e-02,-1.648060e-02,-1.533209e-01,-6.588613e-02,2.605631e-02,-9.467898e-03,-6.538154e-02,-1.816074e-02,-6.254380e-02,8.387280e-02,
-5.100777e-05,2.799250e-02,5.852154e-02,3.168676e-02,-2.319291e-03,8.705689e-03,-1.987005e-02,2.206370e-02,4.372306e-02,1.715135e-02,-3.282473e-03,-5.765614e-03,-1.288841e-01,-6.171449e-02,-1.563539e-02,-7.373387e-02,3.193596e-03,-3.704574e-02,3.353825e-02,-2.653382e-02,-7.633970e-02,-5.479423e-02,-1.550835e-01,-1.020331e-02,7.568686e-02,-4.649232e-02,-7.961266e-02,3.108269e-02,4.099839e-02,8.104730e-02,-2.321626e-01,1.692771e-02,-1.084312e-01,1.824011e-01,-1.270241e-01,1.103916e-02,-4.403681e-02,1.485310e-01,7.639280e-02,-7.101090e-02,-1.649179e-01,-1.262702e-01,-7.597400e-02,-7.436638e-02,4.260146e-02,6.035723e-02,5.736578e-02,-4.232163e-02,-4.890141e-02,7.241448e-02,
-7.268776e-05,1.324389e-01,-1.253666e-03,7.660668e-02,-1.707349e-02,1.798720e-02,5.099840e-05,2.171322e-02,2.407213e-01,-1.559651e-02,2.532448e-02,-2.449416e-02,8.419809e-02,-1.882738e-01,8.130997e-02,-1.664976e-01,1.210445e-02,1.103337e-01,-9.246806e-02,4.414596e-02,2.367691e-02,1.235343e-02,2.101324e-02,1.229950e-02,-2.594983e-02,1.255697e-01,8.318623e-02,1.459693e-01,4.965536e-02,-4.951342e-02,-3.145387e-02,5.837854e-02,-1.653566e-02,-7.391674e-02,1.298791e-01,3.083248e-02,2.381539e-01,2.762336e-02,3.149866e-02,9.966266e-03,-2.348022e-01,-3.857595e-02,4.958606e-03,-9.283054e-02,1.903578e-01,-1.561802e-02,1.372147e-02,1.128136e-02,1.519930e-01,-2.952224e-02,
-2.385372e-04,1.781383e-02,9.725367e-02,-2.456855e-02,1.343078e-02,2.142196e-02,-4.845739e-02,-1.729417e-02,2.885235e-01,-1.049972e-02,-7.030184e-03,6.079289e-02,1.463808e-01,4.144007e-02,4.605288e-02,3.369080e-02,-3.709052e-03,1.539533e-01,1.973477e-01,-1.454395e-01,5.879038e-02,1.541942e-01,-8.971777e-02,2.604096e-03,-9.334565e-02,7.637117e-03,6.353001e-02,1.240624e-01,-3.840242e-02,1.215279e-02,5.699129e-02,-8.815434e-02,-4.646599e-02,-3.996488e-03,2.684460e-02,-5.939386e-02,6.191663e-03,-7.912332e-02,-1.526694e-01,8.052218e-02,-7.761809e-02,-5.644093e-02,-5.350234e-02,6.711167e-02,-4.095420e-02,1.697292e-01,-9.547171e-02,-1.128498e-03,-2.060906e-02,2.199483e-01,
-1.783960e-02,5.739482e-03,7.599484e-02,-2.690498e-01,-4.330995e-02,-3.331854e-02,-3.450279e-02,-2.423947e-01,-2.423408e-02,5.239051e-02,-2.449716e-02,7.195191e-03,-2.552045e-02,3.263392e-01,-4.727110e-02,-3.441408e-02,-4.900738e-02,1.824695e-01,2.542946e-01,8.853429e-02,6.800186e-02,4.839693e-02,3.105302e-02,3.210922e-02,6.820889e-02,4.918796e-02,-1.718194e-02,-7.028444e-02,-8.050563e-03,2.830347e-02,5.687422e-02,4.569139e-02,7.254716e-02,-2.573168e-02,1.041327e-01,6.384483e-02,1.057389e-02,1.682214e-02,8.233174e-02,-5.363687e-02,1.683532e-01,-7.090757e-02,4.274705e-02,-2.524743e-02,-2.166786e-02,5.959820e-02,1.857558e-01,-9.495965e-02,-3.795977e-02,-1.031807e-01,
-5.400353e-02,-1.229681e-02,5.285648e-02,-2.203289e-01,-2.423546e-03,-3.179108e-02,2.070432e-01,6.574328e-02,-9.966658e-02,-1.195913e-01,5.138450e-03,-5.503910e-02,-1.566289e-01,4.389962e-02,-1.531772e-01,6.907517e-03,-4.347279e-02,2.927296e-02,3.728930e-02,7.017336e-02,9.637884e-02,3.177175e-03,6.804881e-03,-8.107299e-02,1.343896e-01,-8.167041e-02,1.898139e-02,1.352013e-01,-9.773583e-02,-5.496631e-02,4.169952e-02,9.649120e-02,-4.237356e-02,-1.871721e-01,-1.237836e-02,1.453617e-01,-2.233234e-02,3.338059e-02,1.850312e-02,-5.369040e-02,-4.444084e-02,2.244807e-01,-1.871549e-02,-2.550728e-01,8.949723e-02,-1.801408e-02,1.195015e-01,5.032208e-02,9.970086e-02,7.024080e-02,
-2.775772e-01,-6.901609e-02,-3.444161e-02,2.501233e-02,-1.716101e-01,-8.695728e-02,1.103317e-02,-9.880205e-03,-5.809154e-02,8.998728e-02,1.626668e-01,-4.259885e-02,-1.245985e-02,6.194262e-02,-1.246833e-01,1.640428e-01,1.072615e-01,-1.555905e-01,-1.839704e-01,-2.319902e-01,-2.383326e-02,9.453832e-02,-5.137626e-02,-1.373409e-01,-1.127669e-01,1.036096e-01,-2.803641e-02,4.900576e-02,1.906886e-01,9.347871e-03,5.422022e-02,1.185808e-01,1.839019e-02,-1.493966e-01,-8.085284e-02,1.032849e-01,-9.273530e-03,-4.946823e-02,5.892853e-02,-3.809943e-02,-3.108798e-02,5.578200e-02,2.204974e-02,-7.877847e-02,8.157253e-02,-5.979050e-03,-7.697718e-02,-7.324438e-02,1.290048e-01,1.075835e-01,
-2.238456e-02,-3.489988e-03,1.361478e-01,8.465104e-02,-3.596864e-02,4.383941e-02,-4.805273e-03,1.698884e-02,-2.383357e-02,7.641354e-02,1.700712e-02,4.150434e-02,6.928710e-02,4.024244e-02,-2.373084e-02,4.988711e-02,6.816962e-03,-7.350950e-02,-1.234432e-01,-6.905536e-03,-2.300638e-01,-2.694443e-02,9.729074e-02,-1.459468e-01,-8.105830e-02,-1.727413e-02,-7.735678e-02,-7.393265e-02,2.016881e-01,-1.010469e-01,4.783708e-02,2.197695e-02,-3.262623e-02,1.784517e-02,1.110234e-01,6.923855e-02,7.920268e-02,-6.036462e-02,-8.563282e-02,3.791821e-02,4.702999e-02,1.751824e-02,-4.328493e-02,1.773147e-01,1.047223e-02,5.112805e-02,-2.059511e-02,-4.320302e-02,-1.239579e-01,-5.018120e-03,
-1.205260e-01,2.576792e-01,1.001294e-01,-9.432914e-03,1.187167e-01,-1.157694e-01,-2.363083e-01,4.135939e-02,-9.223594e-02,3.157266e-03,-3.619600e-03,1.305910e-01,1.242008e-01,-3.275950e-02,-1.121672e-01,9.101663e-02,4.629597e-02,-6.718071e-02,1.508607e-01,9.155057e-02,9.284609e-03,5.458869e-02,1.805918e-02,3.455749e-02,1.431572e-01,3.067817e-02,4.180680e-02,8.914172e-03,-5.125404e-02,-3.495321e-02,-5.761479e-02,1.139107e-02,8.302614e-03,-7.779683e-02,6.876450e-03,-2.002813e-01,5.698695e-03,-9.100502e-02,7.621525e-02,1.225714e-01,4.294886e-02,-6.052965e-02,1.933317e-02,8.918200e-03,8.667296e-02,-7.375423e-02,1.450354e-01,5.430255e-02,1.593060e-02,1.054857e-01,
-5.494070e-02,8.131556e-02,1.530968e-01,-1.519904e-01,1.100874e-01,-1.110193e-01,-6.273855e-02,7.736079e-02,-5.345033e-02,3.439264e-02,-2.197934e-02,1.023899e-01,5.936705e-02,-5.369083e-02,-5.865627e-02,8.113919e-03,-2.027097e-02,9.211394e-04,3.931267e-02,-9.857722e-03,-1.399797e-02,-6.985091e-03,-4.422115e-02,1.368898e-01,1.272255e-01,5.655167e-02,-1.873533e-01,-1.722601e-01,1.849396e-02,-9.433419e-02,2.388257e-02,-1.182300e-02,6.303299e-02,-8.363373e-03,-3.455438e-02,-3.836479e-02,1.168152e-01,-5.906454e-02,-2.993507e-02,-2.093635e-01,-7.035729e-02,-1.592093e-01,-1.279619e-03,-6.588642e-02,-9.289969e-02,-6.759508e-02,-1.146548e-01,-1.307919e-01,3.801121e-02,5.528159e-03,
-1.367178e-01,-6.711280e-03,1.490660e-02,-1.475481e-01,1.160029e-01,-2.312706e-02,-1.240548e-01,-4.824029e-02,1.133903e-01,-2.079387e-03,1.490409e-02,-1.586295e-01,6.683806e-02,-8.358016e-02,-2.030290e-02,-7.562189e-02,6.621144e-02,-5.591204e-02,-1.760802e-01,-5.621039e-02,1.124140e-01,-5.226787e-02,7.858398e-02,1.035744e-01,-5.695259e-03,-5.129529e-02,6.033952e-02,-5.985492e-02,-6.198667e-02,8.144169e-02,1.413065e-01,1.344388e-01,3.621492e-02,-2.465105e-02,1.127316e-01,-1.126878e-01,7.060753e-02,1.320602e-01,-9.101528e-02,-1.347241e-01,-9.598421e-02,-3.707212e-02,-2.474691e-02,-6.042266e-02,3.823943e-02,-1.547099e-03,-8.908798e-02,-8.094814e-02,-1.097780e-02,4.518035e-02,
-6.103046e-02,-1.484543e-02,3.492679e-02,3.597061e-02,4.700565e-02,1.442594e-01,4.286164e-02,3.511075e-02,1.525468e-01,4.973288e-02,3.468859e-02,-1.858085e-02,1.346020e-01,3.442976e-02,-1.015512e-01,1.112079e-02,2.522364e-02,-1.896940e-01,-1.267606e-01,8.338274e-02,8.307746e-02,6.737011e-02,-1.027636e-01,3.373088e-04,1.912738e-03,-1.282504e-01,-2.766737e-02,5.076459e-02,-1.106216e-01,-2.847152e-02,-5.038884e-02,1.003018e-01,1.600261e-02,1.321591e-01,1.558335e-02,8.621732e-02,5.025431e-02,5.568763e-02,-1.736327e-01,-8.564808e-02,-8.375722e-02,-8.414208e-03,-4.565914e-02,-5.151630e-02,-2.233052e-02,7.780677e-02,5.330978e-02,9.352765e-02,5.760744e-02,3.272203e-01,
-1.486548e-01,-3.837608e-02,-3.876232e-02,-2.003959e-02,7.536979e-02,3.181632e-01,-1.258430e-01,1.004961e-01,-1.063496e-01,1.731841e-01,3.351642e-02,-1.374334e-02,1.072882e-01,1.099197e-01,1.270753e-01,-1.044824e-01,1.417354e-01,-4.581537e-02,6.121352e-02,8.205092e-03,-4.679731e-02,1.035014e-01,-1.421569e-01,3.357232e-02,2.008770e-01,1.372853e-01,-1.493497e-01,9.646261e-03,5.362932e-03,7.928474e-02,-1.818935e-01,5.038665e-02,-5.446204e-02,4.363762e-02,-5.014859e-02,1.330638e-01,-9.360614e-03,8.438670e-02,1.755557e-01,6.747309e-02,3.158702e-02,1.112756e-01,-8.578089e-02,-1.567877e-02,1.967776e-02,-4.574437e-02,3.785358e-02,-7.783442e-04,6.211728e-02,-6.607556e-02,
-5.895387e-02,-1.515354e-02,9.449950e-03,-1.260817e-01,2.105037e-02,2.938661e-01,-4.458929e-02,1.385487e-01,-2.259236e-01,-1.978800e-01,-4.286519e-02,6.225995e-02,-1.308374e-01,-8.791278e-02,-3.764518e-02,7.955578e-03,8.666713e-03,-3.444692e-02,7.888515e-03,1.040530e-01,-1.519884e-01,2.014868e-02,6.405646e-02,-2.985361e-02,-1.472937e-01,2.121986e-01,5.735290e-02,-2.816353e-02,-1.796766e-01,3.094361e-02,1.995820e-01,6.666088e-02,-2.656052e-02,-7.662276e-02,-2.849968e-02,8.307349e-02,6.765104e-02,-3.421384e-02,-1.950683e-02,5.847767e-02,7.535649e-02,-8.604167e-02,5.056294e-02,5.293096e-02,-3.727268e-03,-4.626992e-02,-1.006405e-01,3.618910e-02,-8.466049e-02,-7.109650e-02,
-1.305430e-01,-1.884214e-02,-7.211176e-03,-3.568606e-02,-2.588737e-01,5.513168e-02,-1.798624e-01,5.758201e-02,6.687235e-03,-1.082109e-01,6.340168e-02,2.195071e-02,-2.134963e-01,3.970137e-02,-2.765547e-02,-4.277700e-02,3.605822e-02,-1.748602e-02,-1.812674e-02,-1.008765e-01,7.385475e-02,-1.062696e-01,1.464192e-01,1.122652e-02,-4.722999e-02,-7.088069e-02,-1.130472e-02,4.172349e-03,8.390105e-02,-1.179387e-01,5.920465e-02,-6.759049e-02,3.237775e-02,-5.748285e-02,3.485870e-02,1.113148e-01,4.558965e-02,-4.818735e-02,5.057836e-03,-9.245590e-02,-1.368707e-02,-6.410609e-02,-6.536046e-02,-2.349716e-02,7.020693e-02,-3.153189e-02,-6.643442e-02,2.096920e-02,-2.122664e-02,-4.418798e-02,
-5.341151e-02,1.933033e-02,1.309667e-01,7.882811e-02,-4.181831e-02,4.981233e-03,-3.937434e-02,1.689916e-02,1.028107e-01,1.568735e-02,2.787875e-02,8.381684e-02,-4.909735e-02,2.185398e-01,-2.580038e-02,1.096636e-01,6.004290e-02,3.894595e-02,-7.128115e-02,5.901012e-02,1.285099e-01,-1.534521e-01,1.331897e-01,-5.121452e-02,8.960358e-02,-1.165067e-01,5.663966e-02,1.365576e-01,2.324121e-01,-2.822690e-02,2.044871e-02,5.919272e-02,2.160442e-02,-4.438456e-02,9.205517e-02,4.489003e-02,-1.685185e-02,-7.704667e-04,1.031659e-01,6.323957e-02,-2.534282e-02,1.972135e-02,-6.980122e-02,-7.221178e-02,3.086608e-02,9.774384e-04,1.516315e-02,3.612500e-01,2.749125e-02,-8.882558e-02,
-1.760232e-02,1.268604e-01,-8.776737e-03,-9.080866e-02,-1.129188e-01,2.613785e-01,-4.607494e-02,-1.733029e-01,4.882664e-02,-2.429072e-01,-2.703785e-02,1.439191e-01,3.384013e-02,-8.181097e-03,-7.247535e-02,5.627946e-02,-5.709195e-02,4.648824e-02,-2.027611e-01,1.566937e-01,-2.306556e-02,-4.756246e-02,7.361387e-03,-1.023186e-01,7.876851e-03,1.136775e-01,-3.276083e-02,1.635303e-02,1.877232e-04,9.190892e-02,-8.190124e-02,-2.946721e-02,-2.122119e-02,-5.391476e-03,3.766579e-03,-5.014815e-02,-4.027017e-02,9.412185e-02,1.038116e-01,-1.134741e-01,8.976580e-02,-5.827353e-02,1.462766e-01,-4.307698e-03,1.280938e-01,1.607598e-01,1.043445e-02,-8.298835e-03,-3.942011e-02,5.355652e-02,
-6.503643e-02,6.327321e-05,8.223889e-02,-1.988002e-01,2.552033e-02,1.470239e-02,2.532157e-01,5.780647e-02,-8.448640e-03,7.972513e-02,3.920557e-02,6.542566e-02,2.721578e-02,1.461432e-02,-1.054008e-01,-1.889144e-02,-3.717908e-02,5.723883e-02,-1.389164e-01,-3.122579e-02,1.410026e-02,1.524960e-02,-8.689138e-02,3.782871e-02,-1.771518e-01,-3.673496e-02,4.873374e-02,-1.116280e-01,-3.860986e-03,8.012692e-03,-1.421787e-01,-1.614752e-01,-2.590006e-02,1.202391e-01,-2.733164e-02,-4.265869e-02,9.338573e-02,-5.691118e-02,2.956261e-02,-1.100236e-01,1.684435e-02,-1.114256e-01,-1.039951e-01,-6.239995e-03,4.681694e-02,-6.070575e-02,-9.546865e-02,1.279776e-01,1.238999e-01,-2.029201e-01,
-2.777225e-01,-6.104950e-02,3.692326e-02,-9.701289e-02,5.142419e-02,-1.056624e-01,-5.526313e-02,2.294763e-02,-4.133340e-02,7.230312e-02,9.698565e-02,-3.392597e-02,-1.153676e-02,-7.198333e-02,-5.105804e-02,6.969328e-05,1.447519e-01,1.543707e-02,-4.269104e-02,8.669657e-03,6.433178e-02,2.774821e-02,3.109070e-02,1.508349e-01,7.548870e-02,-6.605469e-02,1.193213e-01,-9.795374e-02,-9.925591e-02,-3.250431e-02,5.960353e-02,-1.787505e-02,4.738684e-02,-2.952070e-02,7.243276e-02,-8.544438e-03,1.958615e-02,3.798213e-02,-6.406168e-02,1.171110e-01,-3.611079e-02,-2.339896e-02,1.314428e-01,-6.394663e-02,2.226307e-02,1.717095e-01,-2.563460e-01,-9.053597e-02,-5.650776e-02,-1.239034e-01,
-2.986266e-02,-5.045236e-03,2.257290e-01,9.087578e-02,3.097227e-04,-6.000817e-02,5.514830e-03,3.754812e-04,-5.527731e-03,4.483995e-02,1.171801e-02,3.162263e-02,-3.017079e-02,-8.603407e-02,-2.410432e-02,5.689182e-02,1.010054e-02,-1.291112e-01,5.074730e-02,3.295529e-01,7.602168e-02,8.977365e-02,2.844647e-02,6.547190e-02,1.110257e-01,9.634090e-02,-1.480670e-01,4.081268e-02,5.416857e-02,4.674195e-02,9.022493e-02,-2.872635e-02,1.586978e-01,9.976172e-02,-5.152542e-02,-1.569581e-02,6.577691e-02,-4.374365e-02,-2.251700e-01,1.776283e-01,5.018958e-02,2.251598e-01,1.242052e-01,4.635530e-02,-1.481854e-02,6.992270e-02,-4.015574e-02,2.130422e-01,2.899486e-02,-1.269216e-02,
-1.362947e-02,3.423744e-03,2.087420e-01,1.363355e-01,-1.370481e-01,-5.012506e-02,-6.225489e-02,-5.759318e-03,-4.109363e-02,8.893757e-02,1.311322e-02,-1.448075e-01,-2.526316e-04,-5.583755e-02,-2.723944e-02,-7.446603e-02,-6.285830e-02,-1.420987e-01,1.306691e-02,4.808233e-02,8.635891e-02,2.791827e-02,1.450857e-02,5.619072e-02,3.297937e-02,1.716352e-01,-3.099165e-02,1.210420e-01,9.709916e-04,8.722484e-02,-5.414332e-02,-1.095855e-01,-6.846540e-02,-8.378475e-02,-1.197002e-01,1.356874e-02,-4.121104e-02,-9.056975e-02,1.636706e-01,-9.709810e-02,1.436553e-02,-1.847518e-01,1.191846e-02,8.408753e-02,-2.035016e-02,5.309945e-02,6.079418e-02,1.528540e-01,-5.680595e-02,4.034063e-02,
-3.673916e-05,5.583682e-03,1.999147e-01,1.045722e-01,-3.639605e-02,4.575847e-02,-5.927114e-02,2.423638e-02,-5.568367e-02,-2.272033e-02,-3.267354e-02,5.771586e-02,4.569688e-02,-1.294145e-02,-1.377440e-01,-1.855302e-02,-1.009426e-01,9.763101e-02,-2.453140e-02,-1.102326e-01,-3.234342e-02,3.961948e-02,-3.881133e-02,-9.840589e-02,-5.881095e-02,7.068769e-02,2.187700e-01,-1.652385e-01,-1.033980e-01,-7.888737e-03,-5.865273e-03,1.473695e-02,1.700065e-01,-3.483399e-02,-9.834577e-02,7.038710e-02,-5.181682e-02,-2.074446e-01,1.498037e-01,6.146253e-02,-1.093915e-01,-5.008575e-02,1.474581e-01,-5.513405e-02,-4.709851e-02,-2.042115e-02,1.364823e-01,-1.449903e-02,5.652274e-02,-6.654007e-02,
-5.442013e-05,9.143116e-02,2.548082e-03,2.923609e-03,-1.692333e-01,1.278559e-01,-1.476524e-02,7.908911e-02,-6.437272e-02,-6.137813e-02,6.298558e-03,-7.891964e-02,-1.421097e-03,5.745976e-02,-1.633984e-02,-1.687926e-01,-5.166059e-02,7.560963e-02,2.062896e-02,-1.992882e-02,4.495224e-02,-4.418920e-02,1.248243e-01,2.601396e-03,1.054879e-01,-2.163041e-01,-7.957776e-02,-5.882167e-03,1.812759e-02,-1.186417e-01,8.245219e-02,-1.026042e-01,-8.961368e-02,6.855905e-04,-1.912149e-02,1.134261e-01,-1.513161e-01,3.735802e-02,-1.024459e-01,-4.606282e-02,-1.051227e-02,5.731033e-02,-7.596575e-02,6.508893e-02,7.173330e-02,9.383059e-02,8.366516e-04,-6.314126e-02,8.368057e-02,-5.805029e-02,
-1.448639e-04,3.540841e-02,2.642621e-02,-1.902353e-02,-5.941298e-02,2.551007e-01,-4.599023e-02,1.473534e-02,-2.557457e-04,-9.986489e-02,-2.880325e-02,9.406006e-02,-9.312764e-03,-4.708257e-02,1.206213e-01,9.920202e-02,1.623817e-02,-6.939791e-02,1.087667e-01,-6.198230e-02,8.734880e-02,-1.549395e-01,1.472489e-01,1.439052e-01,1.214093e-01,-5.079099e-02,-8.448271e-02,1.107895e-01,1.804030e-01,-2.859509e-02,4.311324e-03,6.805962e-02,-5.633725e-02,-3.770780e-03,9.705974e-02,-8.268823e-02,-5.586637e-02,3.984795e-02,-4.497155e-02,5.741968e-02,-8.868231e-02,3.327571e-02,2.955864e-02,-2.440794e-02,-1.881728e-01,-6.223472e-03,-6.718966e-02,-7.318618e-02,-5.621320e-02,-8.744951e-02,
-5.982693e-02,-1.542122e-02,5.786219e-02,1.034558e-01,3.612835e-02,8.595085e-02,-1.011363e-01,-7.246797e-02,-1.572327e-02,-4.100317e-02,2.166004e-03,-1.546028e-01,-1.057644e-01,6.996461e-02,-1.183687e-02,-1.454752e-02,-1.176085e-01,-1.693054e-02,-4.389112e-02,1.153022e-01,1.194746e-01,3.800437e-02,-1.039226e-01,3.680863e-02,-1.618843e-01,-4.755710e-02,1.456281e-02,1.063324e-01,9.443541e-02,1.066947e-01,1.300401e-02,-1.168151e-02,-4.810937e-02,-2.386084e-03,-4.067440e-02,-1.023899e-01,3.910838e-02,-7.061980e-02,2.092214e-02,-8.147503e-02,-1.216617e-02,2.000849e-01,7.979567e-02,1.103311e-01,-2.788713e-02,-3.429648e-02,3.830773e-02,-1.706292e-01,9.989125e-03,1.123979e-02,
-6.013978e-02,-1.553069e-02,5.285686e-02,3.395910e-02,2.531929e-02,4.110867e-03,4.865249e-02,1.930971e-04,2.881998e-02,1.760955e-02,2.975637e-02,-6.836398e-03,-1.112434e-01,7.939768e-02,6.795930e-02,-3.600025e-03,-8.214654e-02,-8.629244e-02,-3.956308e-02,1.324988e-01,-3.958127e-02,1.047848e-01,4.497055e-02,6.505941e-02,-2.042637e-01,4.501848e-02,3.533677e-02,-1.056151e-01,5.478537e-02,-2.809350e-02,-9.114043e-02,-3.973556e-02,1.048369e-01,1.855360e-02,-2.257545e-02,-6.443875e-02,-5.357501e-02,1.922229e-01,-7.720613e-02,-5.158359e-02,7.960338e-04,-8.527570e-02,-3.783444e-02,1.163920e-02,7.316381e-02,3.108946e-02,2.951159e-01,-7.084027e-02,9.093059e-02,-1.315049e-02,
-2.774949e-01,-6.563574e-02,-3.691859e-02,3.659770e-02,-1.788276e-01,-9.196442e-02,-2.278324e-01,-6.217985e-03,1.054186e-01,8.689013e-02,1.279791e-01,2.317393e-01,-4.303270e-02,-1.292554e-01,6.181885e-02,-6.204386e-02,1.268347e-01,-3.713919e-03,-5.192504e-02,1.252464e-02,4.096605e-02,9.204444e-02,-6.835815e-02,1.552461e-02,8.401939e-04,4.707032e-02,-1.086342e-01,-4.904510e-02,-1.894258e-01,-2.036364e-02,1.683506e-02,-1.483526e-01,1.130292e-01,1.757889e-03,-1.361465e-02,-2.262096e-02,-2.216495e-01,1.742202e-01,-1.575174e-02,2.793860e-03,-1.095255e-01,-1.157927e-02,-6.020435e-02,9.392307e-02,-7.831363e-02,1.145857e-01,2.756736e-02,-2.537977e-02,2.905755e-02,-6.230182e-02,
-5.752730e-02,-1.066803e-03,1.019277e-01,-1.303060e-02,-1.987757e-02,-3.296529e-02,8.161596e-02,2.814524e-02,2.294649e-01,2.038690e-02,5.046757e-02,1.167528e-01,-1.609791e-01,-9.307701e-02,1.557118e-02,8.133186e-02,1.798497e-02,1.041066e-02,-1.057446e-01,-1.852010e-02,8.892717e-02,5.069716e-02,2.726529e-02,-1.212495e-01,1.658929e-01,3.083577e-02,-9.884424e-02,7.123057e-03,-6.344724e-02,1.574698e-01,9.551048e-02,3.883891e-02,-6.115092e-02,1.596001e-01,-9.069217e-02,-2.066180e-02,-5.583841e-02,-9.940123e-02,1.335787e-01,-5.594098e-02,1.646852e-01,2.277434e-02,4.085832e-02,3.842483e-02,-4.946620e-02,-4.078307e-02,-5.761433e-02,-2.110705e-01,1.340300e-01,3.937745e-02,
-7.736021e-02,2.516412e-01,-1.469563e-01,-1.033499e-01,1.993140e-02,-4.533741e-02,5.814899e-02,1.813689e-01,7.148083e-02,2.465297e-02,6.509546e-02,-2.357386e-02,-7.852342e-02,-1.290552e-02,8.805595e-02,-1.454200e-02,-1.348911e-01,-8.017749e-02,3.709284e-02,-1.118804e-01,-4.378425e-02,-1.291962e-01,1.122420e-02,-4.812081e-02,5.928397e-02,7.130118e-02,-5.331410e-02,3.395428e-02,-2.532312e-02,1.047822e-01,5.027807e-02,-2.719384e-02,-6.998213e-02,1.731204e-01,-9.662250e-02,6.595696e-03,1.242011e-02,7.592619e-03,-5.125111e-03,-7.116307e-02,3.320350e-02,-6.440909e-02,1.326799e-01,-5.942941e-02,2.543997e-02,-5.448327e-03,-2.621367e-02,2.418763e-02,-2.104189e-01,1.822964e-02,
-1.506421e-02,5.301714e-02,5.041670e-02,-8.437551e-02,4.024962e-02,2.163946e-02,-3.198746e-02,7.045333e-02,7.031741e-02,3.238959e-02,-5.934107e-03,4.510475e-04,1.174956e-01,-1.869599e-02,-1.964462e-02,6.817715e-03,-7.113784e-02,3.002389e-02,6.266316e-02,-7.353995e-02,-1.733173e-01,-1.717531e-01,-1.171191e-01,-2.088705e-01,-1.929721e-02,-4.327441e-05,-5.908399e-02,3.313207e-02,-6.828391e-02,-1.038086e-01,1.781447e-02,-1.011327e-01,1.816474e-01,-2.034065e-01,6.179135e-03,1.381955e-01,-9.010365e-02,3.300425e-02,1.086303e-01,-4.379939e-02,-1.134869e-01,4.124078e-02,2.850593e-02,8.406355e-03,-3.630963e-02,-9.780962e-02,3.045450e-02,-8.011672e-02,4.447333e-02,1.812431e-02,
-1.614826e-02,3.212426e-02,5.074540e-02,-1.313606e-02,3.120839e-02,6.762864e-02,-3.212557e-02,-9.574062e-02,-7.937069e-02,4.575976e-02,-1.379585e-02,-2.245234e-01,9.335908e-02,-1.421248e-02,2.411562e-02,1.260381e-02,-4.915114e-02,6.028648e-02,2.804897e-02,3.020296e-02,-8.493122e-02,-2.717550e-02,1.614602e-01,-5.659658e-02,-4.131482e-02,-5.355168e-02,2.014939e-02,1.224537e-02,-3.430905e-02,-6.238488e-02,-2.323609e-02,-5.417709e-02,-2.808223e-02,-6.199695e-03,-1.023063e-01,4.014561e-02,-2.301749e-01,-1.639863e-02,-6.902770e-03,-3.839890e-02,-1.828035e-01,-7.101361e-02,-3.100535e-02,1.717875e-02,-9.397447e-02,-5.929291e-02,2.557702e-02,1.026536e-01,-5.360715e-02,7.360062e-02,
-1.471176e-02,-2.501656e-03,8.964864e-02,4.240410e-02,3.167617e-02,6.425540e-02,-2.992621e-02,-9.323082e-03,-2.729099e-02,2.333827e-02,-1.264506e-02,-5.535708e-02,5.016080e-02,-4.902211e-02,-2.205572e-03,3.346114e-02,-5.323492e-02,-2.556914e-02,6.125398e-02,1.338595e-02,3.051917e-02,2.757527e-02,-8.268635e-02,3.375437e-03,-1.073671e-02,-1.952941e-02,-8.691599e-02,3.078781e-01,2.869406e-02,9.662601e-02,9.291476e-02,-7.307586e-02,-1.102757e-01,-9.866470e-02,-6.413967e-02,1.744960e-02,-8.288410e-02,-4.504265e-02,4.512267e-02,-1.196462e-01,-8.268470e-02,1.009362e-01,1.032797e-01,1.575836e-01,8.289206e-02,-3.390560e-02,-7.535775e-02,-6.910021e-02,-4.184416e-02,-6.921033e-02,
-3.746129e-03,2.569347e-02,3.942680e-02,-2.860058e-02,-3.239555e-01,-5.845583e-02,1.847380e-02,2.641307e-02,-3.164035e-02,1.391620e-01,6.727513e-02,-8.286615e-02,-2.507376e-02,-4.361330e-02,-8.714132e-02,3.125958e-02,-1.191742e-01,4.668308e-02,3.954428e-02,2.505407e-02,-1.104098e-01,-1.993642e-01,-9.347930e-02,4.983282e-02,7.423624e-02,-2.699889e-02,-9.610357e-02,2.617700e-02,-1.325590e-01,-4.578074e-02,-5.636770e-02,4.653975e-01,5.897956e-02,-5.793941e-02,4.182004e-02,-1.218115e-02,1.037257e-02,7.688618e-02,-4.757382e-02,1.656115e-01,-5.636116e-02,-2.252195e-03,-2.852915e-02,3.062232e-01,6.152055e-02,-7.709240e-02,9.415124e-03,-7.699715e-03,-5.292235e-02,3.923457e-02,
-1.375705e-03,1.132801e-03,7.891781e-02,-5.498659e-03,-1.905472e-02,-1.110711e-02,-1.296443e-02,1.304502e-02,2.153385e-02,2.502985e-02,-2.886231e-03,-6.494230e-02,-1.828833e-01,-2.683789e-02,1.569081e-02,8.280208e-02,1.451618e-02,-3.599960e-02,7.626725e-02,-3.651497e-02,-4.022325e-02,-1.647320e-01,-7.977120e-02,-9.076512e-02,5.836598e-02,-6.357466e-02,-8.205528e-03,9.580796e-04,-1.479097e-02,-5.528226e-02,-9.887639e-02,4.321639e-02,3.785810e-03,2.519343e-01,2.979899e-02,9.221850e-03,7.188397e-02,-2.845739e-02,5.373747e-02,-1.164611e-01,-1.404610e-01,9.425553e-03,3.741683e-02,4.844907e-02,1.437935e-01,5.012527e-02,-3.885473e-03,5.160533e-02,-6.679126e-02,1.950250e-02,
-8.699145e-03,-2.091535e-03,9.437318e-02,-1.186873e-02,2.887251e-02,6.464322e-02,1.589847e-02,3.587942e-02,-4.771684e-02,6.269994e-02,-1.571260e-03,-1.566148e-01,-2.925853e-02,8.574770e-02,1.207294e-01,3.727565e-02,5.878436e-02,6.066569e-02,-2.979141e-02,3.149157e-02,1.297954e-01,-5.740805e-02,1.470732e-01,-1.632858e-02,-9.055810e-02,1.480048e-01,3.168213e-02,-4.890590e-02,2.982457e-02,9.437698e-02,9.733538e-02,2.120614e-02,2.232248e-02,-8.527449e-02,9.542835e-02,-8.341887e-02,8.543693e-03,3.871454e-02,7.050048e-03,-8.949861e-02,-1.200112e-01,-7.469051e-02,-1.066322e-02,7.472250e-02,2.179522e-01,9.987383e-02,2.199345e-02,-1.423225e-02,1.630679e-01,-1.630763e-02,
-8.030599e-03,-1.804680e-03,7.566181e-02,-3.163570e-02,3.124051e-02,6.492719e-02,5.201607e-02,2.432185e-02,-1.202012e-03,5.219804e-02,-5.375377e-04,1.692407e-02,5.027176e-02,1.395998e-01,1.067062e-01,1.748596e-02,4.254151e-02,-5.753354e-02,-4.387814e-02,-4.966861e-02,7.771206e-02,2.957150e-02,-4.961801e-02,2.430526e-02,-4.816681e-02,5.563246e-02,-5.054145e-02,-7.398936e-02,-2.501252e-02,2.253854e-02,1.583897e-01,2.208194e-02,3.123333e-02,-6.367251e-02,-4.168568e-03,1.337552e-03,5.590398e-02,-1.001602e-01,-1.856814e-01,6.780087e-02,-4.266981e-03,-5.064533e-02,-3.686270e-02,3.745802e-02,-8.823187e-03,5.385394e-02,1.909620e-01,-7.381085e-02,-1.237349e-01,2.649198e-01,
-7.458352e-02,-1.159303e-02,-7.016740e-06,-7.303836e-02,5.908717e-02,1.724746e-02,2.150138e-01,-1.223671e-01,5.291539e-02,7.396969e-03,4.709741e-02,-8.951847e-03,3.299965e-03,1.904986e-01,-6.325617e-02,-1.721656e-01,5.324901e-02,-2.698938e-04,-1.759293e-02,-4.335477e-02,8.558541e-02,3.001745e-02,-1.204820e-01,3.904783e-02,1.186823e-01,-1.016131e-01,-5.651002e-02,4.789013e-02,-4.685809e-02,-5.975887e-02,5.763037e-02,-2.532629e-03,-5.747568e-03,4.417349e-02,2.839678e-03,6.916689e-02,5.970047e-02,-1.895071e-01,9.572904e-02,-5.911129e-03,4.064237e-02,1.175415e-01,4.177170e-02,1.060198e-01,-1.212100e-01,-8.702904e-02,2.455137e-02,-1.124792e-02,-5.488096e-02,-4.067601e-02,
-1.437213e-02,6.433352e-03,4.243002e-02,-1.101895e-01,3.606798e-02,-2.045375e-02,4.184126e-02,-3.163208e-02,5.264630e-02,9.804923e-04,4.895837e-03,4.256065e-02,-1.176487e-01,-4.725982e-02,2.365502e-02,-6.552712e-02,3.277392e-02,-2.981607e-02,1.036171e-01,5.343616e-02,4.637623e-02,3.821686e-02,4.019678e-03,7.459158e-02,3.902686e-02,-4.454295e-02,1.255712e-01,8.570976e-02,6.698272e-02,5.837955e-02,-1.470910e-01,-8.914883e-02,-6.901353e-02,-1.302882e-01,-2.916556e-02,4.591788e-02,-4.130653e-02,-5.272622e-02,3.535439e-02,-6.851650e-02,-4.398263e-02,1.150716e-01,-1.525009e-01,2.228350e-02,1.072770e-01,5.324762e-02,-2.199878e-02,-5.445888e-02,7.267965e-03,5.958288e-02,
-3.840900e-02,1.994736e-01,-7.265441e-02,2.241432e-02,-2.112152e-02,-4.107098e-02,-2.058751e-02,-1.241836e-01,5.437423e-02,-1.420010e-02,5.008189e-02,1.054453e-01,9.607751e-02,-9.899733e-02,-3.442085e-02,-7.258493e-02,3.023774e-02,-3.490418e-02,1.184444e-01,-3.050092e-02,-6.984129e-02,5.721438e-02,1.695072e-02,3.973435e-02,-8.513266e-02,-4.006736e-02,-2.010769e-02,2.691152e-02,3.128010e-01,1.199492e-01,-6.665704e-02,-1.372608e-02,5.349837e-02,-5.773692e-02,-1.251969e-01,1.501258e-01,1.654668e-01,-8.040454e-02,-1.730381e-02,7.706182e-02,1.151827e-02,-2.627329e-02,-4.638414e-02,-6.670360e-02,-1.317299e-02,-9.038267e-02,5.102595e-02,-4.253292e-02,-9.928431e-02,4.150647e-02,
-2.303095e-03,3.771151e-02,5.864641e-02,1.481659e-02,-2.280342e-02,-1.515364e-02,-1.047649e-02,1.312619e-02,1.229265e-01,6.973999e-03,9.683445e-03,3.989825e-03,4.106116e-02,-1.532717e-02,-5.916810e-02,8.569949e-03,-2.653802e-02,9.242060e-02,-3.526254e-02,1.391618e-01,-1.844354e-01,-1.148474e-02,9.251051e-02,5.210842e-03,-4.467380e-02,8.402902e-02,1.397517e-02,2.958282e-02,1.766329e-01,-3.957956e-03,-8.143227e-02,-4.083876e-03,-1.765777e-02,-3.998409e-02,4.226981e-02,4.216303e-02,4.070095e-02,1.589229e-01,-2.314866e-02,1.767142e-01,-8.859423e-03,-6.000621e-02,3.934677e-02,1.377681e-02,8.252977e-03,-3.244331e-02,8.582098e-03,-2.589467e-02,-1.496911e-01,-2.128984e-02,
-3.566657e-05,2.881394e-01,-8.091126e-02,7.421312e-02,-1.795915e-02,-2.099699e-02,1.490863e-02,7.539427e-02,9.749709e-04,1.647991e-02,3.107198e-02,4.069165e-02,-1.780698e-02,1.813536e-01,3.996317e-02,-1.558191e-01,3.688796e-02,-1.125334e-01,4.794760e-03,5.323800e-02,4.194938e-02,-9.748963e-02,-1.375273e-01,2.891013e-02,1.286973e-01,7.524272e-03,2.624626e-01,-3.097787e-02,-3.906732e-03,-1.346860e-01,-2.113388e-02,1.288785e-02,-6.151861e-02,-1.871888e-01,9.316580e-02,-1.892530e-01,-5.785909e-02,-5.143120e-02,7.814171e-02,-1.751304e-02,3.509686e-03,-9.341851e-02,1.590318e-01,3.824479e-02,1.304985e-01,1.199004e-01,-7.080179e-02,-1.468221e-02,-2.137782e-02,1.440908e-01,
-1.315682e-04,6.910548e-02,1.204646e-01,1.051356e-01,2.767651e-02,-6.392301e-03,-3.401862e-02,3.405274e-02,4.429879e-03,2.049286e-02,-1.359505e-02,6.861573e-02,-2.583414e-01,-1.344631e-02,2.062396e-01,7.344480e-02,9.164324e-02,-4.277061e-03,-2.778028e-02,-3.833586e-02,2.831459e-02,-1.845960e-02,-3.271364e-02,1.048305e-02,4.965152e-02,-1.656062e-01,1.891631e-01,-3.417906e-02,1.360139e-02,-9.241457e-02,3.489805e-02,3.340167e-02,-6.160423e-02,-2.203569e-02,-5.781948e-02,1.290669e-01,8.738107e-02,-1.464956e-01,2.856667e-03,-1.894954e-02,-8.966507e-02,-4.987678e-02,2.498365e-02,1.731025e-02,-1.176081e-01,-1.485761e-02,4.457047e-02,-2.667889e-02,-1.421658e-01,7.452127e-02,
-1.271466e-02,3.915987e-02,1.538337e-01,5.058265e-02,4.474192e-02,9.779188e-03,-3.466025e-02,4.638169e-02,-5.431461e-02,5.197775e-02,-2.074101e-02,-4.131210e-02,-1.542522e-01,7.232143e-03,1.496099e-01,-6.389300e-02,7.021554e-02,1.008327e-01,-7.458793e-03,-1.571029e-01,4.547410e-02,-1.156723e-01,7.937257e-02,5.407874e-02,-8.023290e-02,-2.324174e-02,-1.533359e-01,-2.937540e-02,-2.028246e-02,1.295393e-01,1.802217e-01,-1.159497e-03,1.658769e-02,-1.225079e-01,5.233406e-02,-1.808610e-01,1.234723e-01,6.886526e-02,3.398239e-02,5.910129e-04,1.184465e-01,4.449766e-02,-1.238620e-01,9.858279e-02,4.041887e-02,-6.803319e-02,5.030598e-02,1.505580e-01,7.550921e-02,9.302061e-02,
-5.194860e-02,-2.198972e-03,8.862844e-02,-2.973715e-02,6.103516e-02,2.652974e-02,2.051201e-01,4.153509e-02,-1.097979e-01,7.242299e-02,2.513415e-02,-2.161645e-02,-1.139345e-02,1.055970e-02,-1.786642e-02,1.250483e-02,1.682456e-02,3.972434e-02,7.608473e-02,-1.460874e-01,-2.348051e-02,-7.003281e-02,-1.528326e-01,-9.495020e-03,-5.731357e-02,2.987017e-01,-1.400485e-01,1.973077e-02,7.183082e-02,2.799293e-02,-2.422690e-02,-2.032320e-02,6.698982e-02,1.883437e-02,1.301059e-01,-2.914069e-02,-4.827293e-02,-6.224510e-02,-1.391384e-01,1.472789e-01,2.269910e-02,-8.537396e-02,-5.494241e-02,-7.600393e-02,1.843372e-01,5.285058e-02,-1.121542e-01,1.252489e-01,-1.235216e-01,-1.580686e-02,
-2.775850e-01,-6.050989e-02,-1.306078e-01,-7.978049e-02,9.167173e-02,-2.067834e-02,-6.212086e-03,2.020464e-02,-1.802661e-02,3.594693e-02,1.197616e-01,-2.210887e-01,-7.241324e-02,6.393885e-02,-1.056370e-02,9.255872e-02,2.097374e-01,9.066766e-02,-1.275550e-01,1.468545e-01,-1.050674e-01,7.998631e-02,-7.185582e-03,1.702672e-02,-3.177534e-02,1.118728e-01,4.640871e-02,1.830449e-01,1.204289e-02,-5.047523e-02,-1.500449e-01,4.552147e-02,6.860271e-02,9.775796e-03,-3.843241e-03,-2.682628e-02,2.585308e-02,-8.322188e-02,4.548886e-02,-4.318970e-02,6.088173e-02,1.055018e-01,-2.725045e-02,-3.306087e-02,-9.828021e-02,1.638860e-03,2.824107e-03,2.736510e-03,-2.496625e-01,2.096167e-02,
-2.087101e-02,7.201949e-03,1.097488e-02,-2.041697e-01,1.723547e-02,6.647686e-03,-1.436809e-02,4.781460e-02,2.550711e-02,-7.718474e-03,3.055466e-03,-7.107916e-02,-1.341819e-01,6.339875e-03,-1.022929e-01,-4.434519e-04,1.216505e-02,-9.532828e-02,1.204260e-01,2.322137e-02,-7.029947e-02,-2.651979e-02,1.023553e-01,1.665615e-01,-4.103175e-02,-5.843381e-03,3.587867e-02,-5.588415e-02,-2.296641e-02,-2.071935e-02,-5.690895e-02,-4.023053e-02,-1.617343e-02,-6.250478e-02,-7.953088e-02,5.466961e-03,1.896048e-01,2.731431e-01,1.802612e-01,1.311030e-01,3.153548e-03,1.375161e-01,8.824076e-03,1.174314e-01,-2.217311e-01,9.146102e-02,-4.358885e-02,2.945459e-02,4.061995e-02,4.563784e-02,
-7.255061e-03,7.789013e-02,-8.147840e-04,-8.900116e-02,-8.561989e-02,3.163831e-03,-3.850562e-02,-2.607917e-01,1.130633e-01,-2.761299e-02,7.714549e-03,-2.970612e-02,1.006170e-01,-1.724538e-02,-1.174161e-02,6.408853e-03,-4.300811e-02,-2.032327e-01,1.741297e-01,-1.612058e-01,2.755711e-02,1.437707e-02,6.129940e-02,1.386373e-01,-5.439572e-02,-4.624211e-02,2.724916e-02,-1.272004e-01,7.089835e-02,1.405104e-01,9.427249e-02,-3.221275e-03,2.680524e-02,9.054082e-02,-5.915880e-02,8.099665e-02,3.919841e-02,2.577922e-01,1.477108e-01,4.507373e-02,3.401663e-02,-2.663481e-02,7.580619e-02,-1.277964e-02,6.628673e-02,-2.199377e-01,-5.180170e-02,2.099406e-02,1.330010e-02,6.502045e-02,
-5.626256e-05,6.189444e-02,5.588501e-02,4.146505e-02,1.784152e-03,3.073359e-02,-2.521973e-02,-7.074683e-03,2.638052e-01,-1.441349e-02,7.337643e-03,4.695644e-02,1.691947e-01,2.701576e-01,-1.335291e-01,-3.160576e-03,-2.690471e-02,-2.837389e-02,-3.461417e-02,8.884486e-02,4.298905e-02,3.492039e-02,-1.094454e-01,-8.487680e-03,3.705935e-02,3.259859e-02,-5.126379e-02,3.513720e-02,1.169463e-02,-5.670566e-02,1.282168e-01,4.455507e-02,-8.296859e-02,-6.034087e-02,-4.378735e-03,-1.401358e-01,-1.483347e-01,3.242940e-02,-7.650182e-02,-1.259477e-01,7.131615e-02,-6.610340e-02,-1.371148e-01,7.338401e-02,-7.162677e-02,-2.557473e-01,-1.150595e-01,-2.601277e-02,-8.296474e-02,-1.059607e-01,
-8.593720e-03,6.249075e-02,1.331647e-02,-2.987813e-01,5.156447e-02,1.252984e-02,3.167925e-02,-2.297909e-01,-4.897075e-02,2.377051e-02,-1.781099e-02,-1.144380e-01,9.570069e-02,-4.382640e-02,9.489322e-02,3.582520e-02,-2.735354e-02,2.169364e-02,-2.020048e-01,2.383956e-02,-6.737739e-02,-8.879978e-02,-2.023179e-02,-1.520865e-02,3.351531e-02,-1.620230e-02,3.284925e-02,-7.067032e-04,-2.956450e-03,-4.507479e-02,-2.708188e-01,-1.224900e-01,-5.457601e-02,-8.312911e-02,1.669384e-01,-1.335955e-01,-4.613518e-02,-4.283966e-02,4.575676e-02,1.111250e-01,7.065773e-02,6.448653e-02,-9.245686e-03,1.174270e-01,-1.030807e-01,1.086631e-01,8.128864e-03,3.540700e-02,2.059092e-02,2.365283e-01,
-7.940430e-03,4.985552e-02,7.883095e-02,-1.727200e-01,5.455418e-02,1.927664e-03,3.830846e-02,2.887305e-02,-8.967272e-03,4.910721e-02,-1.512870e-02,4.769603e-02,-1.768900e-02,-4.633281e-02,1.454911e-01,5.836097e-02,9.307257e-03,4.476833e-02,-1.375181e-01,-4.670274e-02,-4.178749e-02,1.444762e-02,9.172514e-02,3.402636e-02,5.871346e-02,-9.114034e-03,3.640596e-03,-6.827877e-02,-9.999310e-03,2.146312e-01,7.960150e-02,-1.263409e-02,3.680860e-02,-1.094655e-01,-6.127738e-03,5.768197e-02,7.133793e-02,-6.834372e-02,1.262996e-01,-7.718869e-02,-1.485106e-01,4.082136e-02,2.426798e-02,5.707425e-02,-1.269506e-01,-5.542160e-02,9.625119e-03,1.537474e-02,-1.559703e-01,1.982006e-02,
-7.869821e-02,2.522159e-01,-4.427914e-02,1.354007e-01,4.515071e-02,-3.776713e-02,1.845061e-01,2.737308e-02,-7.378252e-02,2.551918e-02,8.174646e-02,3.301190e-02,-4.158266e-02,-3.201559e-02,3.455365e-03,8.720562e-03,1.129678e-01,1.654830e-01,1.614441e-02,-6.781304e-02,1.815841e-02,-1.128307e-01,-4.540466e-03,1.273969e-01,5.332820e-03,5.031117e-02,-5.455434e-02,5.458135e-02,-5.378371e-02,-2.860443e-02,1.950121e-01,4.680220e-02,-5.781039e-04,1.085117e-01,-1.533322e-02,-2.959223e-02,-5.827173e-02,2.905578e-02,3.397048e-02,4.973857e-02,-5.781752e-02,6.890763e-02,4.692611e-02,-7.402590e-02,-1.714200e-01,-4.690452e-02,1.140104e-01,-7.130297e-02,-5.076936e-03,9.682708e-02,
-1.884635e-02,3.255469e-02,1.857769e-01,2.078204e-01,2.338931e-02,-2.833376e-02,7.121776e-02,-3.523720e-02,4.605273e-03,1.526081e-02,1.681278e-02,9.125797e-02,-7.872089e-02,1.107155e-02,6.010780e-02,3.202244e-02,4.218330e-02,1.870206e-01,4.684929e-02,-1.895207e-03,-1.963013e-02,-1.210831e-01,5.749621e-02,7.275258e-02,7.180496e-03,1.058704e-01,1.952754e-01,1.003786e-02,-2.872604e-02,-1.140835e-01,-6.013395e-02,-1.673820e-02,4.495204e-03,1.100759e-01,3.642399e-02,-9.111430e-03,-1.219935e-01,1.125110e-01,3.436203e-02,1.515187e-02,1.991242e-01,7.378495e-02,4.313884e-02,-9.381326e-02,3.887501e-02,7.802253e-03,-2.037998e-01,-9.271312e-02,1.090909e-01,9.101264e-02,
-6.102304e-02,-1.045791e-02,5.087252e-02,3.769668e-02,-2.972243e-01,-8.877846e-02,-2.105685e-02,-1.972093e-02,1.520187e-02,1.098624e-01,1.001129e-01,7.284611e-02,-6.935409e-02,6.400348e-02,3.481102e-03,-2.114409e-01,-1.074728e-02,6.030504e-02,-6.798496e-03,1.394948e-01,-9.901356e-02,5.208460e-02,5.300230e-02,1.340448e-02,1.065570e-01,1.897460e-01,2.362936e-01,1.232511e-02,-5.085052e-02,1.573422e-02,-1.709613e-02,-2.335338e-01,-1.005984e-01,8.516709e-03,4.073080e-03,3.850681e-02,1.440152e-01,1.346290e-02,-9.973644e-02,-6.169400e-02,1.655962e-01,7.992803e-02,1.106734e-02,6.502695e-02,6.583599e-02,-2.502118e-01,-3.730526e-02,1.240623e-02,-1.193535e-02,1.052431e-01,
-3.347441e-03,-6.316088e-05,3.889416e-02,-7.927782e-03,-7.271645e-02,7.526366e-03,2.128364e-02,1.447710e-03,1.511597e-01,-3.262767e-04,2.622721e-02,-2.815882e-02,-4.375262e-02,1.373694e-01,-1.290734e-01,-5.477388e-02,-2.379960e-02,-1.683435e-01,-6.670543e-02,1.479990e-01,-5.055762e-02,1.929473e-02,-4.473249e-03,2.243979e-02,-3.688113e-02,-7.238922e-03,1.023268e-01,-4.349625e-02,-7.513458e-02,-2.307782e-02,9.738334e-02,3.697413e-02,-5.014150e-02,1.156830e-02,-1.940437e-01,3.856468e-02,-1.045230e-01,1.552071e-02,2.220715e-02,1.396265e-01,-1.178489e-01,-5.263198e-05,-2.480981e-03,4.956915e-02,-1.254349e-01,2.800675e-02,9.895092e-03,-4.876051e-02,5.226235e-03,-4.214007e-02,
-6.188151e-03,-1.305875e-03,4.043370e-02,-1.215610e-02,-9.533534e-04,6.023247e-02,1.390247e-02,-3.129915e-02,1.320002e-01,-5.659311e-02,9.961133e-03,-2.282211e-01,-6.821612e-03,6.066728e-02,-1.650299e-02,-5.811466e-02,2.391500e-02,-2.072571e-01,-5.541969e-02,-1.420212e-02,3.914316e-02,-6.198254e-03,1.691803e-02,1.165241e-01,-8.816883e-02,-4.870994e-02,6.858236e-02,4.546582e-02,-2.257393e-02,-6.815359e-02,-2.544837e-02,5.894321e-02,3.249269e-03,7.408474e-02,-1.179993e-01,1.860599e-02,8.271113e-02,-9.296004e-02,5.906067e-02,1.579041e-01,2.905750e-02,-2.025031e-01,7.301180e-02,-6.860650e-02,7.661872e-02,-1.411271e-01,-1.333564e-01,7.886088e-02,5.445436e-03,-1.421839e-01,
-1.697834e-03,6.523189e-05,5.319032e-02,-9.888039e-02,2.828560e-02,5.673539e-02,-2.504717e-02,-1.716796e-02,9.686637e-02,-2.075109e-02,-1.849550e-02,-5.888840e-02,1.512641e-02,-5.349242e-02,-2.362879e-02,4.412941e-02,-1.918214e-02,-1.617996e-01,1.520756e-02,-1.062709e-01,3.179433e-02,-2.219497e-02,-1.693038e-01,-6.251159e-03,-6.719257e-02,7.893349e-02,-6.300393e-02,4.798433e-02,4.155542e-02,-1.013144e-01,-4.986831e-02,1.407873e-03,-1.416349e-02,-6.505768e-02,1.932070e-02,-1.515849e-01,3.784882e-02,-4.205132e-02,-1.190829e-02,4.117628e-02,6.324724e-02,4.205057e-02,2.076955e-01,7.136678e-02,2.468487e-03,-3.748932e-02,-9.514405e-02,8.875300e-03,2.146821e-02,-9.061363e-02,
-2.684177e-01,-6.115370e-02,-5.133095e-02,1.140347e-01,1.468292e-01,4.577427e-02,3.946435e-02,-4.777830e-02,-1.140757e-01,3.738402e-02,1.095041e-01,6.586620e-02,-7.751093e-02,1.579598e-02,7.944089e-03,-4.390536e-02,-6.537047e-01,6.174090e-02,-3.618862e-02,-1.091669e-01,5.566028e-02,7.122858e-02,-1.037530e-02,9.605960e-02,8.092677e-04,-4.792017e-02,8.182234e-02,4.577473e-02,3.428579e-02,4.630814e-02,-3.615531e-02,-4.377813e-04,-3.908127e-02,-6.169072e-02,8.686450e-02,3.377831e-02,5.577169e-02,4.818342e-02,-9.822127e-02,7.461336e-02,-4.927830e-02,-2.330489e-02,-5.430757e-02,1.544368e-02,-1.839451e-01,-4.562184e-02,-1.324963e-01,1.336101e-01,3.648587e-02,2.215257e-02,
-3.053562e-02,5.201768e-03,8.190140e-02,3.799577e-02,3.924786e-02,3.213045e-02,9.592582e-02,-2.708211e-02,-1.146123e-02,3.324974e-02,1.929076e-02,2.148525e-02,2.508949e-02,1.636476e-02,1.310440e-01,5.750922e-02,-3.280344e-02,2.646765e-02,-5.109813e-02,5.828584e-02,-1.703343e-01,7.552241e-02,1.151104e-01,1.108240e-01,-9.480736e-03,-9.489134e-02,3.584956e-02,2.322092e-02,-5.475674e-02,-5.264137e-02,-5.703936e-02,-3.098528e-02,-8.954026e-02,-9.873349e-02,-4.892313e-02,2.077308e-02,-1.206008e-01,-6.328172e-03,-6.413459e-04,-9.893612e-03,-6.868858e-02,7.817007e-02,-6.624608e-02,5.771053e-02,4.840503e-02,-1.607504e-01,-4.768804e-02,-5.954682e-02,-1.716003e-02,7.277152e-02,
-3.294674e-02,1.887266e-01,-5.442069e-02,4.729948e-02,-1.867168e-02,8.496642e-03,1.009652e-02,-1.779715e-01,-4.042141e-02,1.135330e-02,2.415767e-02,-2.574015e-02,8.710055e-02,-3.221968e-02,2.775495e-02,1.583695e-01,1.556828e-01,8.292853e-02,2.014658e-02,3.537599e-02,-3.062354e-02,-1.993596e-01,-6.641840e-02,7.198552e-02,-2.301378e-01,2.753498e-02,4.555848e-02,1.435481e-01,-1.184446e-01,3.955823e-02,9.238549e-02,-1.356565e-01,-6.552737e-02,-3.518114e-02,-1.342540e-01,1.532005e-01,-9.037710e-02,5.567534e-02,-4.133284e-02,1.020857e-01,-8.159410e-02,6.827715e-02,-3.502775e-02,-5.125619e-02,6.042003e-02,4.796333e-02,-7.216151e-02,-5.346617e-03,5.476042e-03,-8.268994e-02,
-4.706078e-05,7.325210e-02,4.969203e-02,-5.610749e-03,3.848450e-03,4.569065e-02,-3.598048e-02,6.535274e-02,-2.890413e-03,5.286148e-02,-7.865729e-03,7.199193e-03,3.803708e-02,-8.097794e-03,2.616026e-02,1.024078e-01,4.867573e-03,2.764849e-02,-5.889993e-02,8.674733e-02,6.470476e-02,-2.586245e-01,5.126021e-02,-1.288850e-01,-8.136979e-02,6.708472e-02,-8.122334e-03,9.058426e-02,-8.582299e-02,-4.346855e-03,-2.166824e-02,-7.967366e-02,-6.297356e-02,1.223786e-01,-1.743095e-03,5.871325e-02,6.346355e-02,4.377380e-03,1.291763e-02,1.443707e-02,2.188597e-02,7.665729e-03,1.362841e-01,-3.102235e-02,-2.119982e-01,-1.648206e-01,-2.636645e-02,-1.092494e-01,2.065634e-01,2.548393e-02,
-4.878405e-05,1.112425e-01,-2.689865e-02,-1.296693e-01,-9.419929e-02,-3.548653e-02,-2.281052e-02,1.076769e-01,1.247128e-02,6.200604e-02,1.759537e-02,-1.303043e-01,-7.475625e-02,-2.458235e-02,1.589990e-01,5.782081e-02,3.087202e-02,-3.956596e-02,-4.846704e-02,-7.472495e-02,8.789499e-02,5.465372e-02,8.223263e-02,-2.075295e-01,2.661137e-02,-1.018073e-01,-4.346559e-02,1.269631e-02,-3.536384e-02,9.190544e-02,-1.095194e-02,-1.572807e-01,-4.163596e-02,5.482257e-02,-2.595268e-02,7.663243e-03,4.496495e-02,1.158253e-01,-1.239804e-01,2.404438e-02,1.998273e-01,-1.404096e-01,4.876582e-02,1.088582e-01,-5.286923e-03,-7.791087e-02,1.076695e-03,1.217682e-01,-1.162276e-02,3.663888e-02,
-1.469599e-04,1.305473e-02,2.781367e-02,-1.264201e-01,7.732613e-03,-2.854249e-02,-3.695043e-02,5.085529e-02,2.358316e-01,-2.187081e-02,-3.384655e-03,-3.290314e-02,-1.792219e-02,-1.061506e-01,4.664386e-02,-3.357052e-03,8.493732e-03,-1.096233e-01,-1.229922e-02,-8.172472e-02,-7.301783e-02,2.047699e-02,6.082527e-03,-1.309012e-01,-2.345981e-02,-7.189358e-02,-7.582602e-03,6.113372e-02,-4.220414e-02,-7.050961e-02,4.066452e-02,-2.386855e-02,-8.049804e-03,-4.063409e-02,1.347963e-01,3.761799e-02,-1.829179e-01,-6.881709e-02,5.131618e-02,1.815682e-01,1.515310e-01,-1.870692e-03,-7.763951e-02,5.637155e-02,-7.134555e-02,4.886796e-02,-5.375672e-02,5.767381e-02,1.526779e-01,-8.140435e-02,
-3.750104e-03,3.354038e-03,5.254484e-02,-1.572854e-02,6.169395e-03,-1.399545e-02,-4.292480e-03,1.505190e-02,1.309798e-01,-8.004217e-03,3.339180e-03,-7.818887e-02,-6.194105e-02,-4.816330e-02,-1.670508e-02,-2.205799e-01,4.778853e-03,-8.978790e-02,6.369643e-02,7.325009e-03,-7.447578e-02,-3.262643e-02,1.010224e-01,1.962238e-02,2.152192e-03,7.602502e-02,5.452477e-02,-9.179652e-02,3.642118e-02,-3.000573e-03,2.928249e-02,5.117316e-02,1.048146e-01,-1.462652e-02,5.921737e-02,-6.466578e-02,-1.854982e-02,-1.246136e-01,9.512140e-02,1.388559e-01,-3.534273e-02,1.996316e-02,3.617121e-02,-7.072891e-02,-1.193958e-01,5.618728e-03,9.183675e-02,1.880036e-02,8.950911e-02,1.456096e-02,
-2.386839e-02,-3.368512e-03,6.379088e-02,4.425064e-02,2.786353e-02,8.815039e-03,1.301738e-01,-7.298545e-04,-7.215955e-03,1.193647e-02,1.971256e-02,2.099617e-04,-1.077642e-01,-3.331776e-02,-4.713716e-02,-7.486817e-02,-7.713698e-02,-6.650700e-02,2.496509e-02,-1.379389e-02,2.732461e-02,3.131161e-02,-1.397861e-01,4.096451e-02,-6.765262e-03,7.149175e-02,1.189107e-01,6.131861e-02,1.088859e-01,1.512424e-01,1.073723e-01,2.617712e-02,-1.961439e-02,-7.608017e-02,1.644299e-02,3.727212e-02,1.168786e-02,2.695714e-01,-8.464566e-02,-1.056679e-01,-1.808588e-03,2.126748e-02,2.683105e-02,-1.085042e-04,4.913010e-02,5.270661e-03,2.565069e-02,-1.296703e-01,-2.821525e-02,4.293681e-02,
